Date,USD,JPY,GBP,CHF
2005-01-03,1.3507,138.84,0.70725,1.5444
2005-01-04,1.3365,138.49,0.7062,1.5477
2005-01-05,1.3224,138.09,0.70485,1.5528
2005-01-06,1.3183,138.3,0.7039,1.5498
2005-01-07,1.32,138.06,0.7028,1.5488
2005-01-10,1.3103,136.83,0.6978,1.5469
2005-01-11,1.3143,136.7,0.7001,1.547
2005-01-12,1.3139,135.47,0.6999,1.5488
2005-01-13,1.3232,135.71,0.703,1.5479
2005-01-14,1.3091,134.32,0.7006,1.5491
2005-01-17,1.3085,133.52,0.7031,1.545
2005-01-18,1.306,134.08,0.6978,1.5433
2005-01-19,1.3083,133.98,0.69655,1.5416
2005-01-20,1.2936,133.22,0.6933,1.5414
2005-01-21,1.2963,134.6,0.6953,1.5491
2005-01-24,1.3065,134.34,0.6956,1.5441
2005-01-25,1.3025,134.85,0.6956,1.546
2005-01-26,1.3005,134.47,0.6927,1.5505
2005-01-27,1.3026,134.78,0.6919,1.5468
2005-01-28,1.3035,134.69,0.69255,1.5461
2005-01-31,1.3035,134.96,0.6912,1.5473
2005-02-01,1.3027,135.16,0.69255,1.5516
2005-02-02,1.3061,135.3,0.6923,1.5528
2005-02-03,1.3001,135.54,0.6894,1.5583
2005-02-04,1.2958,134.71,0.6883,1.5591
2005-02-07,1.2844,133.98,0.6867,1.5593
2005-02-08,1.2764,134.85,0.6876,1.5591
2005-02-09,1.2762,134.85,0.6858,1.5575
2005-02-10,1.2777,135.96,0.68825,1.5588
2005-02-11,1.2855,136.11,0.6897,1.5551
2005-02-14,1.2967,136.2,0.6873,1.5545
2005-02-15,1.3016,136.42,0.6885,1.5507
2005-02-16,1.304,137.0,0.69135,1.5469
2005-02-17,1.3041,137.8,0.6912,1.5485
2005-02-18,1.3039,137.63,0.6891,1.5475
2005-02-21,1.3055,137.76,0.6891,1.5447
2005-02-22,1.3193,137.42,0.6913,1.538
2005-02-23,1.3203,138.45,0.6917,1.5389
2005-02-24,1.326,139.07,0.69395,1.5391
2005-02-25,1.3165,138.74,0.68975,1.5426
2005-02-28,1.3257,138.04,0.68975,1.5392
2005-03-01,1.3216,137.9,0.6879,1.5357
2005-03-02,1.3101,137.43,0.6859,1.5413
2005-03-03,1.3144,137.83,0.6878,1.5461
2005-03-04,1.3115,138.33,0.6876,1.5491
2005-03-07,1.3197,138.88,0.6896,1.5518
2005-03-08,1.3246,138.94,0.6889,1.5509
2005-03-09,1.3346,139.18,0.69385,1.5535
2005-03-10,1.3409,139.62,0.69645,1.5484
2005-03-11,1.3416,139.67,0.69865,1.55
2005-03-14,1.3372,140.12,0.6974,1.5516
2005-03-15,1.3383,139.74,0.6962,1.5503
2005-03-16,1.3373,139.33,0.696,1.5462
2005-03-17,1.3378,139.72,0.6959,1.5471
2005-03-18,1.3279,139.28,0.69345,1.5495
2005-03-21,1.3199,139.09,0.6941,1.5516
2005-03-22,1.3175,138.45,0.6941,1.5523
2005-03-23,1.305,137.7,0.6946,1.5557
2005-03-24,1.2982,138.1,0.6944,1.5538
2005-03-29,1.2926,138.61,0.68995,1.5522
2005-03-30,1.2943,139.13,0.6877,1.5513
2005-03-31,1.2964,138.44,0.6885,1.5486
2005-04-01,1.2959,139.07,0.68665,1.5527
2005-04-04,1.2883,139.18,0.687,1.5535
2005-04-05,1.281,139.16,0.6841,1.5541
2005-04-06,1.286,139.75,0.68505,1.5508
2005-04-07,1.2923,139.84,0.6874,1.5497
2005-04-08,1.2819,139.46,0.6859,1.5505
2005-04-11,1.2971,139.76,0.6864,1.5489
2005-04-12,1.2985,139.97,0.6854,1.5494
2005-04-13,1.2922,138.71,0.68335,1.5499
2005-04-14,1.282,138.64,0.68135,1.5547
2005-04-15,1.2868,139.08,0.682,1.5532
2005-04-18,1.2967,139.6,0.6832,1.5476
2005-04-19,1.2996,139.54,0.6807,1.545
2005-04-20,1.3049,139.5,0.6813,1.544
2005-04-21,1.3058,140.27,0.68475,1.5427
2005-04-22,1.3077,138.96,0.68285,1.5435
2005-04-25,1.2966,137.31,0.67865,1.5441
2005-04-26,1.2981,137.54,0.68115,1.5418
2005-04-27,1.292,137.35,0.6796,1.5434
2005-04-28,1.2905,136.63,0.6773,1.5397
2005-04-29,1.2957,136.24,0.6775,1.5374
2005-05-02,1.2863,135.54,0.67625,1.5402
2005-05-03,1.2856,135.23,0.67995,1.5438
2005-05-04,1.2953,135.21,0.68175,1.541
2005-05-05,1.2954,135.28,0.6807,1.5457
2005-05-06,1.2947,135.71,0.68205,1.5485
2005-05-09,1.2824,135.46,0.6815,1.5476
2005-05-10,1.2854,135.86,0.6828,1.5467
2005-05-11,1.2882,135.7,0.6841,1.5443
2005-05-12,1.2771,135.66,0.6833,1.5461
2005-05-13,1.2635,135.2,0.68015,1.5449
2005-05-16,1.2616,135.63,0.6869,1.5445
2005-05-17,1.2636,135.52,0.68735,1.543
2005-05-18,1.2621,135.44,0.68835,1.5426
2005-05-19,1.2642,135.62,0.6872,1.5433
2005-05-20,1.2607,135.98,0.68715,1.5483
2005-05-23,1.2548,135.45,0.6863,1.5467
2005-05-24,1.2617,135.39,0.68765,1.5467
2005-05-25,1.2564,135.33,0.68785,1.5458
2005-05-26,1.2523,135.58,0.6874,1.5472
2005-05-27,1.2551,135.27,0.6871,1.5479
2005-05-30,1.2472,134.68,0.68495,1.5447
2005-05-31,1.2331,133.47,0.6771,1.5372
2005-06-01,1.2228,132.84,0.67545,1.531
2005-06-02,1.2263,132.72,0.67535,1.5348
2005-06-03,1.2289,132.57,0.6757,1.5359
2005-06-06,1.2272,131.44,0.6748,1.5319
2005-06-07,1.2285,131.13,0.67155,1.5303
2005-06-08,1.2324,131.69,0.67095,1.5336
2005-06-09,1.2239,131.37,0.6713,1.5343
2005-06-10,1.2229,131.42,0.6704,1.5348
2005-06-13,1.2062,131.74,0.6683,1.5379
2005-06-14,1.211,132.33,0.6695,1.5397
2005-06-15,1.2069,132.06,0.6667,1.5388
2005-06-16,1.2115,132.26,0.66465,1.5395
2005-06-17,1.2177,132.47,0.6678,1.5441
2005-06-20,1.221,133.09,0.66855,1.5446
2005-06-21,1.2092,132.2,0.6645,1.5425
2005-06-22,1.2111,131.79,0.66515,1.5419
2005-06-23,1.2066,130.88,0.6624,1.5391
2005-06-24,1.2082,131.92,0.663,1.5412
2005-06-27,1.2164,132.91,0.6651,1.5429
2005-06-28,1.2095,132.94,0.6646,1.5445
2005-06-29,1.2054,133.03,0.6669,1.5471
2005-06-30,1.2092,133.95,0.6742,1.5499
2005-07-01,1.2087,134.24,0.679,1.5519
2005-07-04,1.1894,132.67,0.67645,1.5484
2005-07-05,1.1883,133.03,0.67735,1.5521
2005-07-06,1.1913,133.23,0.6785,1.5545
2005-07-07,1.1957,133.53,0.6851,1.5472
2005-07-08,1.1904,133.84,0.6863,1.553
2005-07-11,1.2006,134.4,0.688,1.5554
2005-07-12,1.2166,135.33,0.68815,1.5563
2005-07-13,1.2184,135.67,0.6899,1.5588
2005-07-14,1.2067,135.24,0.68645,1.5581
2005-07-15,1.2073,135.35,0.6862,1.5594
2005-07-18,1.2054,135.29,0.68995,1.5601
2005-07-19,1.1965,135.07,0.68785,1.5634
2005-07-20,1.2063,136.35,0.6943,1.5632
2005-07-21,1.2187,135.21,0.696,1.5603
2005-07-22,1.2143,134.98,0.6951,1.5635
2005-07-25,1.2065,134.87,0.6944,1.5635
2005-07-26,1.1987,134.56,0.68955,1.5603
2005-07-27,1.199,134.92,0.6903,1.5618
2005-07-28,1.21,136.0,0.6907,1.5625
2005-07-29,1.2093,135.91,0.6893,1.5607
2005-08-01,1.2219,136.67,0.6914,1.5591
2005-08-02,1.2217,136.07,0.6893,1.5566
2005-08-03,1.2308,136.81,0.6911,1.5585
2005-08-04,1.2319,137.33,0.69385,1.5571
2005-08-05,1.2386,138.13,0.6956,1.5593
2005-08-08,1.237,138.13,0.6916,1.5595
2005-08-09,1.2367,138.64,0.6929,1.556
2005-08-10,1.2377,137.4,0.69035,1.5566
2005-08-11,1.2405,136.94,0.68825,1.5537
2005-08-12,1.2457,136.32,0.68675,1.5533
2005-08-15,1.2374,135.54,0.6836,1.5513
2005-08-16,1.2313,134.63,0.68145,1.5518
2005-08-17,1.2296,134.85,0.6793,1.5486
2005-08-18,1.2213,134.82,0.67755,1.5463
2005-08-19,1.2183,134.51,0.6784,1.5488
2005-08-22,1.2231,133.93,0.67815,1.5513
2005-08-23,1.2233,134.61,0.6802,1.5534
2005-08-24,1.2211,134.77,0.68035,1.5545
2005-08-25,1.2272,135.02,0.682,1.5478
2005-08-26,1.2307,134.93,0.68185,1.5467
2005-08-29,1.2289,135.73,0.6816,1.5453
2005-08-30,1.2181,135.81,0.68275,1.5512
2005-08-31,1.2198,136.06,0.6829,1.5485
2005-09-01,1.2388,136.95,0.68335,1.5463
2005-09-02,1.2541,137.66,0.6818,1.5437
2005-09-05,1.2538,136.69,0.67855,1.5429
2005-09-06,1.2483,136.75,0.6767,1.5436
2005-09-07,1.2451,136.97,0.6771,1.5431
2005-09-08,1.2418,137.16,0.6762,1.543
2005-09-09,1.2415,136.63,0.67535,1.5435
2005-09-12,1.2313,135.2,0.67435,1.5443
2005-09-13,1.2276,136.17,0.6741,1.5474
2005-09-14,1.2314,135.42,0.6734,1.5469
2005-09-15,1.2223,134.89,0.6765,1.5469
2005-09-16,1.2243,135.78,0.6765,1.551
2005-09-19,1.2139,135.31,0.6728,1.5511
2005-09-20,1.2154,135.43,0.6734,1.5524
2005-09-21,1.2225,135.95,0.67505,1.5519
2005-09-22,1.2224,135.89,0.6787,1.5534
2005-09-23,1.2118,135.07,0.6785,1.5557
2005-09-26,1.2031,135.21,0.67895,1.5566
2005-09-27,1.2005,136.01,0.68025,1.5578
2005-09-28,1.2037,136.08,0.681,1.5556
2005-09-29,1.2063,135.92,0.6826,1.5578
2005-09-30,1.2042,136.25,0.68195,1.5561
2005-10-03,1.1933,136.07,0.68,1.5537
2005-10-04,1.1938,136.44,0.6786,1.5508
2005-10-05,1.1947,136.06,0.6779,1.5506
2005-10-06,1.2061,137.3,0.68175,1.546
2005-10-07,1.2144,137.82,0.687,1.5484
2005-10-10,1.2088,137.9,0.68825,1.5496
2005-10-11,1.2022,137.22,0.6865,1.5474
2005-10-12,1.2008,137.49,0.6865,1.5478
2005-10-13,1.198,137.54,0.6849,1.5514
2005-10-14,1.1999,137.67,0.6854,1.5506
2005-10-17,1.2022,138.0,0.6846,1.5536
2005-10-18,1.1937,138.29,0.68415,1.5558
2005-10-19,1.195,138.07,0.68005,1.5516
2005-10-20,1.1953,138.19,0.6767,1.5511
2005-10-21,1.2012,138.87,0.6771,1.5463
2005-10-24,1.1944,138.15,0.6759,1.5446
2005-10-25,1.2017,138.78,0.67665,1.5441
2005-10-26,1.2059,139.67,0.6798,1.5474
2005-10-27,1.213,139.89,0.6794,1.5462
2005-10-28,1.2138,140.03,0.6809,1.5459
2005-10-31,1.2023,139.64,0.67665,1.5455
2005-11-01,1.2008,140.02,0.679,1.5466
2005-11-02,1.1992,140.26,0.67895,1.5422
2005-11-03,1.2041,140.76,0.67825,1.5428
2005-11-04,1.1933,140.52,0.6764,1.5439
2005-11-07,1.1824,139.23,0.67655,1.5429
2005-11-08,1.1741,138.22,0.6761,1.5412
2005-11-09,1.1738,137.68,0.6753,1.5431
2005-11-10,1.1762,138.41,0.6729,1.5393
2005-11-11,1.1697,138.11,0.6731,1.5381
2005-11-14,1.1713,139.06,0.67285,1.5397
2005-11-15,1.1667,139.11,0.6732,1.5413
2005-11-16,1.1677,139.4,0.6769,1.5469
2005-11-17,1.1692,138.82,0.6795,1.5467
2005-11-18,1.1679,139.27,0.6815,1.5468
2005-11-21,1.1811,140.41,0.68675,1.5488
2005-11-22,1.1701,139.72,0.68465,1.5471
2005-11-23,1.1776,139.78,0.6846,1.5491
2005-11-24,1.1783,140.03,0.68345,1.5501
2005-11-25,1.1763,140.44,0.6834,1.5473
2005-11-28,1.1726,140.39,0.6855,1.5471
2005-11-29,1.1793,140.57,0.6843,1.5476
2005-11-30,1.1769,140.8,0.68215,1.5485
2005-12-01,1.1745,141.18,0.6798,1.5467
2005-12-02,1.1697,141.36,0.67745,1.5437
2005-12-05,1.1767,142.19,0.6773,1.5442
2005-12-06,1.1783,142.64,0.67905,1.541
2005-12-07,1.171,141.68,0.6769,1.5401
2005-12-08,1.1764,141.82,0.67495,1.5387
2005-12-09,1.1785,142.01,0.6732,1.5398
2005-12-12,1.1925,143.46,0.6743,1.5413
2005-12-13,1.1925,143.47,0.67425,1.5433
2005-12-14,1.202,142.23,0.6783,1.5421
2005-12-15,1.1999,139.28,0.6767,1.542
2005-12-16,1.1983,139.28,0.67745,1.546
2005-12-19,1.1977,139.24,0.6796,1.5505
2005-12-20,1.1955,139.36,0.6782,1.5521
2005-12-21,1.1872,139.18,0.67895,1.5529
2005-12-22,1.1822,138.84,0.681,1.5551
2005-12-23,1.1859,138.34,0.6834,1.5566
2005-12-27,1.1852,138.61,0.68295,1.5573
2005-12-28,1.1916,139.61,0.6863,1.5581
2005-12-29,1.1825,139.43,0.6883,1.5585
2005-12-30,1.1797,138.9,0.6853,1.5551
2006-01-02,1.1826,139.56,0.6865,1.5536
2006-01-03,1.1875,139.45,0.68725,1.5535
2006-01-04,1.2083,140.19,0.68815,1.5512
2006-01-05,1.2088,140.31,0.6888,1.5463
2006-01-06,1.2093,140.21,0.6888,1.5452
2006-01-09,1.2078,137.85,0.6834,1.5426
2006-01-10,1.2064,138.12,0.6833,1.5437
2006-01-11,1.2088,138.31,0.6884,1.5474
2006-01-12,1.2113,137.5,0.6846,1.5477
2006-01-13,1.2039,138.13,0.6814,1.5491
2006-01-16,1.2112,139.23,0.68545,1.5497
2006-01-17,1.2075,139.23,0.68535,1.5489
2006-01-18,1.2125,139.51,0.6864,1.5468
2006-01-19,1.2073,139.06,0.68785,1.5537
2006-01-20,1.2068,139.15,0.68525,1.5512
2006-01-23,1.2277,140.35,0.6878,1.5471
2006-01-24,1.2272,140.45,0.6878,1.5489
2006-01-25,1.2294,141.12,0.6867,1.5479
2006-01-26,1.2254,141.85,0.6859,1.55
2006-01-27,1.2172,142.19,0.6846,1.5526
2006-01-30,1.2082,141.99,0.68365,1.5555
2006-01-31,1.2118,142.17,0.6843,1.5547
2006-02-01,1.2092,142.22,0.6806,1.5538
2006-02-02,1.2066,143.04,0.6788,1.5555
2006-02-03,1.2061,143.05,0.6791,1.5549
2006-02-06,1.1981,142.28,0.6833,1.5558
2006-02-07,1.1973,141.24,0.6859,1.5549
2006-02-08,1.1948,141.51,0.6861,1.5529
2006-02-09,1.1972,141.91,0.6881,1.5563
2006-02-10,1.197,140.77,0.6839,1.5551
2006-02-13,1.1888,140.35,0.6837,1.5559
2006-02-14,1.1898,139.57,0.6858,1.5574
2006-02-15,1.1904,139.96,0.6835,1.5577
2006-02-16,1.1858,140.11,0.68425,1.5588
2006-02-17,1.1863,140.77,0.6839,1.5621
2006-02-20,1.1932,141.11,0.6848,1.5617
2006-02-21,1.1906,141.61,0.6821,1.5598
2006-02-22,1.1875,140.91,0.6828,1.5593
2006-02-23,1.1957,139.88,0.68185,1.5587
2006-02-24,1.1896,139.11,0.6803,1.5602
2006-02-27,1.1852,137.77,0.68105,1.5637
2006-02-28,1.1875,138.18,0.6796,1.5661
2006-03-01,1.1954,138.56,0.6806,1.5614
2006-03-02,1.1921,138.73,0.6831,1.5646
2006-03-03,1.202,139.96,0.685,1.5628
2006-03-06,1.2017,141.04,0.6855,1.5607
2006-03-07,1.1913,140.34,0.6858,1.5616
2006-03-08,1.1914,140.35,0.68605,1.5598
2006-03-09,1.192,140.1,0.6858,1.5635
2006-03-10,1.1919,141.11,0.6862,1.5664
2006-03-13,1.1922,141.94,0.69015,1.5686
2006-03-14,1.1948,141.31,0.68855,1.5671
2006-03-15,1.2026,141.31,0.6892,1.5653
2006-03-16,1.2069,142.06,0.69085,1.5674
2006-03-17,1.2185,141.47,0.6945,1.5735
2006-03-20,1.2174,141.07,0.6937,1.5717
2006-03-21,1.2144,141.61,0.6942,1.5738
2006-03-22,1.2069,141.34,0.6914,1.5736
2006-03-23,1.2055,141.12,0.69175,1.577
2006-03-24,1.1969,141.52,0.6908,1.5763
2006-03-27,1.2025,140.15,0.6883,1.5733
2006-03-28,1.2084,141.09,0.6907,1.5715
2006-03-29,1.2012,141.58,0.69185,1.5742
2006-03-30,1.2096,141.9,0.6946,1.5746
2006-03-31,1.2104,142.42,0.6964,1.5801
2006-04-03,1.2063,142.77,0.6977,1.5802
2006-04-04,1.2217,143.69,0.69835,1.5804
2006-04-05,1.2262,144.16,0.7006,1.5791
2006-04-06,1.2312,144.81,0.70055,1.5793
2006-04-07,1.2179,143.57,0.69645,1.5757
2006-04-10,1.2099,143.22,0.6938,1.5756
2006-04-11,1.2105,143.73,0.6939,1.5776
2006-04-12,1.2125,143.22,0.69165,1.5727
2006-04-13,1.2094,143.48,0.6903,1.5705
2006-04-18,1.2252,144.53,0.6915,1.5645
2006-04-19,1.2346,144.6,0.69135,1.5688
2006-04-20,1.2346,145.27,0.6924,1.5723
2006-04-21,1.2315,144.36,0.69245,1.5755
2006-04-24,1.2365,142.17,0.6919,1.5712
2006-04-25,1.2425,142.11,0.6944,1.5733
2006-04-26,1.2425,142.87,0.696,1.5776
2006-04-27,1.2414,142.71,0.6958,1.5814
2006-04-28,1.2537,143.29,0.6942,1.5713
2006-05-02,1.2643,143.48,0.68865,1.5622
2006-05-03,1.2622,143.38,0.6869,1.5623
2006-05-04,1.2592,143.62,0.684,1.5616
2006-05-05,1.2688,144.51,0.6868,1.5615
2006-05-08,1.2756,141.88,0.6846,1.5581
2006-05-09,1.2697,141.62,0.6835,1.5582
2006-05-10,1.2779,141.27,0.6861,1.5591
2006-05-11,1.2716,141.41,0.6824,1.5592
2006-05-12,1.2914,141.56,0.6808,1.5496
2006-05-15,1.2826,141.32,0.6812,1.5509
2006-05-16,1.2817,141.33,0.6811,1.5525
2006-05-17,1.2882,140.88,0.6793,1.5518
2006-05-18,1.277,141.94,0.67755,1.5493
2006-05-19,1.2767,142.64,0.6801,1.5561
2006-05-22,1.2753,143.55,0.6803,1.5509
2006-05-23,1.2841,143.04,0.6821,1.5517
2006-05-24,1.2851,143.86,0.68285,1.5509
2006-05-25,1.2755,143.08,0.68315,1.5558
2006-05-26,1.2797,143.5,0.685,1.5589
2006-05-29,1.2758,143.23,0.6855,1.5617
2006-05-30,1.2839,144.05,0.6847,1.5585
2006-05-31,1.2868,144.32,0.6859,1.56
2006-06-01,1.2736,144.19,0.6847,1.5628
2006-06-02,1.2815,144.59,0.68685,1.5629
2006-06-05,1.2958,144.66,0.6884,1.5597
2006-06-06,1.2847,144.74,0.6887,1.5608
2006-06-07,1.2789,144.89,0.6878,1.5613
2006-06-08,1.2735,145.66,0.6903,1.5617
2006-06-09,1.2659,144.25,0.68685,1.5569
2006-06-12,1.2572,143.89,0.6824,1.554
2006-06-13,1.2571,144.14,0.68335,1.5517
2006-06-14,1.2563,144.68,0.68265,1.5514
2006-06-15,1.261,144.84,0.68225,1.5522
2006-06-16,1.2651,145.41,0.6829,1.5562
2006-06-19,1.2591,145.43,0.68175,1.5573
2006-06-20,1.2546,144.43,0.6824,1.5596
2006-06-21,1.2632,145.22,0.6855,1.5618
2006-06-22,1.2582,145.48,0.68735,1.5636
2006-06-23,1.2502,145.5,0.688,1.5641
2006-06-26,1.2561,146.13,0.6901,1.5632
2006-06-27,1.2567,146.42,0.6907,1.5669
2006-06-28,1.257,146.12,0.69035,1.5631
2006-06-29,1.2529,146.0,0.6911,1.5644
2006-06-30,1.2713,145.75,0.6921,1.5672
2006-07-03,1.279,146.66,0.6933,1.5674
2006-07-04,1.2791,146.57,0.69285,1.5677
2006-07-05,1.2794,146.74,0.6937,1.5677
2006-07-06,1.2735,147.09,0.694,1.5685
2006-07-07,1.2778,146.59,0.69445,1.569
2006-07-10,1.2752,145.17,0.69205,1.5672
2006-07-11,1.2736,145.69,0.69225,1.5665
2006-07-12,1.2722,146.56,0.6915,1.5658
2006-07-13,1.2692,146.33,0.6897,1.562
2006-07-14,1.2666,146.83,0.6875,1.5607
2006-07-17,1.2541,146.66,0.6884,1.5628
2006-07-18,1.2531,146.61,0.6849,1.5641
2006-07-19,1.2482,146.91,0.68365,1.5692
2006-07-20,1.2643,147.68,0.683,1.5707
2006-07-21,1.268,146.96,0.6829,1.5708
2006-07-24,1.2633,147.32,0.6816,1.5746
2006-07-25,1.2636,147.52,0.6833,1.5737
2006-07-26,1.2587,147.1,0.68415,1.5756
2006-07-27,1.2737,147.25,0.6842,1.5743
2006-07-28,1.2664,146.57,0.6825,1.5725
2006-07-31,1.2767,145.82,0.6843,1.5713
2006-08-01,1.2759,146.42,0.6837,1.5718
2006-08-02,1.2798,146.88,0.68215,1.5729
2006-08-03,1.2781,146.84,0.67805,1.5746
2006-08-04,1.2792,147.66,0.6759,1.5779
2006-08-07,1.285,147.87,0.674,1.572
2006-08-08,1.2839,147.7,0.6738,1.5738
2006-08-09,1.2879,148.17,0.6753,1.5754
2006-08-10,1.2857,147.62,0.6752,1.5768
2006-08-11,1.2775,148.21,0.6738,1.5798
2006-08-14,1.2718,148.34,0.67435,1.5807
2006-08-15,1.2725,148.36,0.67365,1.5817
2006-08-16,1.2793,148.7,0.6762,1.5787
2006-08-17,1.2879,148.56,0.6791,1.5779
2006-08-18,1.2802,148.33,0.68035,1.5818
2006-08-21,1.2919,149.43,0.6808,1.5785
2006-08-22,1.2812,149.17,0.6784,1.5777
2006-08-23,1.2812,149.09,0.6773,1.5799
2006-08-24,1.2831,149.28,0.6774,1.5808
2006-08-25,1.2762,149.64,0.6762,1.5809
2006-08-28,1.28,149.85,0.6755,1.5802
2006-08-29,1.2808,149.54,0.6745,1.5774
2006-08-30,1.2818,150.08,0.67405,1.5768
2006-08-31,1.2851,150.56,0.6741,1.5751
2006-09-01,1.2817,150.3,0.6728,1.5791
2006-09-04,1.2852,149.22,0.67475,1.5812
2006-09-05,1.281,148.47,0.67495,1.5809
2006-09-06,1.2793,149.23,0.6791,1.5844
2006-09-07,1.2731,148.05,0.67955,1.5822
2006-09-08,1.2713,147.91,0.6793,1.5817
2006-09-11,1.2713,149.14,0.6816,1.5792
2006-09-12,1.2709,149.49,0.6785,1.5795
2006-09-13,1.2677,149.23,0.67655,1.5892
2006-09-14,1.2723,149.58,0.6743,1.5878
2006-09-15,1.2675,149.09,0.6739,1.5946
2006-09-18,1.2665,149.47,0.6748,1.5887
2006-09-19,1.2654,148.81,0.6732,1.5903
2006-09-20,1.2676,148.7,0.6731,1.5875
2006-09-21,1.2731,148.84,0.6706,1.5887
2006-09-22,1.2817,148.89,0.67365,1.5812
2006-09-25,1.2768,148.78,0.6712,1.5799
2006-09-26,1.2695,147.83,0.6695,1.5776
2006-09-27,1.2684,148.9,0.67105,1.5796
2006-09-28,1.2713,149.57,0.67715,1.5838
2006-09-29,1.266,149.34,0.6777,1.5881
2006-10-02,1.2685,149.99,0.6779,1.5841
2006-10-03,1.2737,149.86,0.6742,1.5848
2006-10-04,1.2684,149.8,0.6743,1.5888
2006-10-05,1.2721,149.45,0.6761,1.5887
2006-10-06,1.2664,149.47,0.6729,1.5881
2006-10-09,1.2603,150.09,0.6756,1.589
2006-10-10,1.2538,149.97,0.67475,1.5909
2006-10-11,1.2543,149.96,0.67575,1.5932
2006-10-12,1.2531,149.87,0.6753,1.5932
2006-10-13,1.255,149.84,0.6744,1.5932
2006-10-16,1.2515,149.13,0.6727,1.5918
2006-10-17,1.2524,148.67,0.6708,1.5895
2006-10-18,1.2543,148.83,0.67005,1.5897
2006-10-19,1.2561,149.08,0.6723,1.5897
2006-10-20,1.2618,149.29,0.6693,1.5867
2006-10-23,1.2556,149.71,0.6706,1.5904
2006-10-24,1.2541,149.98,0.67015,1.5918
2006-10-25,1.258,149.93,0.6702,1.5916
2006-10-26,1.2653,150.4,0.67155,1.5924
2006-10-27,1.2683,150.26,0.6706,1.5911
2006-10-30,1.2717,149.17,0.668,1.5882
2006-10-31,1.2696,149.59,0.6685,1.5887
2006-11-01,1.2757,149.24,0.66845,1.588
2006-11-02,1.2767,149.4,0.6691,1.5894
2006-11-03,1.276,149.62,0.6688,1.5929
2006-11-06,1.2702,150.45,0.6698,1.5965
2006-11-07,1.2755,150.37,0.66975,1.5963
2006-11-08,1.2776,150.35,0.67045,1.5952
2006-11-09,1.2796,151.16,0.6724,1.5967
2006-11-10,1.2864,151.17,0.6723,1.5933
2006-11-13,1.283,151.28,0.6737,1.5937
2006-11-14,1.2824,150.88,0.67605,1.5956
2006-11-15,1.2792,151.01,0.6784,1.599
2006-11-16,1.2804,151.16,0.6781,1.5977
2006-11-17,1.2774,151.17,0.6776,1.6008
2006-11-20,1.2841,151.57,0.6768,1.5928
2006-11-21,1.2814,151.24,0.6748,1.5933
2006-11-22,1.2886,150.75,0.6749,1.5884
2006-11-23,1.2953,150.61,0.6765,1.5843
2006-11-24,1.3078,151.36,0.6769,1.5826
2006-11-27,1.3114,152.24,0.6777,1.5855
2006-11-28,1.3147,152.99,0.67625,1.5866
2006-11-29,1.3157,153.01,0.6743,1.5889
2006-11-30,1.32,153.29,0.67425,1.5916
2006-12-01,1.3244,153.77,0.6729,1.5884
2006-12-04,1.3309,153.89,0.6734,1.5932
2006-12-05,1.3331,152.74,0.6743,1.5885
2006-12-06,1.3274,152.66,0.6754,1.5888
2006-12-07,1.3297,152.87,0.6761,1.5875
2006-12-08,1.3276,153.48,0.6776,1.5891
2006-12-11,1.3177,154.33,0.6762,1.5916
2006-12-12,1.3244,154.94,0.6746,1.5928
2006-12-13,1.3265,155.34,0.6728,1.5951
2006-12-14,1.3192,155.04,0.67155,1.5987
2006-12-15,1.3106,155.04,0.6699,1.5977
2006-12-18,1.3095,154.34,0.67155,1.5993
2006-12-19,1.3158,155.48,0.67125,1.6024
2006-12-20,1.3203,156.0,0.6702,1.6039
2006-12-21,1.3178,155.85,0.6716,1.6032
2006-12-22,1.3192,156.26,0.6715,1.6029
2006-12-27,1.3159,156.1,0.67085,1.6058
2006-12-28,1.3173,156.61,0.67115,1.6058
2006-12-29,1.317,156.93,0.6715,1.6069
2007-01-02,1.327,157.76,0.6735,1.6104
2007-01-03,1.3231,157.76,0.6747,1.6132
2007-01-04,1.3106,156.11,0.6739,1.6132
2007-01-05,1.3084,154.55,0.6747,1.6097
2007-01-08,1.3006,154.42,0.6731,1.6097
2007-01-09,1.3018,155.26,0.67025,1.6127
2007-01-10,1.2988,154.99,0.6702,1.6138
2007-01-11,1.2984,156.16,0.6654,1.6129
2007-01-12,1.2893,155.24,0.66165,1.6125
2007-01-15,1.2941,156.0,0.65845,1.6127
2007-01-16,1.2953,156.27,0.6592,1.6138
2007-01-17,1.2909,155.75,0.65685,1.6143
2007-01-18,1.2922,156.79,0.6565,1.6182
2007-01-19,1.2958,157.13,0.6565,1.6178
2007-01-22,1.2936,157.53,0.65485,1.6185
2007-01-23,1.304,158.02,0.6552,1.6167
2007-01-24,1.3005,158.06,0.6595,1.6195
2007-01-25,1.2978,156.88,0.6585,1.6154
2007-01-26,1.2901,156.71,0.65825,1.6184
2007-01-29,1.2921,157.7,0.6602,1.6216
2007-01-30,1.2972,157.99,0.6603,1.6236
2007-01-31,1.2954,157.27,0.66325,1.6214
2007-02-01,1.302,156.85,0.6613,1.6175
2007-02-02,1.302,157.63,0.66135,1.6175
2007-02-05,1.2925,155.85,0.66115,1.617
2007-02-06,1.2955,155.56,0.6578,1.61
2007-02-07,1.2987,156.74,0.6585,1.6111
2007-02-08,1.2991,157.68,0.6632,1.6232
2007-02-09,1.3007,158.06,0.66755,1.6249
2007-02-12,1.2956,157.94,0.66565,1.6238
2007-02-13,1.3022,157.99,0.66995,1.6233
2007-02-14,1.3082,158.55,0.6693,1.6268
2007-02-15,1.3137,157.78,0.67115,1.6267
2007-02-16,1.3119,156.27,0.6731,1.6212
2007-02-19,1.3132,157.01,0.6751,1.6215
2007-02-20,1.3145,158.01,0.6733,1.6256
2007-02-21,1.3145,158.91,0.6726,1.6267
2007-02-22,1.3106,159.0,0.6719,1.6281
2007-02-23,1.3134,159.35,0.6692,1.6262
2007-02-26,1.316,158.7,0.6706,1.6203
2007-02-27,1.323,157.68,0.6737,1.6183
2007-02-28,1.3211,156.45,0.67365,1.6136
2007-03-01,1.3225,155.42,0.67365,1.61
2007-03-02,1.3163,153.91,0.6768,1.6107
2007-03-05,1.3083,150.93,0.6822,1.6
2007-03-06,1.31,152.69,0.67965,1.604
2007-03-07,1.3135,152.81,0.6812,1.605
2007-03-08,1.3152,154.02,0.6814,1.6066
2007-03-09,1.3155,154.28,0.6806,1.6137
2007-03-12,1.3156,154.44,0.6822,1.6137
2007-03-13,1.3218,154.14,0.6831,1.6095
2007-03-14,1.3183,153.66,0.68535,1.607
2007-03-15,1.3226,155.09,0.68275,1.6088
2007-03-16,1.3325,155.62,0.6842,1.6059
2007-03-19,1.3303,156.17,0.68325,1.6107
2007-03-20,1.3296,156.15,0.6791,1.6123
2007-03-21,1.3293,156.64,0.6789,1.6153
2007-03-22,1.3351,157.27,0.67855,1.619
2007-03-23,1.3327,156.65,0.6778,1.6164
2007-03-26,1.3265,157.05,0.67635,1.6208
2007-03-27,1.3347,157.91,0.679,1.6211
2007-03-28,1.3348,156.38,0.6795,1.6164
2007-03-29,1.3352,156.75,0.6793,1.6215
2007-03-30,1.3318,157.32,0.6798,1.6247
2007-04-02,1.3366,157.35,0.6761,1.6226
2007-04-03,1.3358,158.53,0.6761,1.6275
2007-04-04,1.3352,158.7,0.67665,1.6292
2007-04-05,1.3373,159.0,0.6797,1.6309
2007-04-10,1.3426,160.05,0.6803,1.6361
2007-04-11,1.3418,160.0,0.6788,1.6382
2007-04-12,1.3467,160.62,0.6807,1.6404
2007-04-13,1.3532,160.55,0.6809,1.6361
2007-04-16,1.355,161.96,0.68055,1.6431
2007-04-17,1.3549,161.81,0.6763,1.6406
2007-04-18,1.3577,160.77,0.6773,1.6367
2007-04-19,1.3601,160.13,0.6793,1.6343
2007-04-20,1.3606,161.45,0.6793,1.6414
2007-04-23,1.3557,160.91,0.678,1.6423
2007-04-24,1.3582,161.39,0.6793,1.6387
2007-04-25,1.3649,161.95,0.681,1.6416
2007-04-26,1.3596,162.26,0.68215,1.6432
2007-04-27,1.3643,162.76,0.68225,1.6431
2007-04-30,1.3605,162.82,0.6827,1.6458
2007-05-02,1.3588,163.28,0.6821,1.6518
2007-05-03,1.3613,163.47,0.6828,1.6479
2007-05-04,1.3561,163.15,0.6828,1.6479
2007-05-07,1.3615,163.31,0.6823,1.6471
2007-05-08,1.3558,162.29,0.6803,1.6489
2007-05-09,1.3535,162.35,0.67985,1.6486
2007-05-10,1.3527,162.86,0.6807,1.6473
2007-05-11,1.3486,161.46,0.6813,1.6439
2007-05-14,1.3549,163.06,0.68435,1.6515
2007-05-15,1.3538,163.08,0.68485,1.6505
2007-05-16,1.3574,163.64,0.68485,1.6545
2007-05-17,1.3516,163.77,0.68385,1.6555
2007-05-18,1.3477,163.0,0.6839,1.6536
2007-05-21,1.3444,163.32,0.68265,1.6562
2007-05-22,1.3454,163.47,0.68175,1.6561
2007-05-23,1.349,163.85,0.6794,1.6537
2007-05-24,1.3448,163.2,0.6767,1.6508
2007-05-25,1.3441,163.5,0.6775,1.6499
2007-05-28,1.3453,163.71,0.67853,1.6525
2007-05-29,1.3509,164.23,0.6798,1.6504
2007-05-30,1.342,163.26,0.6795,1.6467
2007-05-31,1.3453,163.56,0.68005,1.6477
2007-06-01,1.3436,163.81,0.67925,1.6514
2007-06-04,1.3482,164.34,0.67795,1.6504
2007-06-05,1.3532,164.42,0.6783,1.6483
2007-06-06,1.3513,163.67,0.6783,1.6452
2007-06-07,1.347,163.43,0.679,1.6477
2007-06-08,1.3349,162.4,0.67885,1.6475
2007-06-11,1.3355,162.55,0.6784,1.6534
2007-06-12,1.3345,162.56,0.676,1.6556
2007-06-13,1.3287,162.52,0.6745,1.6532
2007-06-14,1.3304,163.56,0.67605,1.6549
2007-06-15,1.3314,164.42,0.67595,1.6576
2007-06-18,1.3404,165.46,0.6763,1.662
2007-06-19,1.3403,165.46,0.67465,1.6627
2007-06-20,1.3427,165.88,0.6737,1.6605
2007-06-21,1.3397,165.5,0.6721,1.6613
2007-06-22,1.3441,166.75,0.67305,1.6576
2007-06-25,1.3461,166.21,0.6735,1.6538
2007-06-26,1.346,165.78,0.67315,1.6547
2007-06-27,1.3438,164.69,0.67295,1.652
2007-06-28,1.3467,165.61,0.67215,1.6544
2007-06-29,1.3505,166.63,0.674,1.6553
2007-07-02,1.3588,166.66,0.67565,1.649
2007-07-03,1.3601,166.63,0.6751,1.655
2007-07-04,1.3618,166.87,0.67535,1.6558
2007-07-05,1.364,167.1,0.6756,1.6553
2007-07-06,1.3596,167.57,0.67635,1.6589
2007-07-09,1.3621,168.13,0.6763,1.6582
2007-07-10,1.3666,167.86,0.67735,1.6553
2007-07-11,1.3753,167.39,0.67695,1.6535
2007-07-12,1.3788,168.39,0.6783,1.6574
2007-07-13,1.3782,168.68,0.67795,1.6579
2007-07-16,1.3781,167.84,0.67655,1.6556
2007-07-17,1.3771,168.07,0.6732,1.6554
2007-07-18,1.3779,168.3,0.672,1.6572
2007-07-19,1.382,168.66,0.67455,1.6585
2007-07-20,1.3803,168.46,0.6722,1.662
2007-07-23,1.3821,167.58,0.67155,1.6633
2007-07-24,1.3833,167.22,0.6707,1.6645
2007-07-25,1.3743,165.55,0.66905,1.666
2007-07-26,1.3722,164.52,0.6708,1.6607
2007-07-27,1.3651,162.12,0.672,1.6525
2007-07-30,1.3659,161.58,0.6753,1.6437
2007-07-31,1.3707,163.59,0.674,1.6519
2007-08-01,1.3663,161.9,0.6746,1.6436
2007-08-02,1.3664,162.8,0.67325,1.6492
2007-08-03,1.3694,163.24,0.6733,1.6501
2007-08-06,1.3818,162.88,0.68015,1.6385
2007-08-07,1.3794,163.67,0.68055,1.6447
2007-08-08,1.3794,164.5,0.67795,1.6468
2007-08-09,1.3729,162.68,0.67705,1.6401
2007-08-10,1.365,160.37,0.67685,1.6314
2007-08-13,1.3651,161.47,0.67775,1.6394
2007-08-14,1.3591,160.74,0.6788,1.6421
2007-08-15,1.3476,157.39,0.6775,1.6383
2007-08-16,1.3405,153.19,0.6756,1.6302
2007-08-17,1.3454,152.74,0.6792,1.6245
2007-08-20,1.3476,155.14,0.6789,1.6284
2007-08-21,1.3508,154.98,0.68105,1.6248
2007-08-22,1.3493,155.32,0.67865,1.6306
2007-08-23,1.3574,158.26,0.6765,1.6387
2007-08-24,1.3615,157.7,0.67885,1.6362
2007-08-27,1.3658,158.63,0.6777,1.6436
2007-08-28,1.3664,157.55,0.6789,1.6366
2007-08-29,1.3631,156.48,0.6772,1.637
2007-08-30,1.361,157.33,0.678,1.6402
2007-08-31,1.3705,159.25,0.67795,1.6451
2007-09-03,1.3632,157.86,0.67575,1.6479
2007-09-04,1.358,156.84,0.6752,1.6466
2007-09-05,1.3588,157.11,0.676,1.6462
2007-09-06,1.3669,157.32,0.6773,1.6427
2007-09-07,1.3696,157.79,0.6773,1.6437
2007-09-10,1.3795,156.64,0.67945,1.6377
2007-09-11,1.3824,157.31,0.6802,1.6401
2007-09-12,1.3885,158.14,0.6837,1.6422
2007-09-13,1.3897,159.52,0.68525,1.6415
2007-09-14,1.386,159.2,0.68915,1.6463
2007-09-17,1.3877,159.45,0.6943,1.6458
2007-09-18,1.3867,160.16,0.6952,1.6479
2007-09-19,1.3975,161.8,0.69865,1.6493
2007-09-20,1.403,161.43,0.6988,1.6461
2007-09-21,1.4049,162.46,0.6973,1.6517
2007-09-24,1.4113,162.35,0.6969,1.654
2007-09-25,1.4106,161.24,0.70035,1.6488
2007-09-26,1.4127,162.93,0.7005,1.6527
2007-09-27,1.418,163.29,0.6993,1.6577
2007-09-28,1.4179,163.55,0.6968,1.6601
2007-10-01,1.4232,164.76,0.69735,1.6603
2007-10-02,1.4165,163.92,0.6938,1.6646
2007-10-03,1.4195,164.86,0.6956,1.6633
2007-10-04,1.4109,164.51,0.69355,1.6626
2007-10-05,1.4136,164.6,0.69285,1.6623
2007-10-08,1.4089,165.49,0.69125,1.6679
2007-10-09,1.4037,164.54,0.69185,1.6669
2007-10-10,1.4146,166.05,0.6926,1.672
2007-10-11,1.4199,166.96,0.697,1.6733
2007-10-12,1.4173,166.51,0.6985,1.6803
2007-10-15,1.4226,167.52,0.69695,1.6792
2007-10-16,1.415,165.17,0.6965,1.6753
2007-10-17,1.42,166.27,0.6973,1.6767
2007-10-18,1.4299,165.0,0.698,1.6697
2007-10-19,1.4288,164.86,0.6973,1.6714
2007-10-22,1.4166,161.4,0.6975,1.665
2007-10-23,1.4254,163.5,0.69575,1.6707
2007-10-24,1.423,162.67,0.6955,1.6706
2007-10-25,1.4309,163.64,0.69765,1.6701
2007-10-26,1.4384,164.5,0.701,1.6732
2007-10-29,1.4391,165.17,0.69895,1.6776
2007-10-30,1.4407,165.41,0.6972,1.6751
2007-10-31,1.4447,166.49,0.6973,1.6762
2007-11-01,1.4423,166.29,0.6924,1.6735
2007-11-02,1.4479,166.88,0.6951,1.673
2007-11-05,1.4488,165.39,0.6962,1.6687
2007-11-06,1.4547,166.9,0.69685,1.6658
2007-11-07,1.4722,166.07,0.6996,1.6589
2007-11-08,1.4666,165.9,0.69625,1.6601
2007-11-09,1.4683,163.22,0.7004,1.6483
2007-11-12,1.4579,159.55,0.70445,1.6403
2007-11-13,1.4607,160.96,0.7047,1.6436
2007-11-14,1.47,163.26,0.7104,1.645
2007-11-15,1.4639,161.98,0.71485,1.6454
2007-11-16,1.4651,161.98,0.71625,1.6406
2007-11-19,1.4654,161.58,0.71445,1.6379
2007-11-20,1.4785,162.85,0.71715,1.6408
2007-11-21,1.4814,160.92,0.7197,1.6379
2007-11-22,1.4829,161.22,0.71855,1.6352
2007-11-23,1.4809,159.87,0.72025,1.6322
2007-11-26,1.4845,160.96,0.71795,1.6372
2007-11-27,1.4874,160.11,0.71855,1.6326
2007-11-28,1.4747,162.02,0.71375,1.6463
2007-11-29,1.4738,162.26,0.71475,1.6505
2007-11-30,1.4761,163.43,0.71455,1.6541
2007-12-03,1.4666,161.82,0.7107,1.6568
2007-12-04,1.4741,161.85,0.7149,1.648
2007-12-05,1.472,162.33,0.7224,1.6458
2007-12-06,1.4554,161.55,0.7185,1.6503
2007-12-07,1.4649,163.38,0.7202,1.655
2007-12-10,1.4718,164.53,0.7195,1.6557
2007-12-11,1.4672,164.24,0.716,1.665
2007-12-12,1.4675,163.41,0.7196,1.6631
2007-12-13,1.4683,164.21,0.71935,1.6683
2007-12-14,1.4509,163.99,0.7157,1.6668
2007-12-17,1.4393,163.12,0.7137,1.6612
2007-12-18,1.4416,163.44,0.71485,1.6602
2007-12-19,1.4385,162.54,0.7175,1.66
2007-12-20,1.4349,162.3,0.7215,1.6603
2007-12-21,1.438,163.27,0.7236,1.6612
2007-12-24,1.4398,164.25,0.7271,1.6629
2007-12-27,1.4516,166.22,0.72885,1.6682
2007-12-28,1.4692,166.13,0.7348,1.6604
2007-12-31,1.4721,164.93,0.73335,1.6547
2008-01-02,1.4688,163.83,0.7413,1.6529
2008-01-03,1.4753,160.68,0.7448,1.6422
2008-01-04,1.4727,160.86,0.74495,1.6406
2008-01-07,1.4723,160.65,0.74625,1.6396
2008-01-08,1.4705,161.23,0.7445,1.6428
2008-01-09,1.468,160.61,0.74865,1.6362
2008-01-10,1.4662,161.08,0.7493,1.6294
2008-01-11,1.4792,161.18,0.7555,1.6312
2008-01-14,1.4895,160.55,0.76,1.6265
2008-01-15,1.4886,160.02,0.7565,1.6218
2008-01-16,1.4792,157.29,0.754,1.6142
2008-01-17,1.4691,157.07,0.74615,1.6144
2008-01-18,1.4674,157.7,0.7481,1.6144
2008-01-21,1.4482,153.85,0.74325,1.5991
2008-01-22,1.4494,154.13,0.74265,1.599
2008-01-23,1.4574,153.5,0.7472,1.5879
2008-01-24,1.4663,156.3,0.74685,1.598
2008-01-25,1.4705,158.35,0.7425,1.6136
2008-01-28,1.4755,157.67,0.743,1.6093
2008-01-29,1.4773,158.02,0.74295,1.6154
2008-01-30,1.481,158.39,0.7434,1.6135
2008-01-31,1.487,157.93,0.7477,1.6051
2008-02-01,1.4889,158.51,0.74955,1.6065
2008-02-04,1.4829,158.5,0.7502,1.6158
2008-02-05,1.4688,157.79,0.74605,1.6177
2008-02-06,1.4621,155.58,0.747,1.6061
2008-02-07,1.4569,154.59,0.7491,1.5985
2008-02-08,1.4513,155.89,0.7448,1.6014
2008-02-11,1.4542,155.42,0.7462,1.6005
2008-02-12,1.4538,156.18,0.7451,1.6041
2008-02-13,1.4586,156.83,0.74315,1.6083
2008-02-14,1.4626,158.22,0.7416,1.6112
2008-02-15,1.4674,157.78,0.7478,1.6022
2008-02-18,1.4636,158.36,0.7503,1.6129
2008-02-19,1.4742,158.64,0.7555,1.6123
2008-02-20,1.4656,158.32,0.7544,1.6116
2008-02-21,1.4736,159.27,0.7527,1.6205
2008-02-22,1.4848,158.76,0.7548,1.61
2008-02-25,1.4817,159.71,0.7537,1.6133
2008-02-26,1.4874,160.45,0.7536,1.6163
2008-02-27,1.5044,159.95,0.7576,1.6074
2008-02-28,1.5121,160.57,0.76135,1.6037
2008-02-29,1.5167,158.03,0.7652,1.5885
2008-03-03,1.5203,156.79,0.766,1.5787
2008-03-04,1.5206,156.78,0.7656,1.5773
2008-03-05,1.5196,157.65,0.7685,1.5807
2008-03-06,1.5319,158.55,0.7638,1.5818
2008-03-07,1.5417,157.47,0.7647,1.5735
2008-03-10,1.534,156.87,0.7605,1.5696
2008-03-11,1.5379,158.37,0.76455,1.579
2008-03-12,1.5477,158.45,0.7666,1.5817
2008-03-13,1.5577,156.45,0.7658,1.5727
2008-03-14,1.5561,157.07,0.76755,1.5741
2008-03-17,1.577,152.5,0.7857,1.5519
2008-03-18,1.5771,154.42,0.7817,1.561
2008-03-19,1.5692,156.16,0.7859,1.5662
2008-03-20,1.5423,153.2,0.7783,1.5632
2008-03-25,1.5569,155.9,0.78105,1.5728
2008-03-26,1.571,155.89,0.7881,1.5684
2008-03-27,1.5786,157.53,0.7829,1.5688
2008-03-28,1.5796,157.86,0.7908,1.5735
2008-03-31,1.5812,157.37,0.7958,1.5738
2008-04-01,1.566,157.55,0.7888,1.5737
2008-04-02,1.5632,159.4,0.7885,1.5814
2008-04-03,1.5526,159.75,0.7832,1.5845
2008-04-04,1.5722,160.88,0.7855,1.5872
2008-04-07,1.5693,161.13,0.78935,1.5917
2008-04-08,1.5694,160.75,0.7974,1.5914
2008-04-09,1.5726,161.36,0.7977,1.5935
2008-04-10,1.5875,159.18,0.8011,1.5735
2008-04-11,1.5833,159.83,0.8017,1.5808
2008-04-14,1.5869,159.38,0.7986,1.5777
2008-04-15,1.5828,159.87,0.8049,1.5817
2008-04-16,1.5928,161.41,0.8061,1.5896
2008-04-17,1.5872,162.74,0.8017,1.5992
2008-04-18,1.578,163.99,0.7907,1.6138
2008-04-21,1.5898,164.43,0.8007,1.6059
2008-04-22,1.5931,164.43,0.7998,1.6065
2008-04-23,1.594,164.3,0.80345,1.6077
2008-04-24,1.5769,163.07,0.798,1.6156
2008-04-25,1.5596,163.01,0.78605,1.617
2008-04-28,1.5628,163.55,0.7847,1.6181
2008-04-29,1.5571,161.73,0.78895,1.6153
2008-04-30,1.554,162.62,0.79015,1.6147
2008-05-02,1.5458,161.94,0.779,1.6238
2008-05-05,1.546,162.73,0.7852,1.6305
2008-05-06,1.5528,162.25,0.7881,1.6274
2008-05-07,1.543,162.55,0.78865,1.63
2008-05-08,1.5347,160.15,0.78505,1.621
2008-05-09,1.5458,158.81,0.7938,1.6086
2008-05-12,1.543,160.42,0.78885,1.622
2008-05-13,1.5473,160.71,0.7938,1.6227
2008-05-14,1.5439,162.48,0.7951,1.631
2008-05-15,1.5474,162.61,0.7972,1.6341
2008-05-16,1.5498,162.29,0.79585,1.6342
2008-05-19,1.5577,162.04,0.7976,1.6308
2008-05-20,1.5639,162.84,0.7964,1.6294
2008-05-21,1.5753,162.82,0.80145,1.6228
2008-05-22,1.5755,162.71,0.79405,1.6194
2008-05-23,1.5742,162.97,0.7944,1.6175
2008-05-26,1.5761,162.97,0.79655,1.6156
2008-05-27,1.576,163.65,0.797,1.6159
2008-05-28,1.5656,164.07,0.79315,1.6255
2008-05-29,1.5551,163.76,0.7866,1.6291
2008-05-30,1.5508,163.74,0.786,1.6276
2008-06-02,1.5521,162.64,0.7915,1.6182
2008-06-03,1.5593,163.0,0.79105,1.611
2008-06-04,1.5466,161.82,0.7902,1.6037
2008-06-05,1.5402,163.46,0.7897,1.6147
2008-06-06,1.5597,165.75,0.7971,1.6184
2008-06-09,1.5784,166.76,0.7974,1.6103
2008-06-10,1.5526,165.77,0.79335,1.608
2008-06-11,1.5515,166.37,0.79145,1.6117
2008-06-12,1.5417,166.08,0.7912,1.6112
2008-06-13,1.5336,166.05,0.78835,1.6113
2008-06-16,1.5459,167.26,0.7873,1.6129
2008-06-17,1.5477,167.59,0.7944,1.6169
2008-06-18,1.5493,167.62,0.7933,1.616
2008-06-19,1.5481,166.94,0.7863,1.6196
2008-06-20,1.561,167.83,0.78965,1.6165
2008-06-23,1.5521,167.46,0.79155,1.6223
2008-06-24,1.5568,168.0,0.79095,1.6185
2008-06-25,1.5599,168.4,0.7907,1.6218
2008-06-26,1.5731,169.23,0.79195,1.6184
2008-06-27,1.5748,167.08,0.79235,1.6053
2008-06-30,1.5764,166.44,0.79225,1.6056
2008-07-01,1.5775,166.57,0.7909,1.6055
2008-07-02,1.5806,168.41,0.7952,1.6135
2008-07-03,1.5885,168.62,0.7992,1.6097
2008-07-04,1.5671,167.31,0.7908,1.6085
2008-07-07,1.5651,168.47,0.7963,1.6149
2008-07-08,1.5687,167.96,0.7944,1.6098
2008-07-09,1.5715,168.87,0.79655,1.6225
2008-07-10,1.5708,168.5,0.79565,1.6223
2008-07-11,1.5835,168.35,0.79915,1.6197
2008-07-14,1.5847,169.24,0.7975,1.6232
2008-07-15,1.599,167.48,0.79555,1.6065
2008-07-16,1.5888,165.66,0.79395,1.604
2008-07-17,1.5849,167.43,0.7914,1.6145
2008-07-18,1.5816,169.03,0.79315,1.6207
2008-07-21,1.5858,169.65,0.7946,1.622
2008-07-22,1.5919,169.26,0.79355,1.6174
2008-07-23,1.5741,169.75,0.7872,1.6287
2008-07-24,1.5677,168.92,0.789,1.6273
2008-07-25,1.5734,168.77,0.7888,1.6268
2008-07-28,1.5746,169.63,0.7925,1.6285
2008-07-29,1.5705,169.33,0.78975,1.63
2008-07-30,1.5589,168.2,0.7867,1.6315
2008-07-31,1.5611,169.02,0.78895,1.6354
2008-08-01,1.5574,167.44,0.78785,1.6324
2008-08-04,1.5566,168.39,0.79165,1.6346
2008-08-05,1.5487,167.06,0.79285,1.6312
2008-08-06,1.5478,168.16,0.79205,1.6291
2008-08-07,1.5471,169.16,0.79255,1.6322
2008-08-08,1.5074,165.61,0.7841,1.6238
2008-08-11,1.5012,164.73,0.78165,1.6202
2008-08-12,1.4907,163.97,0.7844,1.6215
2008-08-13,1.4903,162.05,0.7942,1.6211
2008-08-14,1.4907,163.36,0.7953,1.6219
2008-08-15,1.4729,162.7,0.7907,1.6158
2008-08-18,1.4704,162.2,0.7881,1.617
2008-08-19,1.4677,161.11,0.7885,1.6109
2008-08-20,1.4734,162.22,0.79315,1.6177
2008-08-21,1.4814,160.35,0.7936,1.6172
2008-08-22,1.4808,162.55,0.7966,1.6228
2008-08-25,1.4767,162.32,0.7966,1.6214
2008-08-26,1.4598,160.19,0.7953,1.6138
2008-08-27,1.4767,160.98,0.7997,1.6132
2008-08-28,1.4771,161.44,0.8047,1.6108
2008-08-29,1.4735,160.22,0.805,1.6164
2008-09-01,1.4621,157.72,0.81165,1.6064
2008-09-02,1.4516,158.01,0.81295,1.6096
2008-09-03,1.4441,156.75,0.8133,1.605
2008-09-04,1.4488,156.76,0.813,1.6035
2008-09-05,1.4247,151.54,0.8093,1.5888
2008-09-08,1.4214,154.42,0.8072,1.6052
2008-09-09,1.4144,152.9,0.803,1.5995
2008-09-10,1.4094,150.52,0.802,1.5928
2008-09-11,1.3934,148.69,0.7941,1.5857
2008-09-12,1.4066,150.91,0.7962,1.5998
2008-09-15,1.4151,149.87,0.79395,1.5903
2008-09-16,1.4267,148.07,0.7975,1.5823
2008-09-17,1.4224,150.26,0.79515,1.5921
2008-09-18,1.4502,151.96,0.7944,1.5838
2008-09-19,1.4236,153.03,0.7873,1.5975
2008-09-22,1.4571,155.2,0.792,1.5988
2008-09-23,1.4731,155.42,0.79505,1.5926
2008-09-24,1.469,155.57,0.79235,1.5951
2008-09-25,1.47,155.91,0.792,1.5944
2008-09-26,1.464,154.13,0.79475,1.5879
2008-09-29,1.4349,152.3,0.7959,1.5845
2008-09-30,1.4303,150.47,0.7903,1.5774
2008-10-01,1.4081,149.55,0.7919,1.5818
2008-10-02,1.3903,146.45,0.7872,1.5732
2008-10-03,1.3834,145.09,0.78355,1.5654
2008-10-06,1.3634,140.78,0.7728,1.5534
2008-10-07,1.3632,139.51,0.77725,1.5526
2008-10-08,1.3731,138.42,0.7809,1.5541
2008-10-09,1.3682,137.84,0.7895,1.5462
2008-10-10,1.3579,134.68,0.798,1.5175
2008-10-13,1.3639,136.63,0.7854,1.5416
2008-10-14,1.3752,141.25,0.78105,1.5526
2008-10-15,1.3625,138.18,0.77615,1.5425
2008-10-16,1.3507,135.91,0.78265,1.5294
2008-10-17,1.3404,135.57,0.7751,1.5213
2008-10-20,1.3424,136.45,0.77165,1.5299
2008-10-21,1.3184,133.06,0.777,1.5224
2008-10-22,1.2843,126.88,0.78815,1.4991
2008-10-23,1.281,124.41,0.7917,1.4928
2008-10-24,1.2596,117.4,0.8061,1.4566
2008-10-27,1.246,115.75,0.8063,1.4438
2008-10-28,1.2526,119.42,0.7979,1.452
2008-10-29,1.277,124.0,0.7958,1.4695
2008-10-30,1.3035,128.73,0.7907,1.48
2008-10-31,1.2757,124.97,0.7869,1.4686
2008-11-03,1.2822,126.38,0.7969,1.4832
2008-11-04,1.282,127.35,0.8075,1.4943
2008-11-05,1.287,127.4,0.8065,1.5051
2008-11-06,1.277,124.86,0.805,1.4988
2008-11-07,1.2756,124.29,0.80845,1.4983
2008-11-10,1.2891,127.89,0.8165,1.5133
2008-11-11,1.2747,124.77,0.8147,1.4978
2008-11-12,1.253,121.81,0.8231,1.4868
2008-11-13,1.2525,120.34,0.8442,1.4917
2008-11-14,1.2675,122.17,0.8598,1.51
2008-11-17,1.266,121.93,0.84825,1.515
2008-11-18,1.2653,121.92,0.8421,1.5166
2008-11-19,1.2634,122.07,0.8398,1.5228
2008-11-20,1.2542,119.87,0.8421,1.529
2008-11-21,1.2602,119.3,0.841,1.5369
2008-11-24,1.2773,122.52,0.8517,1.5437
2008-11-25,1.2811,123.08,0.85375,1.544
2008-11-26,1.2935,123.1,0.8456,1.5456
2008-11-27,1.29,123.04,0.8358,1.545
2008-11-28,1.2727,121.46,0.8299,1.5455
2008-12-01,1.2608,118.42,0.84155,1.5262
2008-12-02,1.2697,118.56,0.84695,1.5311
2008-12-03,1.2623,117.39,0.85475,1.5332
2008-12-04,1.262,117.1,0.8626,1.5335
2008-12-05,1.2665,116.91,0.8666,1.538
2008-12-08,1.2854,120.1,0.8651,1.559
2008-12-09,1.2838,118.85,0.8711,1.5593
2008-12-10,1.2925,119.77,0.87325,1.5587
2008-12-11,1.3215,120.67,0.8869,1.5737
2008-12-12,1.334,120.21,0.89235,1.5746
2008-12-15,1.351,122.42,0.8994,1.5789
2008-12-16,1.369,123.2,0.8936,1.5814
2008-12-17,1.4059,124.35,0.91855,1.564
2008-12-18,1.4616,129.22,0.9509,1.5368
2008-12-19,1.394,124.74,0.9287,1.5448
2008-12-22,1.397,125.66,0.9432,1.5367
2008-12-23,1.3978,126.03,0.94395,1.5175
2008-12-24,1.4005,126.65,0.9493,1.5043
2008-12-29,1.427,128.98,0.97855,1.4931
2008-12-30,1.4098,127.4,0.9742,1.4963
2008-12-31,1.3917,126.14,0.9525,1.485
2009-01-02,1.3866,126.64,0.961,1.4874
2009-01-05,1.3582,126.81,0.9358,1.506
2009-01-06,1.3332,125.84,0.9176,1.5018
2009-01-07,1.3595,126.77,0.9043,1.5006
2009-01-08,1.3617,124.34,0.8933,1.4941
2009-01-09,1.3684,124.4,0.8948,1.4998
2009-01-12,1.3394,120.48,0.8956,1.5005
2009-01-13,1.3262,118.54,0.9112,1.4858
2009-01-14,1.3173,117.66,0.9083,1.4761
2009-01-15,1.3085,116.97,0.8966,1.4725
2009-01-16,1.327,120.11,0.8893,1.4863
2009-01-19,1.3182,119.16,0.9047,1.4812
2009-01-20,1.293,116.9,0.9311,1.4807
2009-01-21,1.291,116.11,0.9386,1.4764
2009-01-22,1.2984,114.98,0.9441,1.5036
2009-01-23,1.2795,113.65,0.9387,1.4955
2009-01-26,1.299,115.82,0.9395,1.5031
2009-01-27,1.3174,117.59,0.9352,1.5017
2009-01-28,1.326,118.57,0.92725,1.5163
2009-01-29,1.3111,118.07,0.91725,1.5063
2009-01-30,1.2816,114.98,0.89785,1.4871
2009-02-02,1.276,114.04,0.90335,1.4872
2009-02-03,1.2849,115.02,0.9029,1.4898
2009-02-04,1.2818,114.28,0.8901,1.4896
2009-02-05,1.2829,115.04,0.878,1.4919
2009-02-06,1.2796,116.7,0.8706,1.5012
2009-02-09,1.3008,119.21,0.871,1.506
2009-02-10,1.2967,118.39,0.8771,1.5061
2009-02-11,1.2938,116.5,0.9,1.4972
2009-02-12,1.2833,115.46,0.903,1.4885
2009-02-13,1.2823,117.59,0.88415,1.4931
2009-02-16,1.2765,117.33,0.8945,1.4883
2009-02-17,1.2634,116.2,0.8851,1.4813
2009-02-18,1.2596,116.83,0.8846,1.4792
2009-02-19,1.2705,118.99,0.8823,1.4922
2009-02-20,1.2591,118.62,0.881,1.4921
2009-02-23,1.2798,121.09,0.878,1.4908
2009-02-24,1.2763,122.4,0.8797,1.4805
2009-02-25,1.2795,123.76,0.8884,1.4848
2009-02-26,1.2782,125.33,0.8913,1.4848
2009-02-27,1.2644,123.23,0.8931,1.4841
2009-03-02,1.2596,122.52,0.8933,1.4809
2009-03-03,1.2615,123.64,0.89575,1.4826
2009-03-04,1.2555,124.67,0.8902,1.4782
2009-03-05,1.2555,124.71,0.8903,1.4765
2009-03-06,1.2658,122.53,0.89,1.4637
2009-03-09,1.2565,124.4,0.9114,1.4669
2009-03-10,1.2783,125.45,0.9229,1.4667
2009-03-11,1.2786,125.35,0.9255,1.4772
2009-03-12,1.2782,124.3,0.9308,1.5225
2009-03-13,1.2905,127.03,0.922,1.536
2009-03-16,1.3042,128.51,0.92055,1.5421
2009-03-17,1.2942,128.1,0.9265,1.5327
2009-03-18,1.313,128.94,0.9391,1.5332
2009-03-19,1.3671,129.67,0.9405,1.5385
2009-03-20,1.3549,129.87,0.9395,1.5291
2009-03-23,1.3558,131.12,0.92945,1.5301
2009-03-24,1.3507,132.68,0.9206,1.5267
2009-03-25,1.3494,132.24,0.92425,1.523
2009-03-26,1.3607,133.63,0.9316,1.5266
2009-03-27,1.3295,129.91,0.9285,1.5189
2009-03-30,1.3193,127.93,0.9291,1.5159
2009-03-31,1.3308,131.17,0.9308,1.5152
2009-04-01,1.3246,130.86,0.9206,1.5106
2009-04-02,1.3392,133.48,0.9129,1.526
2009-04-03,1.3425,134.08,0.9093,1.5236
2009-04-06,1.3496,136.02,0.9052,1.5247
2009-04-07,1.3255,132.8,0.90505,1.5169
2009-04-08,1.3231,132.37,0.89935,1.517
2009-04-09,1.3273,133.05,0.9044,1.526
2009-04-14,1.3276,132.57,0.8915,1.5151
2009-04-15,1.3173,130.7,0.8821,1.51
2009-04-16,1.3196,130.5,0.8856,1.5127
2009-04-17,1.3058,129.67,0.8828,1.5218
2009-04-20,1.2966,127.8,0.8896,1.5174
2009-04-21,1.2932,126.82,0.8886,1.5114
2009-04-22,1.2947,126.85,0.8882,1.5121
2009-04-23,1.305,128.28,0.8968,1.513
2009-04-24,1.3232,128.3,0.906,1.5102
2009-04-27,1.3125,126.82,0.90075,1.5078
2009-04-28,1.2992,125.08,0.89035,1.5038
2009-04-29,1.3266,128.53,0.89875,1.5064
2009-04-30,1.3275,130.34,0.89335,1.5066
2009-05-04,1.3223,131.52,0.8897,1.5093
2009-05-05,1.3403,132.59,0.8859,1.5113
2009-05-06,1.3322,131.17,0.8861,1.5089
2009-05-07,1.3363,132.72,0.8847,1.5166
2009-05-08,1.3425,133.36,0.8907,1.5142
2009-05-11,1.3574,132.82,0.8986,1.5057
2009-05-12,1.3683,132.9,0.8934,1.5088
2009-05-13,1.3623,130.9,0.8998,1.5054
2009-05-14,1.3563,129.41,0.8981,1.5053
2009-05-15,1.3518,128.67,0.8905,1.5023
2009-05-18,1.3494,129.28,0.8825,1.5115
2009-05-19,1.3612,130.91,0.8794,1.5146
2009-05-20,1.369,131.06,0.8826,1.5124
2009-05-21,1.3771,130.84,0.879,1.5174
2009-05-22,1.3972,131.41,0.8781,1.5217
2009-05-25,1.401,133.22,0.8803,1.5178
2009-05-26,1.3908,132.06,0.876,1.5144
2009-05-27,1.3901,132.48,0.8706,1.5135
2009-05-28,1.3856,134.38,0.87,1.5117
2009-05-29,1.4098,135.22,0.8729,1.5128
2009-06-01,1.422,134.89,0.868,1.514
2009-06-02,1.4238,136.09,0.8652,1.5137
2009-06-03,1.4207,136.33,0.8597,1.5175
2009-06-04,1.4095,136.32,0.8689,1.5126
2009-06-05,1.4177,137.48,0.8792,1.5191
2009-06-08,1.3866,136.53,0.8709,1.5166
2009-06-09,1.3959,136.8,0.8632,1.5158
2009-06-10,1.4102,138.03,0.8583,1.5158
2009-06-11,1.3969,137.39,0.8507,1.512
2009-06-12,1.4004,137.55,0.8538,1.5099
2009-06-15,1.385,136.08,0.8472,1.511
2009-06-16,1.389,134.78,0.8437,1.507
2009-06-17,1.384,133.28,0.8522,1.5096
2009-06-18,1.392,133.57,0.8583,1.5013
2009-06-19,1.3932,134.84,0.84715,1.5102
2009-06-22,1.3858,133.02,0.84255,1.5074
2009-06-23,1.3978,133.49,0.85735,1.5031
2009-06-24,1.4029,133.77,0.8493,1.5183
2009-06-25,1.394,134.34,0.8567,1.5311
2009-06-26,1.4096,134.5,0.8543,1.5275
2009-06-29,1.4058,134.03,0.84865,1.526
2009-06-30,1.4134,135.51,0.8521,1.5265
2009-07-01,1.4096,136.53,0.8562,1.5241
2009-07-02,1.4049,135.95,0.8573,1.5235
2009-07-03,1.4009,134.32,0.85625,1.5228
2009-07-06,1.3897,132.44,0.8612,1.5198
2009-07-07,1.4019,133.61,0.8638,1.5181
2009-07-08,1.3901,131.02,0.86495,1.5162
2009-07-09,1.399,130.05,0.8606,1.5119
2009-07-10,1.3901,128.21,0.858,1.514
2009-07-13,1.3975,129.03,0.8678,1.5133
2009-07-14,1.3991,130.34,0.85755,1.5159
2009-07-15,1.4089,131.57,0.8576,1.5179
2009-07-16,1.413,132.63,0.8591,1.5154
2009-07-17,1.409,132.06,0.8653,1.5193
2009-07-20,1.4217,134.44,0.8601,1.5198
2009-07-21,1.4223,134.1,0.8653,1.5186
2009-07-22,1.4191,132.49,0.8648,1.5164
2009-07-23,1.4229,134.23,0.8617,1.5203
2009-07-24,1.4227,134.92,0.867,1.5217
2009-07-27,1.4269,135.61,0.8653,1.5237
2009-07-28,1.4229,134.53,0.8622,1.5224
2009-07-29,1.4104,133.86,0.8611,1.5268
2009-07-30,1.4053,133.89,0.8524,1.5314
2009-07-31,1.4138,135.33,0.8556,1.5317
2009-08-03,1.4303,135.86,0.8492,1.5246
2009-08-04,1.4384,136.22,0.84845,1.5286
2009-08-05,1.441,137.38,0.84695,1.5316
2009-08-06,1.437,137.31,0.8524,1.529
2009-08-07,1.4357,136.89,0.8567,1.5288
2009-08-10,1.4202,138.01,0.85355,1.5345
2009-08-11,1.4166,136.72,0.8584,1.5301
2009-08-12,1.417,135.77,0.85965,1.5276
2009-08-13,1.4293,137.52,0.85865,1.5328
2009-08-14,1.4294,135.61,0.8616,1.5267
2009-08-17,1.4072,132.94,0.8629,1.5212
2009-08-18,1.4101,134.12,0.8566,1.5207
2009-08-19,1.4112,132.55,0.8608,1.5152
2009-08-20,1.4243,134.11,0.8638,1.5169
2009-08-21,1.433,134.19,0.8657,1.516
2009-08-24,1.4323,135.57,0.8682,1.5184
2009-08-25,1.4324,135.05,0.87405,1.5171
2009-08-26,1.427,134.32,0.878,1.5189
2009-08-27,1.4268,133.61,0.8804,1.5234
2009-08-28,1.4364,134.75,0.8784,1.517
2009-08-31,1.4272,133.1,0.88135,1.5168
2009-09-01,1.4314,133.26,0.8815,1.5153
2009-09-02,1.422,131.63,0.8751,1.5167
2009-09-03,1.4335,132.47,0.8747,1.5143
2009-09-04,1.4262,132.45,0.872,1.5157
2009-09-07,1.433,133.33,0.8735,1.5181
2009-09-08,1.4473,133.57,0.87365,1.5159
2009-09-09,1.4522,134.13,0.8793,1.5173
2009-09-10,1.4545,133.92,0.87575,1.5151
2009-09-11,1.4594,132.62,0.8739,1.5137
2009-09-14,1.4561,132.3,0.879,1.5133
2009-09-15,1.4611,133.26,0.8869,1.5162
2009-09-16,1.4671,132.6,0.8897,1.5196
2009-09-17,1.4712,134.38,0.8905,1.5187
2009-09-18,1.4705,134.17,0.9003,1.5146
2009-09-21,1.4658,135.46,0.9066,1.5182
2009-09-22,1.478,135.09,0.9047,1.5149
2009-09-23,1.4783,134.96,0.8994,1.5123
2009-09-24,1.4768,133.85,0.91065,1.5117
2009-09-25,1.467,132.59,0.91875,1.5118
2009-09-28,1.465,131.15,0.92265,1.5114
2009-09-29,1.4549,130.91,0.9118,1.5124
2009-09-30,1.4643,131.07,0.9093,1.5078
2009-10-01,1.4539,130.78,0.91085,1.5165
2009-10-02,1.4537,129.95,0.9172,1.5107
2009-10-05,1.4616,131.41,0.9171,1.5102
2009-10-06,1.4722,131.21,0.92605,1.5118
2009-10-07,1.4694,130.68,0.9249,1.515
2009-10-08,1.4763,130.46,0.92,1.5166
2009-10-09,1.475,131.12,0.92285,1.5187
2009-10-12,1.4765,132.99,0.9333,1.5175
2009-10-13,1.4864,133.02,0.9408,1.517
2009-10-14,1.4881,133.39,0.93025,1.5166
2009-10-15,1.4864,134.07,0.9147,1.5132
2009-10-16,1.4869,135.6,0.91175,1.518
2009-10-19,1.4918,135.66,0.9143,1.5138
2009-10-20,1.4971,135.53,0.9117,1.5121
2009-10-21,1.4921,135.82,0.9001,1.5112
2009-10-22,1.5,136.9,0.9053,1.5105
2009-10-23,1.502,137.97,0.9172,1.5132
2009-10-26,1.5019,138.09,0.9194,1.5131
2009-10-27,1.4874,136.91,0.90775,1.5145
2009-10-28,1.4785,134.76,0.9057,1.5109
2009-10-29,1.4788,135.13,0.8975,1.5109
2009-10-30,1.48,134.66,0.89375,1.5123
2009-11-02,1.4772,132.95,0.9033,1.5093
2009-11-03,1.4658,132.25,0.8986,1.5121
2009-11-04,1.4761,134.3,0.8936,1.5113
2009-11-05,1.4867,134.3,0.8953,1.5114
2009-11-06,1.4862,134.76,0.896,1.5115
2009-11-09,1.4984,134.81,0.89365,1.5103
2009-11-10,1.4966,134.51,0.8986,1.5115
2009-11-11,1.5037,135.11,0.9029,1.5104
2009-11-12,1.4922,134.32,0.902,1.5106
2009-11-13,1.4868,133.51,0.89125,1.5098
2009-11-16,1.4965,134.02,0.89485,1.5093
2009-11-17,1.4875,132.76,0.88625,1.5111
2009-11-18,1.4957,133.39,0.8895,1.5112
2009-11-19,1.4863,132.05,0.89385,1.5131
2009-11-20,1.4815,131.87,0.89915,1.5126
2009-11-23,1.4968,133.03,0.90075,1.5108
2009-11-24,1.4969,132.57,0.9031,1.511
2009-11-25,1.5083,132.1,0.9031,1.5095
2009-11-26,1.5071,130.7,0.911,1.5098
2009-11-27,1.4918,129.2,0.9091,1.5064
2009-11-30,1.5023,129.77,0.91155,1.5071
2009-12-01,1.5074,131.02,0.90985,1.5079
2009-12-02,1.509,131.55,0.9043,1.5072
2009-12-03,1.512,133.17,0.90915,1.5083
2009-12-04,1.5068,133.08,0.9048,1.5063
2009-12-07,1.4787,133.24,0.90505,1.5123
2009-12-08,1.4774,130.74,0.907,1.5111
2009-12-09,1.4768,129.91,0.9046,1.5114
2009-12-10,1.473,130.03,0.9043,1.5113
2009-12-11,1.4757,131.13,0.90515,1.5125
2009-12-14,1.4647,129.55,0.9006,1.5122
2009-12-15,1.4541,130.22,0.896,1.5123
2009-12-16,1.456,130.61,0.88945,1.5126
2009-12-17,1.4343,129.27,0.88995,1.5053
2009-12-18,1.4337,129.68,0.887,1.4958
2009-12-21,1.4368,130.1,0.8918,1.4938
2009-12-22,1.4279,130.83,0.89305,1.4987
2009-12-23,1.4276,130.95,0.8947,1.4895
2009-12-24,1.4398,131.73,0.9008,1.4882
2009-12-28,1.4405,131.86,0.90143,1.4888
2009-12-29,1.4433,132.44,0.9027,1.4882
2009-12-30,1.4338,132.35,0.904,1.4878
2009-12-31,1.4406,133.16,0.8881,1.4836
2010-01-04,1.4389,133.62,0.8914,1.4873
2010-01-05,1.4442,132.54,0.90045,1.4856
2010-01-06,1.435,132.69,0.8986,1.4823
2010-01-07,1.4304,133.5,0.8996,1.4832
2010-01-08,1.4273,133.36,0.8934,1.4815
2010-01-11,1.4528,134.23,0.8989,1.4755
2010-01-12,1.4481,132.41,0.8972,1.4743
2010-01-13,1.4563,133.02,0.8946,1.4788
2010-01-14,1.4486,132.88,0.8905,1.4804
2010-01-15,1.4374,130.76,0.88105,1.4756
2010-01-18,1.4369,130.33,0.8795,1.4745
2010-01-19,1.4279,129.79,0.8743,1.476
2010-01-20,1.4132,128.65,0.8692,1.4763
2010-01-21,1.4064,129.14,0.87,1.4723
2010-01-22,1.4135,127.35,0.8763,1.4708
2010-01-25,1.4151,127.74,0.8773,1.4728
2010-01-26,1.4085,126.31,0.8733,1.4723
2010-01-27,1.4072,125.95,0.86725,1.4721
2010-01-28,1.3999,126.36,0.8616,1.4725
2010-01-29,1.3966,126.15,0.86655,1.4662
2010-02-01,1.3913,125.6,0.87485,1.4725
2010-02-02,1.3937,126.2,0.87375,1.4733
2010-02-03,1.3984,126.73,0.8762,1.4738
2010-02-04,1.3847,125.68,0.8731,1.469
2010-02-05,1.3691,122.49,0.87325,1.4682
2010-02-08,1.3675,122.07,0.8761,1.4659
2010-02-09,1.376,123.4,0.8804,1.4672
2010-02-10,1.374,123.01,0.8798,1.4658
2010-02-11,1.3718,123.03,0.8775,1.4663
2010-02-12,1.3572,122.33,0.8691,1.465
2010-02-15,1.3607,122.42,0.8676,1.4661
2010-02-16,1.3649,122.68,0.8705,1.4678
2010-02-17,1.3726,124.69,0.869,1.4679
2010-02-18,1.3567,123.3,0.8704,1.4651
2010-02-19,1.3519,124.17,0.8783,1.4658
2010-02-22,1.3626,124.38,0.8797,1.4649
2010-02-23,1.3577,123.19,0.8802,1.4667
2010-02-24,1.3547,122.16,0.8775,1.4641
2010-02-25,1.3489,120.66,0.8809,1.4633
2010-02-26,1.357,120.92,0.8927,1.4638
2010-03-01,1.3525,120.67,0.9067,1.4644
2010-03-02,1.3548,120.68,0.90635,1.4628
2010-03-03,1.3641,121.1,0.9057,1.4629
2010-03-04,1.3668,120.86,0.905,1.4632
2010-03-05,1.3582,121.48,0.9025,1.4632
2010-03-08,1.3662,123.48,0.9024,1.4628
2010-03-09,1.3557,121.72,0.9064,1.4626
2010-03-10,1.361,123.16,0.9114,1.4618
2010-03-11,1.3657,123.84,0.9086,1.4622
2010-03-12,1.3765,124.57,0.9083,1.4597
2010-03-15,1.3705,124.3,0.9105,1.4527
2010-03-16,1.3723,124.22,0.9069,1.4516
2010-03-17,1.3756,124.43,0.8962,1.4511
2010-03-18,1.366,123.33,0.894,1.4474
2010-03-19,1.3548,122.86,0.8945,1.4374
2010-03-22,1.3471,121.25,0.899,1.4348
2010-03-23,1.3519,122.16,0.9005,1.4321
2010-03-24,1.3338,122.62,0.8946,1.4282
2010-03-25,1.3356,123.44,0.8944,1.428
2010-03-26,1.3353,124.0,0.9004,1.4286
2010-03-29,1.3471,124.75,0.8994,1.4329
2010-03-30,1.3482,124.8,0.8933,1.4316
2010-03-31,1.3479,125.93,0.8898,1.4276
2010-04-01,1.3468,126.28,0.88485,1.4179
2010-04-06,1.3396,126.04,0.8824,1.4325
2010-04-07,1.334,125.04,0.87885,1.4321
2010-04-08,1.3296,123.76,0.875,1.4324
2010-04-09,1.3384,125.34,0.872,1.4364
2010-04-12,1.3585,126.99,0.8825,1.4393
2010-04-13,1.3583,126.34,0.8812,1.437
2010-04-14,1.3615,127.42,0.8814,1.4368
2010-04-15,1.3544,126.18,0.87735,1.4343
2010-04-16,1.3535,125.3,0.8771,1.4338
2010-04-19,1.3432,123.5,0.8805,1.4345
2010-04-20,1.3486,125.32,0.8765,1.4334
2010-04-21,1.3373,124.65,0.869,1.4329
2010-04-22,1.3339,124.03,0.86675,1.4325
2010-04-23,1.3311,125.11,0.8673,1.4355
2010-04-26,1.3321,125.46,0.8624,1.4341
2010-04-27,1.329,124.7,0.86705,1.4353
2010-04-28,1.3245,124.48,0.8708,1.4341
2010-04-29,1.3256,124.76,0.86785,1.4348
2010-04-30,1.3315,125.81,0.8703,1.4341
2010-05-03,1.3238,124.95,0.868,1.4328
2010-05-04,1.3089,123.66,0.86325,1.4325
2010-05-05,1.2924,122.66,0.8551,1.4325
2010-05-06,1.2727,119.34,0.84295,1.4132
2010-05-07,1.2746,117.84,0.86805,1.4144
2010-05-10,1.2969,120.97,0.86405,1.4248
2010-05-11,1.2698,117.38,0.8596,1.4095
2010-05-12,1.2686,118.06,0.8494,1.4062
2010-05-13,1.2587,116.99,0.853,1.4011
2010-05-14,1.2492,115.55,0.8571,1.402
2010-05-17,1.2349,114.17,0.8554,1.4014
2010-05-18,1.2428,115.32,0.85895,1.4028
2010-05-19,1.227,112.49,0.85805,1.4043
2010-05-20,1.2334,111.93,0.8644,1.4179
2010-05-21,1.2497,112.08,0.87035,1.4408
2010-05-24,1.236,111.63,0.8608,1.4339
2010-05-25,1.2223,109.53,0.85205,1.4244
2010-05-26,1.2309,111.35,0.8547,1.4206
2010-05-27,1.2255,110.79,0.84625,1.4164
2010-05-28,1.2384,113.06,0.84995,1.4258
2010-05-31,1.2307,112.62,0.84863,1.423
2010-06-01,1.2155,110.65,0.8347,1.4183
2010-06-02,1.2218,112.36,0.83345,1.4148
2010-06-03,1.2268,113.74,0.8357,1.4149
2010-06-04,1.206,111.73,0.82745,1.3951
2010-06-07,1.1959,109.86,0.8246,1.3911
2010-06-08,1.1942,109.32,0.82805,1.3793
2010-06-09,1.201,109.99,0.8259,1.3762
2010-06-10,1.2045,109.84,0.8252,1.3788
2010-06-11,1.2127,111.13,0.8293,1.3893
2010-06-14,1.2249,112.43,0.8308,1.391
2010-06-15,1.2258,111.77,0.832,1.3998
2010-06-16,1.2277,112.15,0.83085,1.3888
2010-06-17,1.2363,112.89,0.8349,1.3778
2010-06-18,1.2372,112.12,0.8357,1.3745
2010-06-21,1.2391,113.1,0.8341,1.3738
2010-06-22,1.2258,111.09,0.834,1.3622
2010-06-23,1.2271,110.76,0.8229,1.3611
2010-06-24,1.2262,109.59,0.8185,1.3555
2010-06-25,1.2294,109.99,0.8236,1.3533
2010-06-28,1.2339,110.25,0.82,1.3387
2010-06-29,1.2198,108.31,0.8104,1.3258
2010-06-30,1.2271,108.79,0.81745,1.3283
2010-07-01,1.2328,108.14,0.82215,1.3178
2010-07-02,1.2548,109.88,0.8252,1.3376
2010-07-05,1.2531,109.93,0.8275,1.3325
2010-07-06,1.2579,110.46,0.8295,1.3373
2010-07-07,1.2567,109.56,0.8319,1.3312
2010-07-08,1.266,111.49,0.8356,1.3321
2010-07-09,1.2637,111.85,0.836,1.3331
2010-07-12,1.2572,111.35,0.8363,1.3349
2010-07-13,1.2569,110.95,0.8318,1.3337
2010-07-14,1.2703,112.49,0.8343,1.3428
2010-07-15,1.2828,113.11,0.83565,1.342
2010-07-16,1.3,112.54,0.84535,1.3543
2010-07-19,1.2957,112.84,0.8483,1.364
2010-07-20,1.2844,111.5,0.84745,1.3537
2010-07-21,1.2817,111.52,0.83945,1.344
2010-07-22,1.285,111.57,0.8428,1.3418
2010-07-23,1.2897,112.48,0.8372,1.3488
2010-07-26,1.2931,112.31,0.83425,1.3574
2010-07-27,1.3033,113.79,0.8382,1.3775
2010-07-28,1.2992,114.01,0.83395,1.376
2010-07-29,1.3069,113.64,0.8367,1.366
2010-07-30,1.3028,112.62,0.8349,1.3541
2010-08-02,1.3073,113.27,0.826,1.366
2010-08-03,1.3221,113.51,0.8298,1.3712
2010-08-04,1.3206,112.92,0.8284,1.373
2010-08-05,1.3184,113.66,0.8293,1.382
2010-08-06,1.3176,113.14,0.8301,1.383
2010-08-09,1.3253,113.48,0.8304,1.3771
2010-08-10,1.3133,113.23,0.8352,1.3895
2010-08-11,1.3016,110.56,0.8278,1.3695
2010-08-12,1.279,109.5,0.8206,1.3492
2010-08-13,1.2799,109.78,0.8212,1.3488
2010-08-16,1.282,109.49,0.8211,1.335
2010-08-17,1.286,109.66,0.823,1.3411
2010-08-18,1.288,109.93,0.8233,1.3423
2010-08-19,1.2836,109.82,0.82055,1.3331
2010-08-20,1.2711,108.54,0.8191,1.3151
2010-08-23,1.2704,108.23,0.8169,1.316
2010-08-24,1.2611,106.19,0.8193,1.3156
2010-08-25,1.2613,106.49,0.8185,1.2994
2010-08-26,1.2693,107.15,0.81745,1.3027
2010-08-27,1.2713,107.74,0.8206,1.3004
2010-08-30,1.27,107.54,0.8165,1.3055
2010-08-31,1.268,107.07,0.8248,1.2935
2010-09-01,1.28,107.54,0.83105,1.2967
2010-09-02,1.2818,107.81,0.83275,1.2953
2010-09-03,1.2834,108.38,0.8332,1.3043
2010-09-06,1.2874,108.42,0.83825,1.307
2010-09-07,1.2744,106.86,0.8316,1.2903
2010-09-08,1.2697,106.41,0.82205,1.2837
2010-09-09,1.2715,106.46,0.8258,1.2859
2010-09-10,1.2725,106.84,0.8234,1.302
2010-09-13,1.2801,107.69,0.8312,1.2991
2010-09-14,1.285,107.04,0.8343,1.2911
2010-09-15,1.2989,111.04,0.8355,1.3019
2010-09-16,1.3078,111.93,0.8372,1.3225
2010-09-17,1.306,111.98,0.83575,1.321
2010-09-20,1.3074,112.07,0.8383,1.316
2010-09-21,1.312,112.05,0.84545,1.3156
2010-09-22,1.3364,113.14,0.8553,1.3217
2010-09-23,1.3323,112.49,0.8505,1.3138
2010-09-24,1.3412,113.2,0.85345,1.3163
2010-09-27,1.3477,113.52,0.8504,1.3257
2010-09-28,1.346,113.22,0.84985,1.3272
2010-09-29,1.3611,113.85,0.8618,1.3295
2010-09-30,1.3648,113.68,0.85995,1.3287
2010-10-01,1.3726,114.26,0.8676,1.3423
2010-10-04,1.3705,114.1,0.8656,1.3327
2010-10-05,1.378,114.8,0.8667,1.3348
2010-10-06,1.3856,114.98,0.8726,1.3361
2010-10-07,1.397,115.1,0.87465,1.3415
2010-10-08,1.3874,114.21,0.8751,1.342
2010-10-11,1.3936,114.24,0.8746,1.3412
2010-10-12,1.3833,113.35,0.8736,1.3298
2010-10-13,1.3958,114.23,0.8812,1.3352
2010-10-14,1.4101,114.43,0.8792,1.3386
2010-10-15,1.4089,114.28,0.8775,1.3423
2010-10-18,1.3896,113.0,0.8747,1.3359
2010-10-19,1.3859,113.16,0.8806,1.3405
2010-10-20,1.3861,112.59,0.882,1.3355
2010-10-21,1.4016,113.65,0.8902,1.3493
2010-10-22,1.3934,113.18,0.8873,1.3533
2010-10-25,1.4031,113.21,0.89255,1.3618
2010-10-26,1.3912,113.11,0.87685,1.3558
2010-10-27,1.3803,112.78,0.87235,1.3639
2010-10-28,1.3857,112.57,0.8704,1.3668
2010-10-29,1.3857,111.87,0.8686,1.3708
2010-11-01,1.3926,111.94,0.86675,1.3756
2010-11-02,1.4018,113.18,0.8749,1.3766
2010-11-03,1.4014,113.67,0.8703,1.3761
2010-11-04,1.4244,115.15,0.87585,1.3782
2010-11-05,1.4084,114.41,0.8679,1.3546
2010-11-08,1.3917,112.88,0.8627,1.3435
2010-11-09,1.3945,112.44,0.86235,1.342
2010-11-10,1.377,113.48,0.85685,1.3402
2010-11-11,1.37,112.78,0.8491,1.3282
2010-11-12,1.3711,112.59,0.8507,1.3357
2010-11-15,1.3626,113.31,0.8479,1.3428
2010-11-16,1.3612,113.21,0.851,1.3408
2010-11-17,1.3481,112.5,0.84895,1.3426
2010-11-18,1.3647,113.72,0.8522,1.3475
2010-11-19,1.3674,114.09,0.8552,1.3607
2010-11-22,1.3647,113.97,0.8549,1.3505
2010-11-23,1.3496,112.5,0.84795,1.3338
2010-11-24,1.3339,111.28,0.8438,1.3276
2010-11-25,1.3321,111.35,0.84645,1.3326
2010-11-26,1.3225,110.92,0.8447,1.3252
2010-11-29,1.3146,110.73,0.844,1.3186
2010-11-30,1.2998,109.0,0.83765,1.299
2010-12-01,1.3115,110.37,0.8393,1.3178
2010-12-02,1.3155,110.97,0.8445,1.316
2010-12-03,1.3246,110.86,0.848,1.3143
2010-12-06,1.328,110.06,0.8472,1.3084
2010-12-07,1.3363,110.43,0.8467,1.3062
2010-12-08,1.32,111.08,0.8367,1.306
2010-12-09,1.3214,111.02,0.8382,1.306
2010-12-10,1.3244,110.8,0.83715,1.2998
2010-12-13,1.3267,111.55,0.84375,1.2987
2010-12-14,1.3435,111.63,0.84865,1.2916
2010-12-15,1.336,111.88,0.8529,1.2826
2010-12-16,1.3238,111.28,0.84795,1.2849
2010-12-17,1.326,111.26,0.85185,1.2738
2010-12-20,1.3147,110.1,0.8462,1.2698
2010-12-21,1.3155,110.0,0.8503,1.2613
2010-12-22,1.3112,109.68,0.8492,1.2502
2010-12-23,1.3064,108.95,0.8482,1.2553
2010-12-24,1.3099,108.63,0.8496,1.2618
2010-12-27,1.3136,108.89,0.8523,1.2626
2010-12-28,1.3195,108.2,0.85345,1.2513
2010-12-29,1.3136,107.99,0.8539,1.2483
2010-12-30,1.328,108.24,0.8602,1.2475
2010-12-31,1.3362,108.65,0.86075,1.2504
2011-01-03,1.3348,108.7,0.86131,1.2465
2011-01-04,1.3421,110.2,0.85875,1.2669
2011-01-05,1.3213,108.72,0.8483,1.2617
2011-01-06,1.3091,108.92,0.8445,1.2677
2011-01-07,1.2961,108.29,0.8383,1.2512
2011-01-10,1.2903,107.17,0.8318,1.2459
2011-01-11,1.2948,107.61,0.8319,1.2538
2011-01-12,1.2973,108.17,0.83155,1.2622
2011-01-13,1.3199,109.5,0.83575,1.2823
2011-01-14,1.3349,110.71,0.8422,1.2915
2011-01-17,1.3311,109.91,0.8361,1.2854
2011-01-18,1.3371,110.29,0.83565,1.2812
2011-01-19,1.3506,110.85,0.8433,1.2964
2011-01-20,1.3472,110.93,0.8436,1.2873
2011-01-21,1.3521,111.87,0.84825,1.3013
2011-01-24,1.3571,112.46,0.8516,1.2989
2011-01-25,1.3596,112.08,0.862,1.2871
2011-01-26,1.3681,112.47,0.86325,1.2922
2011-01-27,1.3716,113.9,0.85955,1.294
2011-01-28,1.371,112.76,0.8609,1.2942
2011-01-31,1.3692,112.49,0.8609,1.2891
2011-02-01,1.3755,112.19,0.8536,1.2954
2011-02-02,1.3803,112.35,0.8519,1.2922
2011-02-03,1.3745,112.46,0.84865,1.2987
2011-02-04,1.3631,111.42,0.8472,1.2954
2011-02-07,1.3553,111.52,0.8402,1.2953
2011-02-08,1.3635,112.09,0.8486,1.303
2011-02-09,1.3647,112.65,0.85,1.3152
2011-02-10,1.3604,112.71,0.8478,1.3105
2011-02-11,1.3524,113.01,0.8457,1.3163
2011-02-14,1.344,112.15,0.84,1.3065
2011-02-15,1.351,113.21,0.8375,1.3124
2011-02-16,1.351,113.12,0.8419,1.3073
2011-02-17,1.356,113.39,0.8409,1.2973
2011-02-18,1.3627,113.62,0.8395,1.2973
2011-02-21,1.3668,113.68,0.8425,1.296
2011-02-22,1.3667,113.63,0.84584,1.2844
2011-02-23,1.3731,113.69,0.8459,1.2853
2011-02-24,1.3773,112.69,0.8513,1.2748
2011-02-25,1.3762,112.52,0.8553,1.2799
2011-02-28,1.3834,113.26,0.8528,1.284
2011-03-01,1.3825,113.39,0.8494,1.2849
2011-03-02,1.3809,113.33,0.8478,1.2799
2011-03-03,1.385,113.43,0.8513,1.2844
2011-03-04,1.3957,115.63,0.85805,1.3
2011-03-07,1.4028,115.15,0.861,1.296
2011-03-08,1.3898,114.64,0.8605,1.2949
2011-03-09,1.3928,115.14,0.859,1.292
2011-03-10,1.3817,114.78,0.85655,1.2914
2011-03-11,1.3773,113.24,0.8612,1.2842
2011-03-14,1.3948,114.16,0.8659,1.2941
2011-03-15,1.3884,112.39,0.8674,1.2756
2011-03-16,1.3951,112.43,0.8673,1.2755
2011-03-17,1.4004,110.42,0.86745,1.2625
2011-03-18,1.413,114.68,0.8738,1.2758
2011-03-21,1.4194,115.04,0.8717,1.2836
2011-03-22,1.4211,115.15,0.8678,1.2843
2011-03-23,1.4136,114.42,0.8699,1.2746
2011-03-24,1.4128,114.34,0.8741,1.2817
2011-03-25,1.4115,114.57,0.8778,1.2915
2011-03-28,1.4032,114.59,0.87825,1.2908
2011-03-29,1.4066,115.6,0.88145,1.2957
2011-03-30,1.409,117.01,0.8789,1.2993
2011-03-31,1.4207,117.61,0.8837,1.3005
2011-04-01,1.4141,118.56,0.8815,1.3059
2011-04-04,1.424,119.56,0.88095,1.313
2011-04-05,1.4166,119.4,0.87285,1.3091
2011-04-06,1.43,121.82,0.8775,1.3097
2011-04-07,1.4283,121.7,0.8759,1.3118
2011-04-08,1.4401,122.8,0.88095,1.3163
2011-04-11,1.4434,122.26,0.8836,1.3129
2011-04-12,1.447,121.87,0.88845,1.3017
2011-04-13,1.4493,121.84,0.8898,1.2995
2011-04-14,1.4401,119.85,0.8825,1.2879
2011-04-15,1.445,120.37,0.8838,1.2897
2011-04-18,1.4275,118.25,0.8775,1.2821
2011-04-19,1.4302,118.23,0.878,1.2842
2011-04-20,1.4515,120.13,0.8867,1.2944
2011-04-21,1.4584,119.52,0.8813,1.2851
2011-04-26,1.4617,119.43,0.88715,1.283
2011-04-27,1.4668,120.66,0.8864,1.2886
2011-04-28,1.4794,120.97,0.8888,1.2954
2011-04-29,1.486,120.67,0.8917,1.2867
2011-05-02,1.4837,120.85,0.8892,1.2856
2011-05-03,1.478,119.36,0.89695,1.278
2011-05-04,1.4882,120.62,0.8999,1.2826
2011-05-05,1.4814,118.2,0.89865,1.273
2011-05-06,1.4501,116.5,0.8839,1.2668
2011-05-09,1.4397,116.28,0.87925,1.2617
2011-05-10,1.4358,115.72,0.8779,1.2602
2011-05-11,1.4357,116.47,0.87075,1.2661
2011-05-12,1.4153,114.54,0.87015,1.2584
2011-05-13,1.428,115.32,0.87795,1.2667
2011-05-16,1.4143,114.35,0.8725,1.2542
2011-05-17,1.4171,115.69,0.8729,1.2553
2011-05-18,1.4227,115.45,0.88065,1.2545
2011-05-19,1.4265,116.83,0.8813,1.2616
2011-05-20,1.4237,116.27,0.87705,1.2477
2011-05-23,1.402,114.68,0.86975,1.238
2011-05-24,1.4089,115.45,0.87285,1.2405
2011-05-25,1.4069,115.47,0.8672,1.2324
2011-05-26,1.4168,115.95,0.8685,1.2343
2011-05-27,1.4265,115.7,0.86685,1.2221
2011-05-30,1.4272,115.36,0.8671,1.2147
2011-05-31,1.4385,117.22,0.87205,1.2275
2011-06-01,1.4408,117.11,0.87705,1.2182
2011-06-02,1.446,116.6,0.88295,1.2167
2011-06-03,1.4488,116.89,0.8875,1.2197
2011-06-06,1.4596,117.05,0.8903,1.2235
2011-06-07,1.4652,117.55,0.89245,1.2237
2011-06-08,1.4608,116.6,0.8929,1.2224
2011-06-09,1.4614,116.86,0.8894,1.2242
2011-06-10,1.4486,116.0,0.8884,1.219
2011-06-13,1.4354,115.39,0.8806,1.2023
2011-06-14,1.4448,115.91,0.881,1.2116
2011-06-15,1.4292,115.54,0.8797,1.2164
2011-06-16,1.4088,113.63,0.8753,1.1958
2011-06-17,1.427,114.71,0.8826,1.2103
2011-06-20,1.4235,114.24,0.8795,1.2039
2011-06-21,1.4373,115.2,0.8867,1.2127
2011-06-22,1.4397,115.36,0.8931,1.2109
2011-06-23,1.4212,114.58,0.8896,1.1963
2011-06-24,1.422,114.06,0.88855,1.1902
2011-06-27,1.4205,114.74,0.8897,1.1849
2011-06-28,1.4261,115.31,0.8942,1.1884
2011-06-29,1.4425,116.93,0.8998,1.2036
2011-06-30,1.4453,116.25,0.90255,1.2071
2011-07-01,1.4488,116.92,0.905,1.2267
2011-07-04,1.45,117.11,0.9015,1.2324
2011-07-05,1.4461,117.23,0.8984,1.2213
2011-07-06,1.4318,116.03,0.89485,1.2059
2011-07-07,1.4247,115.64,0.8921,1.205
2011-07-08,1.4242,115.98,0.8932,1.2102
2011-07-11,1.4056,113.16,0.8807,1.1715
2011-07-12,1.3975,111.35,0.88265,1.165
2011-07-13,1.4073,111.65,0.8823,1.1695
2011-07-14,1.4202,112.24,0.88095,1.1575
2011-07-15,1.4146,111.97,0.8775,1.1577
2011-07-18,1.4045,111.1,0.87315,1.1485
2011-07-19,1.416,111.77,0.8789,1.1607
2011-07-20,1.4207,112.05,0.88065,1.1652
2011-07-21,1.4222,112.09,0.8787,1.169
2011-07-22,1.4391,112.83,0.8827,1.1789
2011-07-25,1.438,112.46,0.8825,1.1563
2011-07-26,1.4471,113.02,0.88235,1.163
2011-07-27,1.4446,112.46,0.8831,1.1586
2011-07-28,1.426,110.86,0.8739,1.1437
2011-07-29,1.426,110.59,0.87485,1.1418
2011-08-01,1.4415,110.84,0.87955,1.127
2011-08-02,1.417,109.61,0.8718,1.1049
2011-08-03,1.43,110.18,0.87255,1.1022
2011-08-04,1.4229,113.24,0.87145,1.1012
2011-08-05,1.4155,111.25,0.86905,1.0847
2011-08-08,1.4225,110.79,0.8691,1.0849
2011-08-09,1.4267,110.24,0.8731,1.0594
2011-08-10,1.4367,109.84,0.8843,1.0451
2011-08-11,1.4143,108.29,0.8757,1.0499
2011-08-12,1.425,109.07,0.87635,1.0984
2011-08-15,1.4309,109.87,0.877,1.1334
2011-08-16,1.436,110.12,0.8785,1.1195
2011-08-17,1.4477,110.77,0.8776,1.1402
2011-08-18,1.4369,110.08,0.8706,1.141
2011-08-19,1.4385,110.0,0.86965,1.134
2011-08-22,1.4413,110.65,0.87365,1.1341
2011-08-23,1.4462,110.72,0.876,1.141
2011-08-24,1.4433,110.51,0.8771,1.1403
2011-08-25,1.4424,111.31,0.8812,1.1466
2011-08-26,1.4402,110.41,0.88565,1.1458
2011-08-29,1.4487,111.05,0.8846,1.1824
2011-08-30,1.4402,110.55,0.88365,1.1835
2011-08-31,1.445,110.55,0.8856,1.167
2011-09-01,1.4285,110.08,0.8812,1.1417
2011-09-02,1.4255,109.56,0.8789,1.1132
2011-09-05,1.4126,108.56,0.8751,1.1111
2011-09-06,1.4099,109.09,0.8771,1.2036
2011-09-07,1.4036,108.38,0.878,1.2052
2011-09-08,1.4044,108.41,0.8767,1.2135
2011-09-09,1.3817,107.48,0.8659,1.2165
2011-09-12,1.3656,105.32,0.86015,1.2055
2011-09-13,1.3645,105.01,0.86315,1.2037
2011-09-14,1.3729,105.48,0.8695,1.2033
2011-09-15,1.3795,105.67,0.87295,1.2062
2011-09-16,1.376,105.6,0.8717,1.2058
2011-09-19,1.3641,104.62,0.8681,1.2061
2011-09-20,1.371,104.92,0.8723,1.2064
2011-09-21,1.3636,104.07,0.8731,1.2208
2011-09-22,1.3448,102.59,0.87325,1.2275
2011-09-23,1.343,102.32,0.87235,1.2195
2011-09-26,1.35,103.05,0.8696,1.2206
2011-09-27,1.3579,103.83,0.8698,1.2232
2011-09-28,1.3631,104.22,0.87175,1.2205
2011-09-29,1.3615,104.46,0.87065,1.2207
2011-09-30,1.3503,103.79,0.86665,1.217
2011-10-03,1.3327,102.39,0.8596,1.214
2011-10-04,1.3181,101.08,0.8565,1.2169
2011-10-05,1.3337,102.25,0.863,1.2265
2011-10-06,1.3269,101.87,0.8668,1.2316
2011-10-07,1.3434,103.02,0.8648,1.2365
2011-10-10,1.3593,104.26,0.8689,1.2326
2011-10-11,1.3607,104.26,0.8702,1.238
2011-10-12,1.3766,105.77,0.87535,1.2367
2011-10-13,1.3727,105.48,0.87585,1.2335
2011-10-14,1.3807,106.42,0.8748,1.2388
2011-10-17,1.3776,106.43,0.874,1.2365
2011-10-18,1.3676,104.97,0.8702,1.2348
2011-10-19,1.3828,106.19,0.87495,1.2428
2011-10-20,1.3807,106.07,0.875,1.2362
2011-10-21,1.3798,105.82,0.86775,1.2307
2011-10-24,1.3856,105.45,0.8691,1.228
2011-10-25,1.3918,105.98,0.8701,1.2253
2011-10-26,1.3927,105.67,0.8719,1.2193
2011-10-27,1.4038,106.39,0.8763,1.2213
2011-10-28,1.416,107.29,0.87935,1.2211
2011-10-31,1.4001,109.22,0.8731,1.2191
2011-11-01,1.3627,106.58,0.85515,1.2174
2011-11-02,1.3809,107.78,0.8619,1.2166
2011-11-03,1.3773,107.33,0.8593,1.2156
2011-11-04,1.3773,107.55,0.86125,1.2217
2011-11-07,1.3742,107.3,0.85655,1.2342
2011-11-08,1.3788,107.51,0.85805,1.2382
2011-11-09,1.3633,105.96,0.85385,1.2322
2011-11-10,1.3616,105.66,0.85335,1.2315
2011-11-11,1.365,105.59,0.8568,1.236
2011-11-14,1.3659,105.18,0.8566,1.2368
2011-11-15,1.3532,104.16,0.85345,1.2405
2011-11-16,1.3484,103.77,0.8543,1.2384
2011-11-17,1.348,103.76,0.854,1.2387
2011-11-18,1.3576,104.06,0.85805,1.2378
2011-11-21,1.3458,103.44,0.86,1.2375
2011-11-22,1.3535,104.15,0.8657,1.235
2011-11-23,1.3387,103.37,0.8603,1.2305
2011-11-24,1.3373,103.07,0.8606,1.2268
2011-11-25,1.3229,102.59,0.85585,1.2253
2011-11-28,1.3348,103.82,0.8582,1.2309
2011-11-29,1.3336,103.82,0.85365,1.2282
2011-11-30,1.3418,104.0,0.8558,1.2265
2011-12-01,1.3492,104.84,0.8591,1.2264
2011-12-02,1.3511,105.25,0.8602,1.2343
2011-12-05,1.3442,104.81,0.85925,1.2379
2011-12-06,1.3394,104.15,0.85655,1.2388
2011-12-07,1.3377,103.99,0.85745,1.2413
2011-12-08,1.341,103.72,0.8528,1.2373
2011-12-09,1.3384,103.95,0.85315,1.2332
2011-12-12,1.3251,103.12,0.848,1.2349
2011-12-13,1.3181,102.6,0.84625,1.2345
2011-12-14,1.2993,101.44,0.839,1.2317
2011-12-15,1.3019,101.3,0.83935,1.2261
2011-12-16,1.3064,101.7,0.84055,1.2249
2011-12-19,1.3039,101.52,0.8398,1.219
2011-12-20,1.3074,101.88,0.8368,1.2192
2011-12-21,1.3054,101.66,0.8323,1.219
2011-12-22,1.3047,101.93,0.8325,1.2232
2011-12-23,1.3057,101.93,0.8331,1.2221
2011-12-27,1.3069,101.75,0.8335,1.221
2011-12-28,1.3074,101.51,0.8342,1.2196
2011-12-29,1.2889,100.24,0.836,1.2186
2011-12-30,1.2939,100.2,0.8353,1.2156
2012-01-02,1.2935,99.52,0.83514,1.2155
2012-01-03,1.3014,99.86,0.8351,1.2183
2012-01-04,1.2948,99.43,0.8311,1.2196
2012-01-05,1.2832,98.67,0.82675,1.2187
2012-01-06,1.2776,98.56,0.8264,1.2177
2012-01-09,1.2728,97.87,0.824,1.2139
2012-01-10,1.2808,98.39,0.8282,1.2136
2012-01-11,1.2718,97.87,0.8259,1.212
2012-01-12,1.2736,97.92,0.83055,1.2112
2012-01-13,1.2771,98.06,0.8332,1.21
2012-01-16,1.2669,97.25,0.82745,1.2093
2012-01-17,1.279,98.2,0.83045,1.209
2012-01-18,1.2831,98.53,0.83385,1.2088
2012-01-19,1.2911,99.19,0.8356,1.2076
2012-01-20,1.2902,99.53,0.8339,1.2077
2012-01-23,1.3017,100.1,0.83625,1.2061
2012-01-24,1.3003,100.89,0.8346,1.2065
2012-01-25,1.2942,101.02,0.83205,1.2075
2012-01-26,1.3145,101.98,0.838,1.2071
2012-01-27,1.3145,101.18,0.83685,1.2078
2012-01-30,1.311,100.53,0.8358,1.2046
2012-01-31,1.3176,100.63,0.8351,1.2048
2012-02-01,1.3175,100.29,0.8312,1.2048
2012-02-02,1.3094,99.66,0.82765,1.2048
2012-02-03,1.316,100.3,0.8322,1.205
2012-02-06,1.3042,99.97,0.8281,1.2067
2012-02-07,1.3113,100.67,0.8302,1.2087
2012-02-08,1.3274,102.11,0.83495,1.2114
2012-02-09,1.3288,102.63,0.83665,1.2103
2012-02-10,1.3189,102.43,0.8363,1.2098
2012-02-13,1.3254,102.86,0.83885,1.209
2012-02-14,1.3169,102.85,0.83765,1.2075
2012-02-15,1.3092,102.73,0.8348,1.2073
2012-02-16,1.2982,102.31,0.82845,1.2072
2012-02-17,1.3159,104.39,0.8311,1.2083
2012-02-20,1.3266,105.47,0.8364,1.2075
2012-02-21,1.3222,105.38,0.8364,1.2073
2012-02-22,1.323,106.22,0.8442,1.2072
2012-02-23,1.33,106.72,0.8461,1.2053
2012-02-24,1.3412,107.99,0.84815,1.2048
2012-02-27,1.3388,107.81,0.845,1.2052
2012-02-28,1.3454,108.39,0.8479,1.205
2012-02-29,1.3443,107.92,0.8439,1.2051
2012-03-01,1.3312,107.95,0.8349,1.2052
2012-03-02,1.3217,107.74,0.8327,1.2062
2012-03-05,1.322,107.54,0.83465,1.2061
2012-03-06,1.3153,106.66,0.83255,1.2055
2012-03-07,1.312,105.95,0.8349,1.2052
2012-03-08,1.3242,108.18,0.83865,1.205
2012-03-09,1.3191,107.93,0.83595,1.2053
2012-03-12,1.3119,107.79,0.8392,1.2056
2012-03-13,1.3057,108.03,0.83575,1.206
2012-03-14,1.3062,109.16,0.8314,1.211
2012-03-15,1.3057,108.82,0.83345,1.2096
2012-03-16,1.3116,109.81,0.8295,1.207
2012-03-19,1.315,109.73,0.82845,1.2067
2012-03-20,1.3198,110.48,0.8322,1.2059
2012-03-21,1.3225,111.11,0.83495,1.2058
2012-03-22,1.3167,109.4,0.8333,1.2055
2012-03-23,1.3242,109.1,0.8363,1.2054
2012-03-26,1.3276,109.82,0.8352,1.2054
2012-03-27,1.3333,110.57,0.8359,1.2056
2012-03-28,1.3337,110.74,0.839,1.2063
2012-03-29,1.3272,109.21,0.8358,1.2051
2012-03-30,1.3356,109.56,0.8339,1.2045
2012-04-02,1.3319,109.95,0.83105,1.2044
2012-04-03,1.3315,109.3,0.83255,1.2035
2012-04-04,1.3142,108.22,0.8285,1.2038
2012-04-05,1.3068,107.06,0.8242,1.2025
2012-04-10,1.3114,106.48,0.8269,1.2027
2012-04-11,1.3131,106.18,0.82595,1.2011
2012-04-12,1.3153,106.54,0.8247,1.2027
2012-04-13,1.3148,106.49,0.8248,1.2017
2012-04-16,1.3024,105.18,0.8227,1.2025
2012-04-17,1.3132,105.96,0.8234,1.2018
2012-04-18,1.3093,106.64,0.81915,1.2032
2012-04-19,1.3086,106.92,0.8171,1.2021
2012-04-20,1.3192,107.81,0.81875,1.2017
2012-04-23,1.3131,106.51,0.8166,1.2018
2012-04-24,1.3161,106.87,0.8154,1.2021
2012-04-25,1.3206,107.35,0.8194,1.2018
2012-04-26,1.3215,106.96,0.8164,1.2016
2012-04-27,1.3229,106.75,0.8153,1.2014
2012-04-30,1.3214,105.85,0.81295,1.2018
2012-05-02,1.3131,105.31,0.81205,1.2018
2012-05-03,1.3123,105.49,0.81125,1.2014
2012-05-04,1.3132,105.41,0.81195,1.2014
2012-05-07,1.3033,104.19,0.80647,1.2012
2012-05-08,1.3025,104.01,0.80645,1.2014
2012-05-09,1.295,102.99,0.80495,1.201
2012-05-10,1.2961,103.31,0.8018,1.2013
2012-05-11,1.2944,103.48,0.8033,1.2012
2012-05-14,1.2863,102.64,0.8,1.201
2012-05-15,1.2843,102.65,0.8001,1.201
2012-05-16,1.2738,102.53,0.79925,1.2011
2012-05-17,1.2682,101.77,0.8008,1.2011
2012-05-18,1.2721,100.95,0.8042,1.2012
2012-05-21,1.275,101.06,0.8075,1.2011
2012-05-22,1.2768,101.99,0.8087,1.2011
2012-05-23,1.2659,100.59,0.8044,1.2011
2012-05-24,1.2557,99.75,0.80095,1.201
2012-05-25,1.2546,99.8,0.8003,1.2014
2012-05-28,1.2566,99.75,0.8001,1.2019
2012-05-29,1.2523,99.64,0.7994,1.2015
2012-05-30,1.2438,98.38,0.79775,1.201
2012-05-31,1.2403,97.66,0.7999,1.201
2012-06-01,1.2322,96.25,0.805,1.2008
2012-06-04,1.2437,97.16,0.80845,1.2009
2012-06-05,1.2429,97.25,0.81005,1.201
2012-06-06,1.2485,98.82,0.8063,1.2008
2012-06-07,1.2595,100.08,0.8086,1.2011
2012-06-08,1.2468,98.9,0.80795,1.2012
2012-06-11,1.2544,99.6,0.8077,1.201
2012-06-12,1.2492,99.4,0.80385,1.2012
2012-06-13,1.2534,99.8,0.8063,1.2009
2012-06-14,1.2551,99.51,0.8092,1.2008
2012-06-15,1.2596,99.24,0.8119,1.201
2012-06-18,1.2618,99.75,0.806,1.201
2012-06-19,1.2619,99.57,0.8052,1.2009
2012-06-20,1.2704,100.24,0.806,1.2009
2012-06-21,1.267,101.46,0.80695,1.201
2012-06-22,1.2539,100.68,0.8042,1.2009
2012-06-25,1.2488,99.57,0.80285,1.2008
2012-06-26,1.2475,98.97,0.7996,1.201
2012-06-27,1.2478,99.49,0.7999,1.2011
2012-06-28,1.2418,98.6,0.79885,1.201
2012-06-29,1.259,100.13,0.8068,1.203
2012-07-02,1.2593,100.51,0.8041,1.2015
2012-07-03,1.2575,100.26,0.80275,1.2012
2012-07-04,1.256,100.28,0.8032,1.2013
2012-07-05,1.2426,99.14,0.7984,1.2012
2012-07-06,1.2377,98.87,0.7965,1.2011
2012-07-09,1.2293,97.81,0.7936,1.201
2012-07-10,1.2285,97.64,0.7921,1.201
2012-07-11,1.226,97.14,0.78815,1.201
2012-07-12,1.2178,96.63,0.7886,1.201
2012-07-13,1.2185,96.6,0.7875,1.2009
2012-07-16,1.2177,96.25,0.7844,1.201
2012-07-17,1.2281,97.14,0.78615,1.201
2012-07-18,1.2234,96.63,0.784,1.201
2012-07-19,1.2287,96.51,0.783,1.201
2012-07-20,1.22,95.86,0.77835,1.2009
2012-07-23,1.2105,94.72,0.7798,1.201
2012-07-24,1.2089,94.63,0.7785,1.201
2012-07-25,1.2134,94.97,0.7832,1.201
2012-07-26,1.226,95.79,0.7828,1.201
2012-07-27,1.2317,96.29,0.78295,1.201
2012-07-30,1.2246,95.78,0.77985,1.201
2012-07-31,1.2284,96.03,0.78395,1.2014
2012-08-01,1.2298,96.2,0.7875,1.2013
2012-08-02,1.2346,96.64,0.7904,1.2024
2012-08-03,1.2245,95.85,0.78745,1.2012
2012-08-06,1.2379,96.99,0.795,1.2013
2012-08-07,1.2436,97.58,0.7934,1.2015
2012-08-08,1.2336,96.68,0.7888,1.2012
2012-08-09,1.2301,96.53,0.7871,1.201
2012-08-10,1.2262,96.12,0.7861,1.2009
2012-08-13,1.2339,96.61,0.78615,1.201
2012-08-14,1.2352,97.14,0.786,1.201
2012-08-15,1.2276,96.98,0.7826,1.2011
2012-08-16,1.2279,97.38,0.78195,1.201
2012-08-17,1.2337,97.97,0.78515,1.2011
2012-08-20,1.23,97.82,0.78345,1.201
2012-08-21,1.2428,98.81,0.78835,1.201
2012-08-22,1.2448,98.65,0.78785,1.2009
2012-08-23,1.2552,98.68,0.7911,1.201
2012-08-24,1.2507,98.16,0.7896,1.2009
2012-08-27,1.253,98.71,0.79244,1.201
2012-08-28,1.2548,98.59,0.7947,1.201
2012-08-29,1.2545,98.63,0.7918,1.201
2012-08-30,1.2544,98.63,0.7911,1.2009
2012-08-31,1.2611,98.96,0.79525,1.2009
2012-09-03,1.2568,98.43,0.7912,1.2008
2012-09-04,1.2579,98.58,0.7921,1.201
2012-09-05,1.2578,98.67,0.79035,1.2014
2012-09-06,1.2638,99.36,0.7936,1.2049
2012-09-07,1.2706,100.26,0.7967,1.2128
2012-09-10,1.2776,99.98,0.7997,1.209
2012-09-11,1.2787,99.7,0.7978,1.2074
2012-09-12,1.2896,100.45,0.8017,1.2083
2012-09-13,1.291,100.24,0.80145,1.213
2012-09-14,1.3095,102.24,0.80745,1.2162
2012-09-17,1.3086,102.61,0.80695,1.216
2012-09-18,1.3054,102.64,0.8035,1.2113
2012-09-19,1.3002,102.38,0.8027,1.2095
2012-09-20,1.2954,101.21,0.80017,1.2088
2012-09-21,1.2988,101.58,0.7987,1.211
2012-09-24,1.2916,100.79,0.7968,1.2095
2012-09-25,1.2932,100.57,0.7965,1.2092
2012-09-26,1.2845,99.82,0.7949,1.2088
2012-09-27,1.2874,99.98,0.7939,1.2084
2012-09-28,1.293,100.37,0.79805,1.2099
2012-10-01,1.2877,100.42,0.7983,1.2095
2012-10-02,1.293,101.02,0.8006,1.2102
2012-10-03,1.2904,101.1,0.80085,1.2104
2012-10-04,1.2951,101.88,0.80395,1.2123
2012-10-05,1.3002,102.02,0.80325,1.2112
2012-10-08,1.2958,101.45,0.8084,1.211
2012-10-09,1.2953,101.35,0.8079,1.2111
2012-10-10,1.2889,100.94,0.80495,1.211
2012-10-11,1.2918,101.26,0.80525,1.2087
2012-10-12,1.297,101.7,0.8065,1.2093
2012-10-15,1.2971,102.1,0.80745,1.2091
2012-10-16,1.3046,102.94,0.8097,1.2091
2012-10-17,1.312,103.23,0.8115,1.2106
2012-10-18,1.3118,104.01,0.8119,1.2094
2012-10-19,1.3035,103.27,0.81275,1.2085
2012-10-22,1.3063,104.27,0.8145,1.2097
2012-10-23,1.3005,103.84,0.81365,1.2098
2012-10-24,1.2942,103.33,0.8083,1.21
2012-10-25,1.2993,104.15,0.8049,1.2097
2012-10-26,1.2908,103.15,0.8012,1.209
2012-10-29,1.2898,102.69,0.80455,1.2087
2012-10-30,1.2962,103.0,0.8062,1.2085
2012-10-31,1.2993,103.78,0.80645,1.2076
2012-11-01,1.2975,103.82,0.80315,1.2072
2012-11-02,1.285,103.55,0.8016,1.2073
2012-11-05,1.2777,102.6,0.7999,1.2063
2012-11-06,1.28,102.6,0.80095,1.2075
2012-11-07,1.2746,102.11,0.7984,1.2065
2012-11-08,1.2736,101.74,0.79655,1.2058
2012-11-09,1.2694,100.44,0.79725,1.2054
2012-11-12,1.2735,101.13,0.802,1.2057
2012-11-13,1.2696,100.93,0.79965,1.2046
2012-11-14,1.2726,102.0,0.8026,1.204
2012-11-15,1.2756,103.66,0.80545,1.2042
2012-11-16,1.2745,103.44,0.80245,1.2042
2012-11-19,1.2762,103.6,0.8032,1.2045
2012-11-20,1.2809,104.39,0.80465,1.2049
2012-11-21,1.2805,105.49,0.8037,1.2041
2012-11-22,1.2893,106.42,0.8077,1.2045
2012-11-23,1.2909,106.19,0.8101,1.205
2012-11-26,1.2964,106.47,0.80995,1.2046
2012-11-27,1.2961,106.46,0.8081,1.2043
2012-11-28,1.2891,105.44,0.80687,1.2033
2012-11-29,1.2994,106.72,0.81053,1.2043
2012-11-30,1.2986,107.37,0.8108,1.2054
2012-12-03,1.3057,107.36,0.8121,1.2087
2012-12-04,1.3092,107.28,0.8123,1.2136
2012-12-05,1.3065,107.31,0.8119,1.2128
2012-12-06,1.3072,107.66,0.81135,1.2114
2012-12-07,1.2905,106.19,0.8061,1.2077
2012-12-10,1.293,106.23,0.8044,1.2068
2012-12-11,1.2993,107.11,0.8074,1.2115
2012-12-12,1.304,108.12,0.80775,1.2109
2012-12-13,1.3077,109.18,0.81005,1.209
2012-12-14,1.3081,109.55,0.8115,1.2089
2012-12-17,1.316,110.39,0.812,1.2082
2012-12-18,1.3178,110.53,0.8128,1.208
2012-12-19,1.3302,112.36,0.8161,1.2096
2012-12-20,1.3246,111.52,0.8146,1.2079
2012-12-21,1.3209,110.99,0.8142,1.2077
2012-12-24,1.3218,111.64,0.8175,1.207
2012-12-27,1.3266,113.87,0.8199,1.2082
2012-12-28,1.3183,113.5,0.81695,1.208
2012-12-31,1.3194,113.61,0.8161,1.2072
2013-01-02,1.3262,115.38,0.814,1.209
2013-01-03,1.3102,113.93,0.81075,1.209
2013-01-04,1.3012,114.96,0.8123,1.2092
2013-01-07,1.3039,114.48,0.8117,1.2087
2013-01-08,1.3086,114.56,0.8145,1.2092
2013-01-09,1.3056,114.34,0.81505,1.2089
2013-01-10,1.3113,115.76,0.8172,1.2104
2013-01-11,1.3274,118.18,0.8232,1.2157
2013-01-14,1.3341,119.1,0.8312,1.2243
2013-01-15,1.3327,118.04,0.83025,1.2358
2013-01-16,1.3277,117.06,0.8301,1.2359
2013-01-17,1.3368,119.32,0.8341,1.2453
2013-01-18,1.3324,119.87,0.8372,1.2446
2013-01-21,1.3323,119.37,0.839,1.2421
2013-01-22,1.3317,118.18,0.83965,1.2383
2013-01-23,1.333,117.98,0.8407,1.2385
2013-01-24,1.3349,119.73,0.8439,1.2417
2013-01-25,1.3469,122.71,0.8514,1.2444
2013-01-28,1.3444,122.21,0.8545,1.2472
2013-01-29,1.3433,121.52,0.8536,1.2416
2013-01-30,1.3541,123.55,0.8583,1.2392
2013-01-31,1.355,123.32,0.857,1.2342
2013-02-01,1.3644,125.78,0.8617,1.2351
2013-02-04,1.3552,125.63,0.8619,1.235
2013-02-05,1.3537,126.33,0.8599,1.2299
2013-02-06,1.3517,126.48,0.8631,1.2348
2013-02-07,1.3546,126.88,0.8624,1.2312
2013-02-08,1.3374,123.52,0.84635,1.2282
2013-02-11,1.3391,125.12,0.8535,1.2294
2013-02-12,1.3438,126.6,0.8615,1.2328
2013-02-13,1.348,125.95,0.866,1.2365
2013-02-14,1.3327,124.39,0.8594,1.2293
2013-02-15,1.3325,124.03,0.8604,1.2303
2013-02-18,1.3352,125.24,0.8619,1.2332
2013-02-19,1.3349,124.81,0.8631,1.2332
2013-02-20,1.337,125.09,0.8733,1.2347
2013-02-21,1.3186,122.85,0.8642,1.229
2013-02-22,1.3186,122.98,0.86205,1.2272
2013-02-25,1.3304,125.0,0.8789,1.2305
2013-02-26,1.3077,120.2,0.8633,1.2167
2013-02-27,1.3097,120.06,0.86405,1.2177
2013-02-28,1.3129,121.07,0.863,1.2209
2013-03-01,1.3,120.53,0.8647,1.2245
2013-03-04,1.3007,121.67,0.864,1.2256
2013-03-05,1.3034,121.45,0.8598,1.2277
2013-03-06,1.3035,121.85,0.8644,1.2301
2013-03-07,1.301,122.8,0.865,1.2318
2013-03-08,1.309,125.5,0.871,1.2355
2013-03-11,1.2994,124.91,0.87335,1.236
2013-03-12,1.3053,125.25,0.8763,1.2344
2013-03-13,1.2981,124.59,0.8678,1.2319
2013-03-14,1.2937,124.79,0.8657,1.2347
2013-03-15,1.3086,125.56,0.864,1.2308
2013-03-18,1.2929,122.88,0.8562,1.2221
2013-03-19,1.2944,123.49,0.85585,1.2218
2013-03-20,1.2945,123.69,0.8552,1.2222
2013-03-21,1.291,122.95,0.85165,1.2225
2013-03-22,1.2948,122.85,0.8528,1.2212
2013-03-25,1.2935,122.55,0.8516,1.2213
2013-03-26,1.2861,121.25,0.849,1.2209
2013-03-27,1.2768,120.3,0.84515,1.2174
2013-03-28,1.2805,120.87,0.8456,1.2195
2013-04-02,1.284,119.79,0.8469,1.2159
2013-04-03,1.2828,119.96,0.8484,1.2167
2013-04-04,1.2818,122.31,0.84745,1.2155
2013-04-05,1.2944,124.49,0.8491,1.2158
2013-04-08,1.3023,128.46,0.85095,1.2168
2013-04-09,1.304,128.92,0.85175,1.22
2013-04-10,1.3086,129.69,0.8548,1.2183
2013-04-11,1.3119,130.39,0.852,1.2187
2013-04-12,1.3052,129.54,0.8497,1.2167
2013-04-15,1.3081,127.83,0.8529,1.2147
2013-04-16,1.3129,128.37,0.8569,1.2163
2013-04-17,1.3129,128.61,0.8613,1.2149
2013-04-18,1.3045,128.4,0.8548,1.2164
2013-04-19,1.3115,130.21,0.8544,1.2176
2013-04-22,1.3037,130.0,0.8563,1.2188
2013-04-23,1.299,128.56,0.85165,1.2219
2013-04-24,1.3006,129.46,0.8525,1.2302
2013-04-25,1.308,129.67,0.8458,1.2334
2013-04-26,1.2999,128.13,0.84,1.2273
2013-04-29,1.3113,128.27,0.844,1.2279
2013-04-30,1.3072,127.35,0.8443,1.2238
2013-05-02,1.3191,129.04,0.8466,1.2244
2013-05-03,1.3114,128.6,0.8431,1.2235
2013-05-06,1.3107,130.18,0.8431,1.228
2013-05-07,1.3107,129.98,0.8442,1.2333
2013-05-08,1.3135,129.89,0.8469,1.2336
2013-05-09,1.3142,129.8,0.84435,1.229
2013-05-10,1.2988,131.94,0.8443,1.243
2013-05-13,1.2973,132.01,0.8441,1.2404
2013-05-14,1.2977,131.88,0.84815,1.2416
2013-05-15,1.2864,132.04,0.8464,1.2499
2013-05-16,1.289,132.15,0.8455,1.2444
2013-05-17,1.2869,131.87,0.84475,1.2449
2013-05-20,1.2853,131.86,0.8456,1.246
2013-05-21,1.2866,132.33,0.8491,1.2476
2013-05-22,1.2923,133.26,0.8557,1.2599
2013-05-23,1.2888,131.07,0.85515,1.2486
2013-05-24,1.2939,131.25,0.85695,1.2466
2013-05-27,1.2939,130.59,0.8556,1.2452
2013-05-28,1.2938,131.98,0.8553,1.2533
2013-05-29,1.2952,130.9,0.85695,1.248
2013-05-30,1.2944,131.7,0.8557,1.2487
2013-05-31,1.3006,130.47,0.85365,1.2406
2013-06-03,1.3008,130.37,0.8518,1.2456
2013-06-04,1.3092,131.28,0.8558,1.2397
2013-06-05,1.3067,130.13,0.85105,1.2371
2013-06-06,1.3118,129.96,0.8491,1.2357
2013-06-07,1.326,126.81,0.8513,1.2273
2013-06-10,1.3209,130.47,0.8504,1.2395
2013-06-11,1.3273,128.6,0.8539,1.2305
2013-06-12,1.3277,128.3,0.84825,1.2323
2013-06-13,1.3315,125.36,0.8495,1.229
2013-06-14,1.3303,126.37,0.8515,1.2322
2013-06-17,1.3337,126.36,0.84755,1.2308
2013-06-18,1.3374,127.55,0.8562,1.2315
2013-06-19,1.3406,127.44,0.8558,1.2326
2013-06-20,1.32,129.26,0.8545,1.2319
2013-06-21,1.318,128.66,0.8533,1.2257
2013-06-24,1.3086,128.54,0.85115,1.2241
2013-06-25,1.3134,127.79,0.8486,1.2268
2013-06-26,1.3024,127.33,0.8482,1.2262
2013-06-27,1.3032,127.93,0.8531,1.2326
2013-06-28,1.308,129.39,0.8572,1.2338
2013-07-01,1.3037,129.99,0.85625,1.234
2013-07-02,1.3017,130.08,0.8579,1.2354
2013-07-03,1.2959,128.85,0.8492,1.2285
2013-07-04,1.2984,129.64,0.8598,1.2328
2013-07-05,1.2883,128.97,0.86055,1.2348
2013-07-08,1.285,130.04,0.8616,1.2404
2013-07-09,1.2857,130.07,0.865,1.2452
2013-07-10,1.2813,128.44,0.8602,1.244
2013-07-11,1.3044,129.63,0.8629,1.2414
2013-07-12,1.3034,129.75,0.8627,1.2388
2013-07-15,1.3012,130.68,0.8647,1.2394
2013-07-16,1.3118,130.35,0.8693,1.2371
2013-07-17,1.3136,131.15,0.86315,1.234
2013-07-18,1.3093,131.22,0.8609,1.237
2013-07-19,1.3123,131.67,0.85995,1.2361
2013-07-22,1.3166,131.47,0.859,1.237
2013-07-23,1.318,131.91,0.85955,1.2387
2013-07-24,1.3246,132.6,0.8626,1.2388
2013-07-25,1.3202,131.81,0.8637,1.2365
2013-07-26,1.326,130.84,0.86105,1.2334
2013-07-29,1.327,129.91,0.8634,1.233
2013-07-30,1.3284,129.99,0.86735,1.2335
2013-07-31,1.3275,130.0,0.8735,1.2317
2013-08-01,1.3236,130.69,0.8692,1.2317
2013-08-02,1.3203,131.78,0.87135,1.2383
2013-08-05,1.3257,130.62,0.86425,1.2352
2013-08-06,1.328,130.27,0.86575,1.2313
2013-08-07,1.3305,129.21,0.85955,1.2321
2013-08-08,1.336,128.68,0.862,1.2307
2013-08-09,1.3373,128.96,0.86135,1.231
2013-08-12,1.328,128.66,0.8586,1.2327
2013-08-13,1.329,130.27,0.85955,1.2358
2013-08-14,1.3243,130.17,0.8544,1.2415
2013-08-15,1.3297,130.48,0.8533,1.2427
2013-08-16,1.334,130.03,0.85325,1.2354
2013-08-19,1.3344,130.72,0.8529,1.2352
2013-08-20,1.3392,130.33,0.8549,1.2323
2013-08-21,1.3384,130.52,0.85295,1.231
2013-08-22,1.3323,131.45,0.85505,1.2349
2013-08-23,1.3355,132.35,0.8591,1.2358
2013-08-26,1.3361,131.74,0.8585,1.2352
2013-08-27,1.3338,130.07,0.8609,1.2293
2013-08-28,1.3347,130.1,0.8632,1.229
2013-08-29,1.3266,130.34,0.8549,1.2308
2013-08-30,1.3235,130.01,0.85395,1.231
2013-09-02,1.3207,131.09,0.84775,1.2317
2013-09-03,1.3172,130.98,0.8473,1.2325
2013-09-04,1.3171,131.06,0.8438,1.2345
2013-09-05,1.3202,131.64,0.8431,1.239
2013-09-06,1.3117,130.71,0.842,1.2382
2013-09-09,1.3194,131.3,0.8413,1.235
2013-09-10,1.324,132.8,0.8438,1.2392
2013-09-11,1.3268,132.96,0.8414,1.2395
2013-09-12,1.329,132.18,0.841,1.2368
2013-09-13,1.3295,132.43,0.8399,1.2376
2013-09-16,1.3357,132.05,0.8385,1.2374
2013-09-17,1.3356,132.44,0.8397,1.2375
2013-09-18,1.3352,132.18,0.8358,1.237
2013-09-19,1.3545,134.09,0.842,1.2333
2013-09-20,1.3514,134.57,0.8436,1.233
2013-09-23,1.3508,133.59,0.84115,1.2323
2013-09-24,1.3473,132.92,0.84431,1.2295
2013-09-25,1.3504,133.14,0.84165,1.2304
2013-09-26,1.3499,133.41,0.8418,1.2288
2013-09-27,1.3537,133.28,0.84,1.2248
2013-09-30,1.3505,131.78,0.83605,1.2225
2013-10-01,1.3554,132.6,0.8345,1.2253
2013-10-02,1.3515,131.76,0.8341,1.2241
2013-10-03,1.3594,132.81,0.8394,1.2276
2013-10-04,1.3593,132.03,0.8469,1.2271
2013-10-07,1.3572,131.46,0.8437,1.2262
2013-10-08,1.3576,131.94,0.84265,1.2284
2013-10-09,1.3515,131.55,0.8464,1.2313
2013-10-10,1.3532,132.37,0.8481,1.2311
2013-10-11,1.3566,133.38,0.849,1.2314
2013-10-14,1.3564,133.19,0.8483,1.2334
2013-10-15,1.3493,132.89,0.84635,1.2361
2013-10-16,1.3561,133.38,0.8459,1.2341
2013-10-17,1.3662,133.64,0.8476,1.2327
2013-10-18,1.3684,133.73,0.84515,1.2343
2013-10-21,1.3667,134.17,0.8465,1.2352
2013-10-22,1.3674,134.52,0.8476,1.2355
2013-10-23,1.3752,133.95,0.8516,1.2307
2013-10-24,1.3805,134.32,0.8537,1.2303
2013-10-25,1.3777,134.15,0.8519,1.2348
2013-10-28,1.3784,134.65,0.8534,1.2343
2013-10-29,1.3768,134.88,0.8567,1.2358
2013-10-30,1.3755,135.11,0.8559,1.2347
2013-10-31,1.3641,133.99,0.8502,1.2333
2013-11-01,1.3505,132.9,0.84635,1.231
2013-11-04,1.3506,133.28,0.8456,1.2321
2013-11-05,1.3494,132.59,0.8403,1.2297
2013-11-06,1.3517,133.33,0.8403,1.2321
2013-11-07,1.3365,132.0,0.8321,1.2298
2013-11-08,1.3431,131.58,0.83525,1.2302
2013-11-11,1.3394,132.86,0.8381,1.2328
2013-11-12,1.3432,133.87,0.8447,1.2328
2013-11-13,1.3415,133.27,0.8399,1.2316
2013-11-14,1.3436,134.26,0.83715,1.2332
2013-11-15,1.346,134.99,0.8377,1.2346
2013-11-18,1.3517,135.23,0.8388,1.2321
2013-11-19,1.3502,134.89,0.8385,1.2333
2013-11-20,1.3527,135.2,0.83765,1.2323
2013-11-21,1.3472,135.83,0.835,1.2318
2013-11-22,1.3518,136.74,0.8344,1.2302
2013-11-25,1.3514,137.57,0.8348,1.2311
2013-11-26,1.3547,137.34,0.8383,1.2312
2013-11-27,1.3596,138.43,0.83405,1.2305
2013-11-28,1.3592,139.06,0.83215,1.2323
2013-11-29,1.3611,139.21,0.83275,1.2298
2013-12-02,1.3536,139.16,0.82605,1.2321
2013-12-03,1.3578,139.31,0.8271,1.2287
2013-12-04,1.3592,139.31,0.83,1.2268
2013-12-05,1.3594,138.73,0.8313,1.2262
2013-12-06,1.3661,139.63,0.8358,1.2231
2013-12-09,1.3722,141.33,0.83765,1.2231
2013-12-10,1.375,141.35,0.83645,1.2214
2013-12-11,1.3767,141.22,0.84025,1.2219
2013-12-12,1.3775,141.51,0.8397,1.2211
2013-12-13,1.3727,141.93,0.8437,1.2226
2013-12-16,1.3776,141.87,0.84385,1.2212
2013-12-17,1.3749,141.61,0.8456,1.2206
2013-12-18,1.3749,141.61,0.8401,1.2211
2013-12-19,1.3667,142.55,0.8349,1.2261
2013-12-20,1.3655,142.66,0.8348,1.2263
2013-12-23,1.3702,142.38,0.8377,1.2257
2013-12-24,1.3684,142.66,0.83603,1.2243
2013-12-27,1.3814,145.02,0.83665,1.2234
2013-12-30,1.3783,145.02,0.8364,1.2259
2013-12-31,1.3791,144.72,0.8337,1.2276
2014-01-02,1.3658,143.82,0.8282,1.2307
2014-01-03,1.3634,142.46,0.83045,1.2309
2014-01-06,1.3602,142.28,0.8303,1.2319
2014-01-07,1.3641,142.43,0.83115,1.2367
2014-01-08,1.3594,142.33,0.8277,1.2383
2014-01-09,1.3612,142.92,0.82575,1.2368
2014-01-10,1.3587,142.67,0.828,1.2342
2014-01-13,1.3654,141.37,0.8317,1.2342
2014-01-14,1.3667,141.62,0.83145,1.2334
2014-01-15,1.3606,141.86,0.8302,1.2354
2014-01-16,1.3597,142.21,0.83215,1.235
2014-01-17,1.3584,141.8,0.8262,1.2332
2014-01-20,1.3566,141.05,0.8262,1.2337
2014-01-21,1.3526,141.58,0.8239,1.2357
2014-01-22,1.3566,141.57,0.819,1.2345
2014-01-23,1.3639,141.99,0.82175,1.2317
2014-01-24,1.3687,140.18,0.8291,1.2256
2014-01-27,1.3658,140.39,0.82505,1.2267
2014-01-28,1.3649,140.61,0.82285,1.2278
2014-01-29,1.3608,139.73,0.8221,1.2255
2014-01-30,1.3574,139.28,0.8238,1.2233
2014-01-31,1.3516,138.13,0.82135,1.222
2014-02-03,1.3498,137.82,0.8259,1.2226
2014-02-04,1.3519,137.05,0.82905,1.2215
2014-02-05,1.3543,136.78,0.8322,1.2222
2014-02-06,1.3495,136.93,0.82875,1.2224
2014-02-07,1.3574,138.79,0.8314,1.2237
2014-02-10,1.3638,139.26,0.8316,1.2234
2014-02-11,1.3676,140.0,0.83075,1.2235
2014-02-12,1.3573,138.89,0.8216,1.2249
2014-02-13,1.3675,139.42,0.8215,1.2216
2014-02-14,1.3707,139.48,0.82035,1.2221
2014-02-17,1.3699,139.6,0.81885,1.2221
2014-02-18,1.3731,140.77,0.8233,1.2221
2014-02-19,1.3745,140.08,0.8251,1.2214
2014-02-20,1.3706,139.91,0.822,1.2203
2014-02-21,1.3707,140.5,0.82183,1.2195
2014-02-24,1.3735,140.69,0.82465,1.2209
2014-02-25,1.3754,140.65,0.82395,1.2193
2014-02-26,1.3726,140.5,0.8226,1.2198
2014-02-27,1.3656,139.15,0.82035,1.2161
2014-02-28,1.3813,140.63,0.82625,1.2153
2014-03-03,1.3768,139.51,0.82305,1.2129
2014-03-04,1.3768,140.2,0.8246,1.2172
2014-03-05,1.3732,140.71,0.8217,1.2186
2014-03-06,1.3745,141.22,0.8234,1.219
2014-03-07,1.3894,143.02,0.8285,1.2191
2014-03-10,1.3881,143.39,0.8338,1.2192
2014-03-11,1.385,143.05,0.8336,1.2175
2014-03-12,1.3887,142.68,0.8359,1.2159
2014-03-13,1.3942,143.3,0.83545,1.216
2014-03-14,1.3884,140.63,0.83665,1.2124
2014-03-17,1.3906,141.45,0.83675,1.2154
2014-03-18,1.3902,141.1,0.8383,1.2162
2014-03-19,1.3913,141.31,0.8368,1.2167
2014-03-20,1.3762,140.85,0.83455,1.219
2014-03-21,1.378,141.07,0.8357,1.2182
2014-03-24,1.3774,141.05,0.8354,1.2197
2014-03-25,1.3789,141.22,0.8348,1.2197
2014-03-26,1.3791,141.25,0.8336,1.2216
2014-03-27,1.3758,140.75,0.8277,1.2187
2014-03-28,1.3759,140.9,0.8272,1.2186
2014-03-31,1.3788,142.42,0.8282,1.2194
2014-04-01,1.379,142.53,0.8292,1.2178
2014-04-02,1.3795,143.03,0.828,1.219
2014-04-03,1.3771,143.12,0.8297,1.2209
2014-04-04,1.37,142.33,0.8267,1.2235
2014-04-07,1.3723,141.65,0.8271,1.2202
2014-04-08,1.3774,140.9,0.8242,1.22
2014-04-09,1.3794,140.73,0.82375,1.2184
2014-04-10,1.3867,141.0,0.8272,1.218
2014-04-11,1.3872,140.69,0.8291,1.2161
2014-04-14,1.3827,140.87,0.8274,1.2154
2014-04-15,1.3803,140.62,0.8251,1.2162
2014-04-16,1.384,141.55,0.8239,1.2169
2014-04-17,1.3855,141.57,0.8243,1.2175
2014-04-22,1.3817,141.69,0.8205,1.2214
2014-04-23,1.3834,141.46,0.8239,1.2198
2014-04-24,1.382,141.63,0.823,1.2203
2014-04-25,1.3831,141.05,0.82285,1.2194
2014-04-28,1.3861,141.85,0.8228,1.2181
2014-04-29,1.3826,142.03,0.8222,1.22
2014-04-30,1.385,142.07,0.823,1.22
2014-05-02,1.3862,142.06,0.8214,1.2189
2014-05-05,1.3874,141.44,0.82293,1.2174
2014-05-06,1.3945,141.89,0.82115,1.2169
2014-05-07,1.3927,141.68,0.8207,1.2186
2014-05-08,1.3953,141.95,0.8233,1.2178
2014-05-09,1.3781,140.14,0.81725,1.2186
2014-05-12,1.3765,140.31,0.81515,1.2211
2014-05-13,1.3703,140.25,0.81395,1.2201
2014-05-14,1.3719,139.65,0.8177,1.2199
2014-05-15,1.3659,139.17,0.8152,1.2227
2014-05-16,1.3696,138.95,0.8148,1.221
2014-05-19,1.3715,138.79,0.8146,1.2228
2014-05-20,1.3702,138.88,0.814,1.2223
2014-05-21,1.3676,138.18,0.8094,1.2216
2014-05-22,1.3668,138.96,0.8104,1.2215
2014-05-23,1.363,138.92,0.80935,1.221
2014-05-26,1.3635,138.97,0.8099,1.221
2014-05-27,1.3638,139.01,0.811,1.2221
2014-05-28,1.3608,138.73,0.8125,1.2225
2014-05-29,1.3612,138.34,0.8145,1.221
2014-05-30,1.3607,138.36,0.8131,1.2204
2014-06-02,1.3611,138.94,0.8129,1.2214
2014-06-03,1.3645,139.64,0.8147,1.2216
2014-06-04,1.3627,139.78,0.813,1.2204
2014-06-05,1.3567,139.24,0.8103,1.22
2014-06-06,1.3642,139.71,0.8108,1.2185
2014-06-09,1.3608,139.39,0.80985,1.2193
2014-06-10,1.3547,138.63,0.8075,1.2188
2014-06-11,1.3547,138.19,0.807,1.2179
2014-06-12,1.3528,138.12,0.8039,1.2174
2014-06-13,1.3534,138.08,0.7979,1.2178
2014-06-16,1.3532,137.81,0.7974,1.2176
2014-06-17,1.3568,138.4,0.7994,1.2188
2014-06-18,1.3563,138.65,0.8005,1.218
2014-06-19,1.362,138.82,0.79985,1.217
2014-06-20,1.3588,138.68,0.7975,1.2169
2014-06-23,1.3596,138.46,0.7994,1.2167
2014-06-24,1.3618,138.8,0.8015,1.2173
2014-06-25,1.3615,138.73,0.80225,1.2168
2014-06-26,1.3606,138.49,0.7991,1.2164
2014-06-27,1.362,138.09,0.79965,1.2162
2014-06-30,1.3658,138.44,0.8015,1.2156
2014-07-01,1.3688,138.98,0.7981,1.2138
2014-07-02,1.3656,138.65,0.7958,1.2137
2014-07-03,1.3646,139.06,0.7965,1.2147
2014-07-04,1.3588,138.67,0.7926,1.216
2014-07-07,1.3592,138.53,0.79385,1.2155
2014-07-08,1.3589,138.26,0.79385,1.2155
2014-07-09,1.3603,138.38,0.79555,1.2158
2014-07-10,1.3604,137.87,0.79505,1.2143
2014-07-11,1.3595,137.75,0.7941,1.2143
2014-07-14,1.3627,138.29,0.7966,1.2139
2014-07-15,1.3613,138.28,0.7931,1.2142
2014-07-16,1.3532,137.73,0.7903,1.2156
2014-07-17,1.3525,137.27,0.7909,1.2147
2014-07-18,1.3525,137.07,0.79155,1.2144
2014-07-21,1.3518,136.97,0.7915,1.2144
2014-07-22,1.3481,136.93,0.7905,1.2151
2014-07-23,1.3465,136.51,0.7908,1.215
2014-07-24,1.3472,136.97,0.79215,1.2152
2014-07-25,1.344,136.97,0.79115,1.2152
2014-07-28,1.3433,136.74,0.79055,1.215
2014-07-29,1.3429,137.04,0.7924,1.2152
2014-07-30,1.3401,137.05,0.7917,1.2165
2014-07-31,1.3379,137.66,0.7928,1.2169
2014-08-01,1.3395,137.92,0.7961,1.2163
2014-08-04,1.3422,137.72,0.7972,1.2167
2014-08-05,1.3382,137.46,0.7939,1.2175
2014-08-06,1.3345,136.58,0.79285,1.2152
2014-08-07,1.3368,136.76,0.794,1.215
2014-08-08,1.3388,136.45,0.7967,1.2137
2014-08-11,1.3386,136.72,0.7976,1.2134
2014-08-12,1.3346,136.49,0.7955,1.2138
2014-08-13,1.336,136.89,0.7997,1.2135
2014-08-14,1.3373,136.99,0.8016,1.2124
2014-08-15,1.3388,137.33,0.80215,1.2114
2014-08-18,1.3383,137.22,0.8002,1.2107
2014-08-19,1.3354,137.12,0.80265,1.2104
2014-08-20,1.3284,137.23,0.7981,1.2106
2014-08-21,1.3262,137.71,0.79925,1.2109
2014-08-22,1.3267,137.7,0.8003,1.21
2014-08-25,1.32,137.13,0.79567,1.2087
2014-08-26,1.3192,137.15,0.79605,1.2086
2014-08-27,1.3177,136.88,0.794,1.2068
2014-08-28,1.3178,136.68,0.7945,1.206
2014-08-29,1.3188,137.11,0.7953,1.2061
2014-09-01,1.3133,136.97,0.79025,1.2072
2014-09-02,1.3115,137.63,0.7933,1.2072
2014-09-03,1.3151,138.11,0.79855,1.2078
2014-09-04,1.3015,136.89,0.7932,1.2055
2014-09-05,1.2948,136.27,0.79455,1.2064
2014-09-08,1.2947,136.32,0.80235,1.2069
2014-09-09,1.2902,136.9,0.8005,1.206
2014-09-10,1.2929,137.9,0.80125,1.2072
2014-09-11,1.2928,138.38,0.7958,1.21
2014-09-12,1.2931,138.72,0.7966,1.2089
2014-09-15,1.2911,138.48,0.79495,1.2099
2014-09-16,1.2949,138.67,0.7992,1.2085
2014-09-17,1.2956,139.05,0.7936,1.2101
2014-09-18,1.2872,140.11,0.7883,1.2086
2014-09-19,1.2852,139.84,0.7865,1.2067
2014-09-22,1.2845,140.09,0.7866,1.2069
2014-09-23,1.2892,139.87,0.786,1.2069
2014-09-24,1.2826,139.5,0.7823,1.2077
2014-09-25,1.2712,138.88,0.7804,1.2076
2014-09-26,1.2732,138.93,0.7807,1.2071
2014-09-29,1.2701,138.97,0.7827,1.2071
2014-09-30,1.2583,138.11,0.7773,1.2063
2014-10-01,1.2603,138.53,0.7782,1.2072
2014-10-02,1.2631,137.47,0.7824,1.2085
2014-10-03,1.2616,137.46,0.78525,1.2089
2014-10-06,1.2565,137.25,0.78575,1.212
2014-10-07,1.2607,136.9,0.784,1.2115
2014-10-08,1.2645,136.97,0.787,1.2132
2014-10-09,1.2763,137.37,0.7875,1.2107
2014-10-10,1.2638,136.27,0.7882,1.2092
2014-10-13,1.2679,135.95,0.788,1.2077
2014-10-14,1.2646,135.29,0.7945,1.2079
2014-10-15,1.2666,135.5,0.7957,1.2072
2014-10-16,1.2749,134.95,0.797,1.2061
2014-10-17,1.2823,136.45,0.7955,1.2074
2014-10-20,1.2773,136.62,0.7914,1.2064
2014-10-21,1.2762,136.2,0.79,1.2068
2014-10-22,1.2693,135.79,0.7909,1.2062
2014-10-23,1.2669,136.42,0.7904,1.2067
2014-10-24,1.2659,136.64,0.7887,1.206
2014-10-27,1.2679,136.76,0.7871,1.206
2014-10-28,1.2748,137.45,0.7881,1.2056
2014-10-29,1.2737,137.75,0.79095,1.2059
2014-10-30,1.2598,137.27,0.7872,1.2059
2014-10-31,1.2524,140.18,0.78425,1.2067
2014-11-03,1.2493,142.19,0.78085,1.2054
2014-11-04,1.2514,141.96,0.7819,1.2055
2014-11-05,1.248,143.21,0.7843,1.2043
2014-11-06,1.2517,143.33,0.78615,1.2045
2014-11-07,1.2393,142.89,0.7834,1.204
2014-11-10,1.2486,142.56,0.7852,1.2028
2014-11-11,1.2424,143.88,0.7836,1.2024
2014-11-12,1.2467,143.63,0.788,1.2023
2014-11-13,1.2456,143.87,0.7912,1.2018
2014-11-14,1.2436,144.94,0.7944,1.2015
2014-11-17,1.2496,145.3,0.7989,1.2013
2014-11-18,1.2514,145.91,0.7994,1.2013
2014-11-19,1.2535,147.45,0.79965,1.2014
2014-11-20,1.2539,148.25,0.7989,1.2014
2014-11-21,1.2422,146.46,0.7921,1.2024
2014-11-24,1.241,146.82,0.7916,1.2027
2014-11-25,1.2424,146.66,0.7929,1.203
2014-11-26,1.2475,146.91,0.79095,1.2026
2014-11-27,1.248,146.67,0.792,1.2022
2014-11-28,1.2483,147.69,0.7953,1.2018
2014-12-01,1.2469,147.62,0.7927,1.2028
2014-12-02,1.2424,148.08,0.7936,1.204
2014-12-03,1.2331,147.2,0.7862,1.2032
2014-12-04,1.2311,147.64,0.7861,1.2035
2014-12-05,1.2362,149.03,0.7881,1.2021
2014-12-08,1.2258,148.45,0.7845,1.2023
2014-12-09,1.2369,148.02,0.79015,1.2021
2014-12-10,1.2392,147.33,0.78975,1.2024
2014-12-11,1.2428,147.2,0.7927,1.2012
2014-12-12,1.245,147.41,0.7925,1.201
2014-12-15,1.2426,147.67,0.7936,1.2011
2014-12-16,1.2537,145.79,0.7965,1.2009
2014-12-17,1.2448,145.89,0.7932,1.201
2014-12-18,1.2285,145.96,0.7865,1.2052
2014-12-19,1.2279,146.41,0.7847,1.2039
2014-12-22,1.2259,147.06,0.7849,1.2035
2014-12-23,1.2213,146.8,0.7867,1.2032
2014-12-24,1.2219,147.07,0.7865,1.2025
2014-12-29,1.2197,146.96,0.7842,1.2028
2014-12-30,1.216,145.41,0.7823,1.2028
2014-12-31,1.2141,145.23,0.7789,1.2024
2015-01-02,1.2043,145.21,0.78,1.2022
2015-01-05,1.1915,143.0,0.7827,1.2016
2015-01-06,1.1914,141.69,0.7842,1.2014
2015-01-07,1.1831,141.17,0.7823,1.2011
2015-01-08,1.1768,141.0,0.7811,1.201
2015-01-09,1.1813,140.81,0.7799,1.201
2015-01-12,1.1804,140.56,0.7791,1.201
2015-01-13,1.1782,139.56,0.7767,1.201
2015-01-14,1.1775,137.48,0.7753,1.201
2015-01-15,1.1708,136.48,0.7672,1.028
2015-01-16,1.1588,135.06,0.7637,1.0128
2015-01-19,1.1605,136.27,0.7664,1.012
2015-01-20,1.1579,137.37,0.7637,1.0087
2015-01-21,1.1593,136.07,0.7671,0.9997
2015-01-22,1.1618,136.7,0.7644,0.9943
2015-01-23,1.1198,132.12,0.7473,0.9816
2015-01-26,1.1244,133.03,0.74895,1.0014
2015-01-27,1.1306,133.08,0.74725,1.017
2015-01-28,1.1344,133.7,0.7466,1.0242
2015-01-29,1.1315,133.43,0.74775,1.0372
2015-01-30,1.1305,133.08,0.7511,1.0468
2015-02-02,1.131,133.06,0.7526,1.0519
2015-02-03,1.1376,133.48,0.75395,1.0526
2015-02-04,1.1446,134.49,0.7516,1.0602
2015-02-05,1.141,133.98,0.7482,1.0587
2015-02-06,1.1447,134.28,0.7473,1.0534
2015-02-09,1.1275,133.72,0.7415,1.0428
2015-02-10,1.1297,134.67,0.742,1.0457
2015-02-11,1.1314,135.5,0.7396,1.0465
2015-02-12,1.1328,135.72,0.7376,1.0559
2015-02-13,1.1381,135.46,0.7401,1.0576
2015-02-16,1.1408,135.26,0.7421,1.0626
2015-02-17,1.1415,135.61,0.7434,1.0631
2015-02-18,1.1372,135.69,0.7372,1.0707
2015-02-19,1.1387,135.52,0.7379,1.0796
2015-02-20,1.1298,133.91,0.7348,1.0718
2015-02-23,1.1298,134.5,0.7352,1.0727
2015-02-24,1.1328,135.36,0.7344,1.0755
2015-02-25,1.1346,134.92,0.7328,1.0773
2015-02-26,1.1317,134.54,0.7301,1.0745
2015-02-27,1.124,134.05,0.7278,1.0636
2015-03-02,1.1227,134.47,0.7294,1.0724
2015-03-03,1.1168,133.74,0.7276,1.0736
2015-03-04,1.1124,133.15,0.7259,1.0694
2015-03-05,1.1069,133.1,0.7251,1.0697
2015-03-06,1.0963,131.48,0.722,1.07
2015-03-09,1.086,131.31,0.7186,1.0691
2015-03-10,1.0738,130.29,0.7128,1.0703
2015-03-11,1.0578,128.33,0.70355,1.0655
2015-03-12,1.0613,128.29,0.7091,1.0636
2015-03-13,1.0572,128.41,0.71525,1.0648
2015-03-16,1.0557,127.96,0.7131,1.0615
2015-03-17,1.0635,128.9,0.71995,1.066
2015-03-18,1.0592,128.35,0.723,1.0627
2015-03-19,1.0677,129.12,0.7183,1.0595
2015-03-20,1.0776,130.26,0.7255,1.0552
2015-03-23,1.0912,130.8,0.7318,1.0561
2015-03-24,1.095,130.89,0.7344,1.0491
2015-03-25,1.0985,131.13,0.7365,1.0517
2015-03-26,1.0973,130.67,0.7371,1.0498
2015-03-27,1.0856,129.39,0.7298,1.0476
2015-03-30,1.0845,130.02,0.7328,1.0439
2015-03-31,1.0759,128.95,0.7273,1.0463
2015-04-01,1.0755,129.29,0.7285,1.0426
2015-04-02,1.083,129.59,0.7316,1.04
2015-04-07,1.0847,130.33,0.7286,1.0438
2015-04-08,1.0862,130.09,0.7264,1.0438
2015-04-09,1.0774,129.22,0.7268,1.0447
2015-04-10,1.057,127.32,0.7244,1.039
2015-04-13,1.0552,127.2,0.7215,1.0373
2015-04-14,1.0564,126.67,0.7217,1.0344
2015-04-15,1.0579,126.52,0.7168,1.0321
2015-04-16,1.0711,127.64,0.7189,1.0327
2015-04-17,1.0814,128.45,0.7199,1.0297
2015-04-20,1.0723,127.68,0.71955,1.0283
2015-04-21,1.07,127.75,0.7187,1.0252
2015-04-22,1.0743,128.45,0.7129,1.0323
2015-04-23,1.0772,129.36,0.717,1.0383
2015-04-24,1.0824,129.36,0.7159,1.0338
2015-04-27,1.0822,129.23,0.7162,1.0367
2015-04-28,1.0927,130.09,0.715,1.0464
2015-04-29,1.1002,131.2,0.7161,1.0491
2015-04-30,1.1215,133.26,0.7267,1.0486
2015-05-04,1.1152,134.07,0.73788,1.0431
2015-05-05,1.1117,133.92,0.735,1.0376
2015-05-06,1.123,134.59,0.7376,1.0374
2015-05-07,1.1305,134.72,0.7425,1.0343
2015-05-08,1.1221,134.9,0.728,1.0385
2015-05-11,1.1142,133.64,0.7196,1.0403
2015-05-12,1.1239,134.85,0.7164,1.0396
2015-05-13,1.1221,134.31,0.7174,1.041
2015-05-14,1.1419,136.12,0.7231,1.0386
2015-05-15,1.1328,135.78,0.7211,1.0463
2015-05-18,1.1389,136.33,0.727,1.0482
2015-05-19,1.118,134.36,0.72185,1.042
2015-05-20,1.1118,134.43,0.7157,1.0429
2015-05-21,1.1133,134.79,0.7099,1.0394
2015-05-22,1.1164,135.01,0.7138,1.0417
2015-05-25,1.0978,133.39,0.71,1.0349
2015-05-26,1.0926,134.07,0.7096,1.0351
2015-05-27,1.0863,134.37,0.707,1.0331
2015-05-28,1.0896,135.36,0.7124,1.0344
2015-05-29,1.097,135.95,0.719,1.0341
2015-06-01,1.0944,135.79,0.71925,1.0331
2015-06-02,1.1029,137.52,0.7243,1.0391
2015-06-03,1.1134,138.46,0.7275,1.0427
2015-06-04,1.1317,140.47,0.7354,1.0551
2015-06-05,1.1218,139.97,0.7317,1.0478
2015-06-08,1.1162,139.84,0.7318,1.047
2015-06-09,1.1249,139.56,0.7354,1.0465
2015-06-10,1.1279,138.69,0.7284,1.0486
2015-06-11,1.1232,138.95,0.7266,1.0523
2015-06-12,1.122,138.78,0.7245,1.0469
2015-06-15,1.1218,138.54,0.7234,1.0512
2015-06-16,1.1215,138.42,0.7182,1.0465
2015-06-17,1.1279,139.78,0.717,1.0451
2015-06-18,1.1404,139.94,0.7167,1.0461
2015-06-19,1.1299,139.19,0.7134,1.0449
2015-06-22,1.1345,139.8,0.7169,1.0435
2015-06-23,1.1204,138.72,0.7101,1.0449
2015-06-24,1.1213,138.93,0.7118,1.0449
2015-06-25,1.1206,138.52,0.7126,1.0507
2015-06-26,1.1202,138.58,0.7123,1.0447
2015-06-29,1.1133,136.81,0.7085,1.0376
2015-06-30,1.1189,137.01,0.7114,1.0413
2015-07-01,1.11,136.63,0.70905,1.0457
2015-07-02,1.1066,136.82,0.7103,1.0507
2015-07-03,1.1096,136.38,0.7102,1.0466
2015-07-06,1.1008,135.11,0.708,1.0422
2015-07-07,1.0931,133.88,0.7077,1.0383
2015-07-08,1.1024,133.88,0.7173,1.0463
2015-07-09,1.1054,134.3,0.7176,1.0504
2015-07-10,1.1185,136.88,0.7208,1.0464
2015-07-13,1.1049,136.3,0.7115,1.0478
2015-07-14,1.1031,136.02,0.7084,1.0422
2015-07-15,1.1009,135.95,0.7045,1.0439
2015-07-16,1.0867,134.9,0.6981,1.0407
2015-07-17,1.0889,135.01,0.6983,1.0431
2015-07-20,1.0852,134.83,0.6971,1.0443
2015-07-21,1.0867,135.17,0.6987,1.044
2015-07-22,1.0902,134.98,0.6982,1.0482
2015-07-23,1.0999,136.15,0.7044,1.0517
2015-07-24,1.0939,135.7,0.7069,1.0512
2015-07-27,1.1058,136.23,0.7127,1.0595
2015-07-28,1.1025,136.46,0.7074,1.0659
2015-07-29,1.103,136.5,0.7053,1.0622
2015-07-30,1.0955,136.25,0.701,1.0633
2015-07-31,1.0967,136.34,0.7041,1.0565
2015-08-03,1.0951,136.07,0.7028,1.0598
2015-08-04,1.0973,136.07,0.70275,1.064
2015-08-05,1.0883,135.23,0.6963,1.0658
2015-08-06,1.0885,135.94,0.7014,1.0713
2015-08-07,1.0941,136.43,0.7051,1.0738
2015-08-10,1.096,136.67,0.7071,1.08
2015-08-11,1.1055,137.99,0.7088,1.0859
2015-08-12,1.1155,138.45,0.7149,1.0864
2015-08-13,1.1109,138.23,0.7106,1.0849
2015-08-14,1.1171,138.7,0.7145,1.0875
2015-08-17,1.11,138.22,0.7105,1.0841
2015-08-18,1.106,137.44,0.7042,1.0798
2015-08-19,1.1041,137.31,0.7049,1.0755
2015-08-20,1.1183,138.5,0.7138,1.0772
2015-08-21,1.1281,138.4,0.7198,1.0765
2015-08-24,1.1497,137.8,0.7302,1.0777
2015-08-25,1.1506,137.84,0.729,1.0834
2015-08-26,1.1402,136.46,0.7314,1.0778
2015-08-27,1.1284,135.62,0.7312,1.0771
2015-08-28,1.1268,136.16,0.7321,1.0807
2015-08-31,1.1215,136.07,0.72753,1.0825
2015-09-01,1.1236,134.87,0.7328,1.0825
2015-09-02,1.1255,135.21,0.7369,1.0867
2015-09-03,1.1229,134.98,0.7345,1.0903
2015-09-04,1.1138,132.82,0.7315,1.0839
2015-09-07,1.1146,133.09,0.73035,1.0871
2015-09-08,1.1162,133.82,0.7244,1.092
2015-09-09,1.1139,134.65,0.7251,1.0893
2015-09-10,1.1185,135.38,0.72655,1.0923
2015-09-11,1.1268,136.02,0.7306,1.1031
2015-09-14,1.1305,136.04,0.7334,1.0979
2015-09-15,1.132,135.44,0.7346,1.0971
2015-09-16,1.1228,135.45,0.72665,1.0943
2015-09-17,1.1312,136.76,0.72865,1.095
2015-09-18,1.1419,136.31,0.7298,1.0913
2015-09-21,1.125,135.5,0.7243,1.0906
2015-09-22,1.1155,133.75,0.7223,1.086
2015-09-23,1.115,134.03,0.7297,1.0882
2015-09-24,1.1241,134.48,0.7387,1.0928
2015-09-25,1.1151,134.92,0.73475,1.0922
2015-09-28,1.117,134.13,0.7352,1.0941
2015-09-29,1.1204,134.38,0.7391,1.0901
2015-09-30,1.1203,134.69,0.7385,1.0915
2015-10-01,1.1153,133.56,0.7367,1.0903
2015-10-02,1.116,134.24,0.7358,1.0923
2015-10-05,1.1236,135.07,0.7402,1.0938
2015-10-06,1.1224,135.07,0.7399,1.0936
2015-10-07,1.1266,135.3,0.7358,1.0882
2015-10-08,1.1254,134.92,0.7366,1.0935
2015-10-09,1.1362,136.65,0.7407,1.0919
2015-10-12,1.1373,136.61,0.7401,1.0928
2015-10-13,1.1374,136.16,0.748,1.091
2015-10-14,1.141,136.48,0.7418,1.0901
2015-10-15,1.1439,135.23,0.7397,1.0873
2015-10-16,1.136,135.25,0.7356,1.0809
2015-10-19,1.1333,135.29,0.7317,1.0834
2015-10-20,1.1373,136.16,0.7352,1.0823
2015-10-21,1.1354,136.3,0.7349,1.0864
2015-10-22,1.1313,135.49,0.7314,1.0886
2015-10-23,1.1084,133.8,0.71955,1.0793
2015-10-26,1.1011,133.26,0.7184,1.0823
2015-10-27,1.1061,133.06,0.7214,1.088
2015-10-28,1.1085,133.38,0.7248,1.0899
2015-10-29,1.093,132.3,0.7167,1.0851
2015-10-30,1.1017,132.88,0.7182,1.09
2015-11-02,1.1032,133.02,0.7132,1.0885
2015-11-03,1.0976,132.65,0.71315,1.0869
2015-11-04,1.0935,132.45,0.7094,1.0813
2015-11-05,1.0883,132.65,0.7126,1.0833
2015-11-06,1.0864,132.41,0.71765,1.083
2015-11-09,1.0776,133.08,0.7141,1.0815
2015-11-10,1.0711,131.98,0.7084,1.0765
2015-11-11,1.0716,131.9,0.706,1.0783
2015-11-12,1.0726,131.92,0.7064,1.0769
2015-11-13,1.0764,132.04,0.70705,1.0786
2015-11-16,1.0723,132.01,0.7058,1.0791
2015-11-17,1.067,131.49,0.7017,1.0806
2015-11-18,1.0666,131.65,0.7009,1.0838
2015-11-19,1.0687,131.6,0.6998,1.0893
2015-11-20,1.0688,131.28,0.701,1.0844
2015-11-23,1.0631,130.92,0.7025,1.0848
2015-11-24,1.0651,130.52,0.7062,1.0832
2015-11-25,1.0586,129.94,0.70175,1.082
2015-11-26,1.0612,130.06,0.7028,1.0868
2015-11-27,1.058,129.75,0.7029,1.09
2015-11-30,1.0579,130.22,0.7048,1.0903
2015-12-01,1.06,130.57,0.7036,1.0908
2015-12-02,1.0612,130.7,0.7059,1.088
2015-12-03,1.0671,131.58,0.7122,1.084
2015-12-04,1.0902,134.08,0.7201,1.0882
2015-12-07,1.0809,133.4,0.7177,1.083
2015-12-08,1.0875,133.64,0.7271,1.082
2015-12-09,1.0941,134.04,0.7251,1.083
2015-12-10,1.0943,132.97,0.7235,1.0806
2015-12-11,1.095,133.02,0.7224,1.0819
2015-12-14,1.0983,132.54,0.726,1.0771
2015-12-15,1.099,132.97,0.7252,1.0831
2015-12-16,1.0933,133.18,0.7283,1.0824
2015-12-17,1.0841,132.82,0.7266,1.0807
2015-12-18,1.0836,131.6,0.72666,1.0768
2015-12-21,1.087,131.93,0.72985,1.0804
2015-12-22,1.0952,132.42,0.7362,1.0818
2015-12-23,1.0916,131.92,0.733,1.0812
2015-12-24,1.0947,131.83,0.7342,1.0806
2015-12-28,1.0962,132.05,0.73535,1.0838
2015-12-29,1.0952,131.88,0.74005,1.0846
2015-12-30,1.0926,131.66,0.73799,1.0814
2015-12-31,1.0887,131.07,0.73395,1.0835
2016-01-04,1.0898,129.78,0.7381,1.0891
2016-01-05,1.0746,127.88,0.73235,1.0847
2016-01-06,1.0742,127.19,0.7344,1.0846
2016-01-07,1.0868,127.74,0.74545,1.0875
2016-01-08,1.0861,128.51,0.74519,1.086
2016-01-11,1.0888,128.33,0.74705,1.0863
2016-01-12,1.0836,127.79,0.7508,1.0855
2016-01-13,1.0816,127.74,0.7502,1.0926
2016-01-14,1.0893,128.26,0.75703,1.095
2016-01-15,1.0914,127.8,0.7615,1.0951
2016-01-18,1.0892,127.78,0.76263,1.0946
2016-01-19,1.0868,128.12,0.76473,1.0922
2016-01-20,1.0907,127.28,0.77,1.0932
2016-01-21,1.0893,127.43,0.77182,1.0949
2016-01-22,1.0808,127.77,0.75459,1.095
2016-01-25,1.0815,128.07,0.7589,1.0981
2016-01-26,1.0837,128.22,0.76095,1.1008
2016-01-27,1.0888,128.91,0.75965,1.1068
2016-01-28,1.0903,129.62,0.76228,1.1053
2016-01-29,1.092,132.25,0.7641,1.1144
2016-02-01,1.0884,131.99,0.761,1.1096
2016-02-02,1.0919,131.84,0.7586,1.1147
2016-02-03,1.0933,130.58,0.7533,1.1115
2016-02-04,1.1206,131.49,0.76595,1.1169
2016-02-05,1.1202,130.71,0.76975,1.1101
2016-02-08,1.1101,129.11,0.7724,1.1051
2016-02-09,1.1236,129.07,0.77945,1.0997
2016-02-10,1.1257,129.42,0.77328,1.096
2016-02-11,1.1347,127.3,0.7874,1.1027
2016-02-12,1.1275,127.07,0.77735,1.0989
2016-02-15,1.118,127.6,0.772,1.1009
2016-02-16,1.1166,127.02,0.7758,1.1018
2016-02-17,1.1136,127.1,0.77835,1.1034
2016-02-18,1.1084,126.17,0.77143,1.1028
2016-02-19,1.1096,125.4,0.77715,1.1017
2016-02-22,1.1026,124.85,0.78243,1.1008
2016-02-23,1.1002,123.12,0.77985,1.0921
2016-02-24,1.0981,122.86,0.78935,1.0914
2016-02-25,1.1027,124.01,0.7892,1.0935
2016-02-26,1.1006,124.42,0.78745,1.0929
2016-02-29,1.0888,123.14,0.7858,1.0914
2016-03-01,1.0872,122.94,0.778,1.086
2016-03-02,1.0856,124.07,0.7741,1.0845
2016-03-03,1.0901,124.23,0.77435,1.084
2016-03-04,1.097,124.77,0.77483,1.0898
2016-03-07,1.0953,124.45,0.77438,1.0962
2016-03-08,1.1028,124.6,0.77608,1.0952
2016-03-09,1.0973,123.63,0.77135,1.0978
2016-03-10,1.0857,123.87,0.76728,1.0941
2016-03-11,1.109,126.17,0.77595,1.0948
2016-03-14,1.1119,126.36,0.77428,1.0969
2016-03-15,1.1109,125.36,0.78358,1.0954
2016-03-16,1.1064,125.68,0.7873,1.096
2016-03-17,1.1311,126.28,0.78218,1.0959
2016-03-18,1.1279,125.79,0.77855,1.0919
2016-03-21,1.1271,125.94,0.78303,1.0916
2016-03-22,1.1212,125.13,0.7879,1.0887
2016-03-23,1.1171,126.01,0.78985,1.0894
2016-03-24,1.1154,125.41,0.78938,1.0875
2016-03-29,1.1194,127.13,0.7845,1.0915
2016-03-30,1.1324,127.37,0.7858,1.0913
2016-03-31,1.1385,127.9,0.79155,1.0931
2016-04-01,1.1432,128.07,0.7989,1.0946
2016-04-04,1.138,126.97,0.79738,1.0919
2016-04-05,1.1367,125.81,0.8016,1.0892
2016-04-06,1.1336,125.13,0.80808,1.0887
2016-04-07,1.1364,123.15,0.80728,1.0884
2016-04-08,1.1363,123.36,0.8073,1.0874
2016-04-11,1.139,123.28,0.8006,1.0877
2016-04-12,1.1396,123.44,0.7984,1.0874
2016-04-13,1.1298,123.47,0.79388,1.0887
2016-04-14,1.1252,123.09,0.7956,1.0878
2016-04-15,1.1284,122.91,0.79575,1.0919
2016-04-18,1.1306,122.32,0.7978,1.0916
2016-04-19,1.1343,124.1,0.78975,1.0922
2016-04-20,1.1379,124.2,0.791,1.0939
2016-04-21,1.1355,124.5,0.78693,1.0989
2016-04-22,1.1263,124.86,0.78335,1.0991
2016-04-25,1.1264,124.95,0.7764,1.0973
2016-04-26,1.1287,125.45,0.77483,1.1
2016-04-27,1.1303,125.79,0.77475,1.0998
2016-04-28,1.1358,122.84,0.77838,1.0974
2016-04-29,1.1403,122.34,0.78025,1.0984
2016-05-02,1.1493,122.47,0.78248,1.0999
2016-05-03,1.1569,122.53,0.79103,1.0977
2016-05-04,1.1505,122.62,0.79284,1.0993
2016-05-05,1.1439,122.51,0.7886,1.1018
2016-05-06,1.1427,122.23,0.7885,1.107
2016-05-09,1.1395,123.39,0.78998,1.1053
2016-05-10,1.1375,124.12,0.7876,1.1079
2016-05-11,1.1409,124.09,0.78958,1.1099
2016-05-12,1.1389,124.5,0.78888,1.1063
2016-05-13,1.1348,123.56,0.78758,1.1024
2016-05-16,1.1324,123.27,0.788,1.1059
2016-05-17,1.1318,123.93,0.7815,1.108
2016-05-18,1.1279,123.38,0.77485,1.1086
2016-05-19,1.1197,123.17,0.76585,1.1089
2016-05-20,1.1219,123.81,0.77008,1.1123
2016-05-23,1.1215,122.7,0.77443,1.1105
2016-05-24,1.1168,122.56,0.76513,1.1079
2016-05-25,1.1146,122.79,0.75925,1.1049
2016-05-26,1.1168,122.93,0.7597,1.1075
2016-05-27,1.1168,122.46,0.76245,1.1068
2016-05-30,1.1139,123.85,0.76125,1.1058
2016-05-31,1.1154,123.83,0.76185,1.1044
2016-06-01,1.1174,122.07,0.77358,1.1055
2016-06-02,1.1188,121.96,0.77335,1.1062
2016-06-03,1.1154,121.47,0.77285,1.105
2016-06-06,1.1349,121.58,0.7872,1.1051
2016-06-07,1.1348,122.16,0.7788,1.0979
2016-06-08,1.1378,121.77,0.78048,1.0942
2016-06-09,1.1343,120.72,0.78438,1.0916
2016-06-10,1.1304,120.79,0.7848,1.0885
2016-06-13,1.1268,119.51,0.79515,1.0888
2016-06-14,1.1225,118.98,0.79478,1.0832
2016-06-15,1.123,119.29,0.79158,1.0817
2016-06-16,1.1174,116.65,0.79033,1.0812
2016-06-17,1.1254,117.34,0.7877,1.0818
2016-06-20,1.1332,118.57,0.77375,1.0884
2016-06-21,1.1314,118.39,0.76755,1.085
2016-06-22,1.1283,118.01,0.76793,1.083
2016-06-23,1.1389,120.38,0.76595,1.0876
2016-06-24,1.1066,113.23,0.8075,1.0808
2016-06-27,1.0998,111.8,0.834,1.0736
2016-06-28,1.1073,113.4,0.8272,1.0845
2016-06-29,1.109,113.85,0.8255,1.0854
2016-06-30,1.1102,114.05,0.8265,1.0867
2016-07-01,1.1135,114.29,0.8383,1.0835
2016-07-04,1.1138,114.29,0.83905,1.0839
2016-07-05,1.1146,113.5,0.84997,1.0837
2016-07-06,1.1069,111.48,0.853,1.0821
2016-07-07,1.108,111.9,0.85085,1.082
2016-07-08,1.107,111.17,0.85243,1.0855
2016-07-11,1.1049,113.23,0.85097,1.0867
2016-07-12,1.1092,115.29,0.84275,1.0904
2016-07-13,1.1072,115.82,0.83398,1.0909
2016-07-14,1.1157,117.88,0.83311,1.09
2016-07-15,1.1128,117.63,0.83275,1.0899
2016-07-18,1.1053,116.82,0.83372,1.0869
2016-07-19,1.1035,117.2,0.8395,1.0877
2016-07-20,1.1013,117.33,0.83605,1.0882
2016-07-21,1.1015,117.05,0.83595,1.0872
2016-07-22,1.1014,116.86,0.84108,1.086
2016-07-25,1.0982,116.64,0.8367,1.0839
2016-07-26,1.0997,114.67,0.8371,1.087
2016-07-27,1.0991,116.23,0.83875,1.0928
2016-07-28,1.109,116.14,0.8422,1.0892
2016-07-29,1.1113,114.83,0.844,1.0823
2016-08-01,1.1164,114.28,0.8454,1.0807
2016-08-02,1.1193,113.72,0.8431,1.081
2016-08-03,1.12,113.22,0.8391,1.0845
2016-08-04,1.1136,112.66,0.84603,1.0834
2016-08-05,1.1156,112.73,0.8481,1.0852
2016-08-08,1.1087,113.59,0.84955,1.0883
2016-08-09,1.1078,113.27,0.85399,1.0899
2016-08-10,1.1184,113.09,0.85541,1.0923
2016-08-11,1.1153,113.05,0.86038,1.0859
2016-08-12,1.1158,113.77,0.8605,1.0888
2016-08-15,1.118,112.97,0.86677,1.0893
2016-08-16,1.1295,112.74,0.8706,1.0849
2016-08-17,1.1276,113.53,0.8664,1.0863
2016-08-18,1.1321,113.6,0.86073,1.0853
2016-08-19,1.1326,113.53,0.86537,1.0852
2016-08-22,1.1306,113.73,0.8624,1.0886
2016-08-23,1.1339,113.48,0.85995,1.0896
2016-08-24,1.1268,112.95,0.8513,1.0891
2016-08-25,1.129,113.45,0.8557,1.0905
2016-08-26,1.129,113.33,0.8545,1.0933
2016-08-29,1.117,114.24,0.85476,1.0937
2016-08-30,1.1168,114.27,0.8517,1.0951
2016-08-31,1.1132,115.01,0.84806,1.0957
2016-09-01,1.1146,115.59,0.8405,1.0978
2016-09-02,1.1193,115.83,0.8426,1.0959
2016-09-05,1.1156,115.24,0.83643,1.0925
2016-09-06,1.1159,115.39,0.83535,1.0923
2016-09-07,1.1237,114.23,0.83968,1.0891
2016-09-08,1.1296,114.8,0.8456,1.0917
2016-09-09,1.1268,115.85,0.84558,1.0969
2016-09-12,1.1226,114.38,0.84475,1.0935
2016-09-13,1.1247,114.98,0.84763,1.0925
2016-09-14,1.1218,115.37,0.85078,1.0945
2016-09-15,1.1254,114.98,0.85198,1.0941
2016-09-16,1.1226,114.35,0.85203,1.0941
2016-09-19,1.1165,113.65,0.855,1.0955
2016-09-20,1.1184,113.93,0.86213,1.0943
2016-09-21,1.115,112.49,0.85693,1.0883
2016-09-22,1.1238,113.19,0.85925,1.0867
2016-09-23,1.1214,113.02,0.86435,1.0887
2016-09-26,1.1262,113.11,0.8709,1.0905
2016-09-27,1.122,112.52,0.86413,1.088
2016-09-28,1.1225,112.93,0.86208,1.0891
2016-09-29,1.1221,113.88,0.86138,1.0876
2016-09-30,1.1161,113.09,0.86103,1.0876
2016-10-03,1.1236,113.9,0.87318,1.0918
2016-10-04,1.1161,114.5,0.8754,1.0949
2016-10-05,1.1211,115.65,0.88155,1.0959
2016-10-06,1.1185,116.0,0.88323,1.0942
2016-10-07,1.114,115.44,0.90353,1.0946
2016-10-10,1.116,115.39,0.9007,1.096
2016-10-11,1.1079,114.9,0.90233,1.0938
2016-10-12,1.102,114.5,0.8999,1.0906
2016-10-13,1.1038,114.49,0.9043,1.0904
2016-10-14,1.1002,114.76,0.8991,1.0889
2016-10-17,1.0994,114.46,0.90485,1.0872
2016-10-18,1.0993,114.37,0.89565,1.0886
2016-10-19,1.0979,113.49,0.89338,1.0854
2016-10-20,1.098,113.76,0.89568,1.0852
2016-10-21,1.0886,112.96,0.8932,1.0825
2016-10-24,1.0891,113.29,0.89015,1.0821
2016-10-25,1.0872,113.65,0.88998,1.0848
2016-10-26,1.0925,113.97,0.89465,1.0838
2016-10-27,1.0927,114.39,0.89158,1.0838
2016-10-28,1.0922,115.1,0.89905,1.0855
2016-10-31,1.0946,114.97,0.9005,1.082
2016-11-01,1.1025,115.57,0.90173,1.0823
2016-11-02,1.1095,114.62,0.90063,1.0787
2016-11-03,1.1064,114.25,0.88658,1.0787
2016-11-04,1.1093,114.24,0.88808,1.0774
2016-11-07,1.1062,115.4,0.8904,1.0789
2016-11-08,1.1038,115.66,0.89088,1.0778
2016-11-09,1.1022,114.54,0.8903,1.0793
2016-11-10,1.0895,116.4,0.87785,1.0762
2016-11-11,1.0904,115.96,0.86133,1.0732
2016-11-14,1.0777,116.27,0.85985,1.0739
2016-11-15,1.0765,116.55,0.86638,1.0758
2016-11-16,1.0702,117.25,0.8611,1.0738
2016-11-17,1.0717,117.12,0.86055,1.0737
2016-11-18,1.0629,116.95,0.86218,1.0711
2016-11-21,1.0631,117.59,0.85725,1.0727
2016-11-22,1.0617,117.74,0.85423,1.073
2016-11-23,1.0602,118.04,0.85393,1.0731
2016-11-24,1.0548,119.43,0.848,1.0727
2016-11-25,1.0592,119.73,0.85182,1.0736
2016-11-28,1.0588,119.25,0.85303,1.0751
2016-11-29,1.0576,119.48,0.84815,1.0752
2016-11-30,1.0635,120.48,0.8525,1.0803
2016-12-01,1.0627,121.39,0.84098,1.0764
2016-12-02,1.0642,121.2,0.84303,1.0751
2016-12-05,1.0702,122.32,0.84168,1.0797
2016-12-06,1.0734,122.28,0.8421,1.0833
2016-12-07,1.073,122.42,0.85095,1.0834
2016-12-08,1.0762,122.61,0.84995,1.0853
2016-12-09,1.0559,121.48,0.83935,1.0756
2016-12-12,1.0596,122.69,0.839,1.0772
2016-12-13,1.061,122.27,0.83488,1.0742
2016-12-14,1.0644,122.39,0.83963,1.0747
2016-12-15,1.0419,123.03,0.83598,1.0733
2016-12-16,1.0439,123.38,0.8389,1.0751
2016-12-19,1.0422,122.19,0.8414,1.0709
2016-12-20,1.0364,122.43,0.83978,1.0687
2016-12-21,1.0421,122.31,0.8424,1.0689
2016-12-22,1.0444,122.86,0.84645,1.0706
2016-12-23,1.0446,122.6,0.85278,1.0711
2016-12-27,1.0445,122.61,0.853,1.0754
2016-12-28,1.0401,122.39,0.85128,1.0714
2016-12-29,1.0453,122.04,0.853,1.0714
2016-12-30,1.0541,123.4,0.85618,1.0739
2017-01-02,1.0465,122.92,0.8514,1.0711
2017-01-03,1.0385,122.75,0.84565,1.0702
2017-01-04,1.0437,122.64,0.84945,1.0707
2017-01-05,1.0501,122.38,0.8544,1.0704
2017-01-06,1.0589,122.83,0.85648,1.0725
2017-01-09,1.0516,122.66,0.8666,1.0721
2017-01-10,1.0567,122.84,0.8694,1.0737
2017-01-11,1.0503,122.14,0.86725,1.0721
2017-01-12,1.0679,121.69,0.86843,1.0742
2017-01-13,1.0661,121.91,0.87548,1.0728
2017-01-16,1.0594,120.91,0.87808,1.0709
2017-01-17,1.0684,121.1,0.8679,1.0712
2017-01-18,1.0664,121.05,0.86833,1.0706
2017-01-19,1.0668,122.23,0.86555,1.0729
2017-01-20,1.0632,122.47,0.86595,1.0727
2017-01-23,1.0715,121.72,0.86148,1.0727
2017-01-24,1.0748,121.85,0.8635,1.0738
2017-01-25,1.0743,121.79,0.85323,1.0732
2017-01-26,1.07,122.4,0.85143,1.0693
2017-01-27,1.0681,123.01,0.8517,1.0689
2017-01-30,1.063,121.76,0.84935,1.0669
2017-01-31,1.0755,121.94,0.86105,1.0668
2017-02-01,1.079,122.25,0.85418,1.068
2017-02-02,1.0808,121.4,0.86068,1.069
2017-02-03,1.0741,121.49,0.86013,1.0695
2017-02-06,1.0712,120.28,0.8595,1.067
2017-02-07,1.0675,119.94,0.8633,1.0658
2017-02-08,1.0665,119.39,0.85315,1.0637
2017-02-09,1.0692,120.04,0.8509,1.0672
2017-02-10,1.0629,120.65,0.8529,1.0669
2017-02-13,1.0629,120.9,0.8489,1.0673
2017-02-14,1.0623,120.43,0.85098,1.0659
2017-02-15,1.0555,120.85,0.84998,1.0652
2017-02-16,1.0652,120.95,0.8511,1.0647
2017-02-17,1.065,120.08,0.8572,1.0637
2017-02-20,1.0616,120.11,0.85145,1.065
2017-02-21,1.0537,119.77,0.8486,1.0639
2017-02-22,1.0513,118.79,0.8445,1.0642
2017-02-23,1.0573,119.3,0.84628,1.0663
2017-02-24,1.0609,119.04,0.84503,1.0649
2017-02-27,1.0587,118.87,0.8528,1.0664
2017-02-28,1.0597,118.83,0.85305,1.0648
2017-03-01,1.0533,119.84,0.8555,1.0647
2017-03-02,1.0514,120.24,0.8556,1.0651
2017-03-03,1.0565,120.83,0.86355,1.0675
2017-03-06,1.0592,120.55,0.863,1.0694
2017-03-07,1.0576,120.61,0.8671,1.073
2017-03-08,1.0556,120.65,0.86753,1.0702
2017-03-09,1.0551,120.95,0.86653,1.0709
2017-03-10,1.0606,122.42,0.8725,1.0743
2017-03-13,1.0663,122.35,0.87258,1.0749
2017-03-14,1.0631,122.13,0.87563,1.0726
2017-03-15,1.0622,121.77,0.87073,1.0715
2017-03-16,1.0726,121.55,0.8681,1.0695
2017-03-17,1.0737,121.49,0.86868,1.0698
2017-03-20,1.0752,121.19,0.86793,1.072
2017-03-21,1.0802,121.58,0.86753,1.075
2017-03-22,1.0807,120.07,0.8679,1.0714
2017-03-23,1.0786,119.36,0.86273,1.07
2017-03-24,1.0805,120.09,0.866,1.0718
2017-03-27,1.0889,119.93,0.86403,1.0713
2017-03-28,1.0859,119.84,0.86455,1.0693
2017-03-29,1.0748,119.17,0.86385,1.0712
2017-03-30,1.0737,119.39,0.8618,1.0698
2017-03-31,1.0691,119.55,0.85553,1.0696
2017-04-03,1.0661,118.64,0.8526,1.0682
2017-04-04,1.0651,117.55,0.85623,1.0673
2017-04-05,1.0678,118.49,0.8551,1.0708
2017-04-06,1.0666,118.23,0.8559,1.0702
2017-04-07,1.063,117.64,0.85573,1.0695
2017-04-10,1.0578,117.72,0.85335,1.0682
2017-04-11,1.0616,117.36,0.8533,1.0696
2017-04-12,1.0605,116.22,0.8484,1.0678
2017-04-13,1.063,116.01,0.84763,1.0686
2017-04-18,1.0682,116.26,0.84375,1.0686
2017-04-19,1.0725,116.91,0.8343,1.069
2017-04-20,1.0745,117.16,0.8392,1.0701
2017-04-21,1.0698,116.72,0.8372,1.068
2017-04-24,1.0848,119.67,0.8483,1.0806
2017-04-25,1.0891,120.34,0.84928,1.0826
2017-04-26,1.0893,121.35,0.84903,1.0835
2017-04-27,1.0881,121.27,0.8442,1.082
2017-04-28,1.093,121.76,0.84473,1.0831
2017-05-02,1.0915,122.55,0.8452,1.0852
2017-05-03,1.0919,122.47,0.8444,1.0812
2017-05-04,1.0927,123.31,0.84765,1.0843
2017-05-05,1.0961,123.29,0.8471,1.0839
2017-05-08,1.0938,123.1,0.84465,1.0878
2017-05-09,1.0888,124.04,0.843,1.0938
2017-05-10,1.0882,123.84,0.83985,1.0949
2017-05-11,1.086,123.69,0.84485,1.0952
2017-05-12,1.0876,123.82,0.84588,1.0963
2017-05-15,1.0972,124.45,0.84928,1.0944
2017-05-16,1.1059,125.67,0.85868,1.0958
2017-05-17,1.1117,124.82,0.85745,1.0923
2017-05-18,1.1129,123.05,0.85363,1.0874
2017-05-19,1.1179,124.35,0.85908,1.0921
2017-05-22,1.1243,125.18,0.86353,1.0911
2017-05-23,1.1215,124.62,0.86463,1.0912
2017-05-24,1.1193,125.15,0.8634,1.0929
2017-05-25,1.1214,125.33,0.86528,1.0904
2017-05-26,1.1196,124.38,0.8719,1.0888
2017-05-29,1.1188,124.57,0.87093,1.09
2017-05-30,1.1173,123.97,0.86793,1.0903
2017-05-31,1.1221,124.4,0.87365,1.0896
2017-06-01,1.1219,124.53,0.8723,1.0883
2017-06-02,1.1217,125.02,0.87268,1.0893
2017-06-05,1.1249,124.3,0.8713,1.0856
2017-06-06,1.1258,123.12,0.8723,1.0851
2017-06-07,1.1217,122.78,0.86908,1.0843
2017-06-08,1.1229,123.77,0.86755,1.0856
2017-06-09,1.1176,123.44,0.87638,1.0863
2017-06-12,1.1221,123.3,0.88545,1.0857
2017-06-13,1.1217,123.43,0.88075,1.085
2017-06-14,1.1203,123.58,0.8796,1.0874
2017-06-15,1.1166,122.95,0.8764,1.0874
2017-06-16,1.1167,124.33,0.87453,1.0885
2017-06-19,1.1199,124.26,0.87518,1.087
2017-06-20,1.1156,124.25,0.88143,1.0854
2017-06-21,1.1147,124.21,0.8781,1.0857
2017-06-22,1.1169,124.27,0.88168,1.0867
2017-06-23,1.1173,124.36,0.87805,1.0851
2017-06-26,1.1187,124.93,0.8783,1.0881
2017-06-27,1.1278,126.16,0.8837,1.0883
2017-06-28,1.1375,127.53,0.88525,1.0913
2017-06-29,1.1413,128.59,0.8799,1.0935
2017-06-30,1.1412,127.75,0.87933,1.093
2017-07-03,1.1369,128.46,0.87705,1.0943
2017-07-04,1.1353,128.57,0.87805,1.0954
2017-07-05,1.1329,128.64,0.87735,1.095
2017-07-06,1.1385,129.01,0.88013,1.0975
2017-07-07,1.1412,129.8,0.88488,1.0983
2017-07-10,1.1387,129.98,0.88443,1.1007
2017-07-11,1.1405,130.36,0.88318,1.104
2017-07-12,1.1449,130.02,0.88925,1.1027
2017-07-13,1.1417,129.17,0.88215,1.1011
2017-07-14,1.1415,129.1,0.87983,1.1051
2017-07-17,1.1462,128.86,0.87755,1.1012
2017-07-18,1.1555,129.46,0.8878,1.1025
2017-07-19,1.1533,129.03,0.88485,1.0994
2017-07-20,1.1485,128.92,0.88718,1.1039
2017-07-21,1.1642,129.72,0.8961,1.1051
2017-07-24,1.1648,129.09,0.8935,1.102
2017-07-25,1.1694,130.28,0.89395,1.1063
2017-07-26,1.1644,130.26,0.89275,1.1152
2017-07-27,1.1694,130.32,0.88978,1.1232
2017-07-28,1.1729,130.37,0.89568,1.1357
2017-07-31,1.1727,129.7,0.8942,1.1359
2017-08-01,1.1812,130.53,0.8944,1.1414
2017-08-02,1.1829,130.98,0.89425,1.1459
2017-08-03,1.186,130.91,0.90318,1.1501
2017-08-04,1.1868,130.67,0.9028,1.1494
2017-08-07,1.1797,130.78,0.90435,1.148
2017-08-08,1.1814,130.31,0.90678,1.1478
2017-08-09,1.1731,128.74,0.90338,1.1293
2017-08-10,1.1732,128.76,0.90303,1.1341
2017-08-11,1.1765,128.41,0.90645,1.132
2017-08-14,1.1797,129.28,0.90935,1.1422
2017-08-15,1.1744,129.67,0.91145,1.1417
2017-08-16,1.171,129.79,0.90993,1.1406
2017-08-17,1.1697,128.81,0.90895,1.1311
2017-08-18,1.174,128.02,0.91188,1.1287
2017-08-21,1.1761,128.17,0.91318,1.1362
2017-08-22,1.1771,128.73,0.91713,1.1364
2017-08-23,1.1799,128.71,0.92133,1.1392
2017-08-24,1.1806,129.06,0.92,1.1375
2017-08-25,1.1808,129.59,0.92083,1.139
2017-08-28,1.1925,130.34,0.92328,1.1389
2017-08-29,1.2048,130.86,0.92965,1.1386
2017-08-30,1.1916,131.25,0.92246,1.1422
2017-08-31,1.1825,130.81,0.91973,1.1446
2017-09-01,1.192,131.29,0.92075,1.1441
2017-09-04,1.1905,130.6,0.91855,1.1399
2017-09-05,1.189,129.99,0.9174,1.1407
2017-09-06,1.1931,129.92,0.91428,1.1399
2017-09-07,1.1971,130.34,0.91403,1.1412
2017-09-08,1.206,129.5,0.91268,1.1405
2017-09-11,1.1997,130.38,0.90775,1.1404
2017-09-12,1.1933,130.93,0.89878,1.1444
2017-09-13,1.1979,131.79,0.90243,1.1496
2017-09-14,1.1885,131.55,0.89123,1.1496
2017-09-15,1.1963,132.92,0.88043,1.148
2017-09-18,1.1948,133.09,0.88253,1.1464
2017-09-19,1.1972,133.44,0.88622,1.1535
2017-09-20,1.2007,133.63,0.8868,1.1532
2017-09-21,1.1905,133.86,0.8824,1.1585
2017-09-22,1.1961,134.01,0.88155,1.1588
2017-09-25,1.1867,133.19,0.87938,1.1562
2017-09-26,1.1787,131.99,0.87775,1.1452
2017-09-27,1.1741,132.6,0.87565,1.1451
2017-09-28,1.1778,132.56,0.87635,1.146
2017-09-29,1.1806,132.82,0.88178,1.1457
2017-10-02,1.1744,132.5,0.88418,1.1399
2017-10-03,1.1753,132.77,0.88793,1.1449
2017-10-04,1.1787,132.47,0.88768,1.1456
2017-10-05,1.1742,132.05,0.89153,1.1472
2017-10-06,1.1707,132.23,0.89535,1.1473
2017-10-09,1.1746,132.36,0.89195,1.1497
2017-10-10,1.1797,132.55,0.8941,1.1522
2017-10-11,1.183,132.72,0.8971,1.1524
2017-10-12,1.1856,133.12,0.90235,1.1552
2017-10-13,1.181,132.49,0.8898,1.1533
2017-10-16,1.1803,131.99,0.88753,1.1514
2017-10-17,1.1759,131.94,0.89148,1.1504
2017-10-18,1.1749,132.62,0.89283,1.1551
2017-10-19,1.1834,133.18,0.89815,1.1541
2017-10-20,1.1818,133.75,0.89623,1.1597
2017-10-23,1.174,133.59,0.8909,1.1581
2017-10-24,1.1761,133.95,0.89303,1.1613
2017-10-25,1.1785,134.41,0.88883,1.169
2017-10-26,1.1753,133.75,0.8901,1.1678
2017-10-27,1.1605,132.52,0.88633,1.1632
2017-10-30,1.1612,131.83,0.8798,1.1603
2017-10-31,1.1638,132.0,0.87853,1.1622
2017-11-01,1.1612,132.6,0.87385,1.164
2017-11-02,1.1645,132.9,0.8869,1.1647
2017-11-03,1.1657,132.82,0.88923,1.1635
2017-11-06,1.159,132.29,0.8839,1.1593
2017-11-07,1.1562,132.03,0.88038,1.1557
2017-11-08,1.159,131.54,0.88405,1.1581
2017-11-09,1.163,131.75,0.88633,1.1589
2017-11-10,1.1654,132.08,0.8837,1.1591
2017-11-13,1.1656,132.07,0.89018,1.1591
2017-11-14,1.1745,133.29,0.89585,1.1643
2017-11-15,1.184,133.45,0.8991,1.1675
2017-11-16,1.1771,133.12,0.89183,1.1686
2017-11-17,1.1795,132.82,0.89385,1.1696
2017-11-20,1.1781,132.1,0.8894,1.1676
2017-11-21,1.1718,131.87,0.88498,1.1641
2017-11-22,1.1749,131.61,0.8881,1.1609
2017-11-23,1.1848,131.79,0.89005,1.1613
2017-11-24,1.1877,132.24,0.8912,1.165
2017-11-27,1.1952,132.69,0.89375,1.1718
2017-11-28,1.1888,132.24,0.89538,1.168
2017-11-29,1.1827,132.24,0.88293,1.1664
2017-11-30,1.1849,133.08,0.87985,1.1699
2017-12-01,1.1885,133.7,0.88115,1.1691
2017-12-04,1.1865,133.91,0.87725,1.1665
2017-12-05,1.1847,133.37,0.88183,1.1673
2017-12-06,1.1817,132.52,0.88335,1.1678
2017-12-07,1.1786,132.88,0.88068,1.17
2017-12-08,1.1742,133.26,0.87525,1.1704
2017-12-11,1.1796,133.66,0.8825,1.1679
2017-12-12,1.1766,133.54,0.88068,1.1671
2017-12-13,1.1736,132.99,0.87905,1.1647
2017-12-14,1.1845,133.39,0.88163,1.1686
2017-12-15,1.1806,132.45,0.88253,1.1669
2017-12-18,1.1795,132.66,0.88208,1.1652
2017-12-19,1.1823,133.23,0.885,1.1643
2017-12-20,1.1845,134.16,0.8832,1.1702
2017-12-21,1.1859,134.59,0.88763,1.1725
2017-12-22,1.1853,134.37,0.88568,1.1735
2017-12-27,1.1895,134.7,0.88593,1.1772
2017-12-28,1.1934,134.74,0.88768,1.1704
2017-12-29,1.1993,135.01,0.88723,1.1702
2018-01-02,1.2065,135.35,0.88953,1.1718
2018-01-03,1.2023,134.97,0.8864,1.1736
2018-01-04,1.2065,135.92,0.89103,1.1763
2018-01-05,1.2045,136.45,0.88883,1.1757
2018-01-08,1.1973,135.34,0.88413,1.1709
2018-01-09,1.1932,134.31,0.8827,1.1727
2018-01-10,1.1992,133.62,0.8867,1.1725
2018-01-11,1.2017,134.19,0.89075,1.1736
2018-01-12,1.2137,134.88,0.88983,1.1787
2018-01-15,1.2277,135.81,0.89043,1.1799
2018-01-16,1.223,135.4,0.8886,1.1795
2018-01-17,1.2203,135.21,0.88568,1.1774
2018-01-18,1.2235,136.07,0.88208,1.1748
2018-01-19,1.2255,135.54,0.88365,1.1758
2018-01-22,1.2239,135.66,0.88085,1.1764
2018-01-23,1.2249,135.35,0.8783,1.1779
2018-01-24,1.2352,135.13,0.87183,1.1735
2018-01-25,1.2407,135.12,0.87038,1.168
2018-01-26,1.2436,135.95,0.87335,1.1632
2018-01-29,1.2379,134.75,0.8794,1.1563
2018-01-30,1.2421,134.98,0.8793,1.1589
2018-01-31,1.2457,135.6,0.8791,1.1631
2018-02-01,1.2459,136.62,0.8752,1.1603
2018-02-02,1.2492,137.22,0.8785,1.1596
2018-02-05,1.244,136.67,0.88568,1.1599
2018-02-06,1.2329,134.97,0.88885,1.1571
2018-02-07,1.2338,134.84,0.88675,1.161
2018-02-08,1.2252,134.31,0.87513,1.1555
2018-02-09,1.2273,133.59,0.8874,1.15
2018-02-12,1.2263,133.23,0.886,1.1503
2018-02-13,1.2333,132.82,0.88935,1.1522
2018-02-14,1.2348,132.4,0.8904,1.1519
2018-02-15,1.2493,133.11,0.8866,1.1545
2018-02-16,1.2464,132.34,0.88803,1.1521
2018-02-19,1.241,132.24,0.8859,1.1513
2018-02-20,1.234,132.25,0.88168,1.1537
2018-02-21,1.2312,132.41,0.88463,1.1551
2018-02-22,1.2276,131.47,0.88343,1.1508
2018-02-23,1.2299,131.28,0.8794,1.1505
2018-02-26,1.232,131.6,0.8782,1.153
2018-02-27,1.2301,131.77,0.884,1.1539
2018-02-28,1.2214,130.72,0.88415,1.152
2018-03-01,1.2171,129.98,0.8852,1.1519
2018-03-02,1.2312,129.77,0.8932,1.1512
2018-03-05,1.2307,130.02,0.8907,1.1549
2018-03-06,1.2411,131.84,0.89165,1.1626
2018-03-07,1.2417,131.41,0.89513,1.1673
2018-03-08,1.2421,131.83,0.89465,1.1731
2018-03-09,1.2291,131.31,0.88893,1.1695
2018-03-12,1.2302,131.04,0.8859,1.1681
2018-03-13,1.2378,132.31,0.8865,1.169
2018-03-14,1.2369,131.77,0.8863,1.1704
2018-03-15,1.2341,130.9,0.8848,1.1689
2018-03-16,1.2301,130.21,0.88253,1.1702
2018-03-19,1.2309,130.65,0.87593,1.1717
2018-03-20,1.2276,130.72,0.87715,1.1721
2018-03-21,1.2286,130.5,0.87403,1.1709
2018-03-22,1.2316,129.75,0.872,1.1671
2018-03-23,1.2346,129.74,0.87285,1.1703
2018-03-26,1.2411,130.47,0.87248,1.1739
2018-03-27,1.2376,131.04,0.8794,1.1764
2018-03-28,1.2398,131.6,0.87605,1.1801
2018-03-29,1.2321,131.15,0.8749,1.1779
2018-04-03,1.2308,130.76,0.87523,1.1775
2018-04-04,1.2276,130.43,0.87573,1.1776
2018-04-05,1.226,131.26,0.87395,1.1796
2018-04-06,1.2234,131.32,0.87295,1.1798
2018-04-09,1.2304,131.66,0.87088,1.179
2018-04-10,1.2361,132.28,0.87183,1.1792
2018-04-11,1.2384,132.26,0.8736,1.1855
2018-04-12,1.2323,132.04,0.86745,1.1876
2018-04-13,1.2317,132.64,0.864,1.1854
2018-04-16,1.237,132.77,0.86465,1.1878
2018-04-17,1.2357,132.35,0.8628,1.1908
2018-04-18,1.2388,132.82,0.87105,1.1979
2018-04-19,1.2382,132.88,0.86975,1.1976
2018-04-20,1.2309,132.41,0.87608,1.197
2018-04-23,1.2238,132.38,0.8764,1.1941
2018-04-24,1.2213,132.92,0.87468,1.1944
2018-04-25,1.2185,133.03,0.8738,1.1986
2018-04-26,1.2168,132.87,0.871,1.1976
2018-04-27,1.207,131.95,0.877,1.196
2018-04-30,1.2079,132.12,0.8796,1.1968
2018-05-02,1.2007,131.84,0.8804,1.1957
2018-05-03,1.1992,131.03,0.8818,1.1958
2018-05-04,1.1969,130.37,0.88235,1.195
2018-05-07,1.1902,130.15,0.8801,1.1964
2018-05-08,1.187,129.45,0.8793,1.1906
2018-05-09,1.1879,130.24,0.87445,1.1895
2018-05-10,1.1878,130.22,0.8781,1.1908
2018-05-11,1.1934,130.44,0.88,1.1933
2018-05-14,1.1988,131.27,0.8824,1.1965
2018-05-15,1.1883,130.77,0.879,1.191
2018-05-16,1.1784,129.83,0.87418,1.1792
2018-05-17,1.1805,130.66,0.8735,1.1819
2018-05-18,1.1781,130.69,0.87325,1.1773
2018-05-21,1.1759,130.84,0.8764,1.1753
2018-05-22,1.1794,130.7,0.87688,1.1738
2018-05-23,1.1708,128.61,0.87953,1.1598
2018-05-24,1.1728,128.46,0.87475,1.1607
2018-05-25,1.1675,127.72,0.8754,1.1593
2018-05-28,1.1644,127.33,0.87465,1.1577
2018-05-29,1.1558,125.88,0.87143,1.1517
2018-05-30,1.1632,126.76,0.875,1.1513
2018-05-31,1.1699,127.33,0.8768,1.1526
2018-06-01,1.1669,127.74,0.8768,1.1531
2018-06-04,1.1737,128.44,0.87673,1.1546
2018-06-05,1.1675,128.08,0.8739,1.1515
2018-06-06,1.1765,129.57,0.87683,1.1629
2018-06-07,1.1836,130.26,0.88123,1.1613
2018-06-08,1.1754,128.64,0.87733,1.1572
2018-06-11,1.179,129.62,0.8818,1.1631
2018-06-12,1.1788,130.03,0.88175,1.1615
2018-06-13,1.1764,130.03,0.8821,1.1616
2018-06-14,1.173,129.15,0.87683,1.1585
2018-06-15,1.1596,128.31,0.8732,1.1575
2018-06-18,1.1613,128.27,0.87655,1.1554
2018-06-19,1.1534,126.78,0.87693,1.1501
2018-06-20,1.1578,127.39,0.87878,1.1537
2018-06-21,1.1538,127.59,0.8737,1.1496
2018-06-22,1.1648,128.3,0.87663,1.1534
2018-06-25,1.17,128.21,0.8804,1.1549
2018-06-26,1.1672,127.95,0.8816,1.1543
2018-06-27,1.1616,128.08,0.88173,1.1536
2018-06-28,1.1583,127.63,0.8852,1.1556
2018-06-29,1.1658,129.04,0.88605,1.1569
2018-07-02,1.1639,128.86,0.8865,1.1563
2018-07-03,1.1665,129.09,0.8835,1.1573
2018-07-04,1.1642,128.64,0.88108,1.1557
2018-07-05,1.1709,129.53,0.8831,1.1613
2018-07-06,1.1724,129.65,0.88595,1.1634
2018-07-09,1.1789,130.21,0.88345,1.1646
2018-07-10,1.1713,130.3,0.88338,1.1649
2018-07-11,1.1735,130.53,0.88482,1.1653
2018-07-12,1.1658,131.13,0.88263,1.1642
2018-07-13,1.1643,131.04,0.88488,1.1704
2018-07-16,1.172,131.65,0.8827,1.1696
2018-07-17,1.1707,131.81,0.88725,1.1648
2018-07-18,1.1611,130.92,0.89118,1.1611
2018-07-19,1.1588,130.98,0.89298,1.1622
2018-07-20,1.167,130.94,0.89445,1.1633
2018-07-23,1.1716,130.18,0.8917,1.1614
2018-07-24,1.1706,130.06,0.89178,1.1626
2018-07-25,1.169,129.8,0.88855,1.1598
2018-07-26,1.1716,129.91,0.8886,1.1616
2018-07-27,1.1625,129.25,0.88823,1.1597
2018-07-30,1.1684,129.79,0.8907,1.1598
2018-07-31,1.1736,130.84,0.8922,1.1592
2018-08-01,1.1696,130.81,0.8904,1.1589
2018-08-02,1.1617,129.43,0.89145,1.155
2018-08-03,1.1588,129.3,0.8905,1.1528
2018-08-06,1.1543,128.68,0.8928,1.1513
2018-08-07,1.1602,128.88,0.89483,1.153
2018-08-08,1.1589,128.72,0.90085,1.1544
2018-08-09,1.1593,128.84,0.8994,1.1512
2018-08-10,1.1456,127.07,0.89675,1.1391
2018-08-13,1.1403,126.11,0.8933,1.1338
2018-08-14,1.1406,126.42,0.893,1.1298
2018-08-15,1.1321,125.67,0.8913,1.1289
2018-08-16,1.137,126.02,0.89498,1.1299
2018-08-17,1.1391,125.75,0.89575,1.1338
2018-08-20,1.142,126.25,0.89478,1.1366
2018-08-21,1.1502,127.01,0.8974,1.1372
2018-08-22,1.1616,128.08,0.89928,1.1401
2018-08-23,1.1579,128.31,0.89878,1.1383
2018-08-24,1.1588,128.97,0.902,1.1398
2018-08-27,1.1633,129.16,0.90365,1.1428
2018-08-28,1.171,130.03,0.9068,1.1427
2018-08-29,1.166,129.73,0.905,1.1385
2018-08-30,1.1692,130.32,0.89758,1.1339
2018-08-31,1.1651,129.05,0.8974,1.1281
2018-09-03,1.1609,129.03,0.90158,1.1268
2018-09-04,1.1562,128.6,0.90058,1.1261
2018-09-05,1.1582,129.17,0.90328,1.1288
2018-09-06,1.1634,129.55,0.89824,1.1275
2018-09-07,1.1615,128.74,0.89275,1.1217
2018-09-10,1.1571,128.54,0.8934,1.1267
2018-09-11,1.1574,128.82,0.89068,1.1276
2018-09-12,1.1585,129.13,0.89028,1.1277
2018-09-13,1.162,129.68,0.89,1.1265
2018-09-14,1.1689,130.75,0.89228,1.1274
2018-09-17,1.1671,130.79,0.88875,1.1236
2018-09-18,1.1697,131.21,0.88963,1.1245
2018-09-19,1.1667,130.94,0.88813,1.1304
2018-09-20,1.1769,131.98,0.8859,1.1312
2018-09-21,1.1759,132.44,0.894,1.1228
2018-09-24,1.1773,132.56,0.89458,1.129
2018-09-25,1.1777,132.78,0.89425,1.1376
2018-09-26,1.1737,132.61,0.8908,1.1369
2018-09-27,1.1707,132.15,0.88973,1.1371
2018-09-28,1.1576,131.23,0.8873,1.1316
2018-10-01,1.1606,132.25,0.89078,1.1414
2018-10-02,1.1543,131.46,0.89043,1.1354
2018-10-03,1.1548,131.47,0.88895,1.1412
2018-10-04,1.1502,131.31,0.8858,1.1409
2018-10-05,1.1506,131.03,0.88165,1.1433
2018-10-08,1.1478,130.11,0.8801,1.1396
2018-10-09,1.1435,129.45,0.8768,1.1381
2018-10-10,1.15,130.23,0.87448,1.1412
2018-10-11,1.1575,130.0,0.8749,1.143
2018-10-12,1.1574,129.99,0.8764,1.147
2018-10-15,1.1581,129.53,0.88045,1.1428
2018-10-16,1.1587,129.92,0.87593,1.1444
2018-10-17,1.153,129.43,0.87945,1.1453
2018-10-18,1.1505,129.44,0.87843,1.1451
2018-10-19,1.147,129.05,0.8802,1.1421
2018-10-22,1.1494,129.63,0.88425,1.1456
2018-10-23,1.1478,128.76,0.88103,1.1424
2018-10-24,1.1389,128.37,0.88233,1.1373
2018-10-25,1.1416,128.27,0.88533,1.1407
2018-10-26,1.1345,127.13,0.8868,1.1367
2018-10-29,1.1381,127.92,0.88788,1.1384
2018-10-30,1.1372,128.28,0.89148,1.1386
2018-10-31,1.1318,128.15,0.88873,1.1399
2018-11-01,1.1393,128.52,0.88173,1.143
2018-11-02,1.1417,128.89,0.8787,1.1422
2018-11-05,1.137,128.81,0.87535,1.1437
2018-11-06,1.1428,129.31,0.87313,1.146
2018-11-07,1.1487,130.02,0.87403,1.1444
2018-11-08,1.1424,129.9,0.87163,1.1456
2018-11-09,1.1346,129.26,0.87053,1.1414
2018-11-12,1.1265,128.2,0.87563,1.1368
2018-11-13,1.1261,128.32,0.86945,1.1368
2018-11-14,1.1296,128.64,0.87048,1.1395
2018-11-15,1.1305,128.16,0.8837,1.1365
2018-11-16,1.1346,128.37,0.8835,1.1431
2018-11-19,1.1427,128.89,0.89083,1.1391
2018-11-20,1.1421,128.34,0.88908,1.1328
2018-11-21,1.1409,129.04,0.89108,1.1341
2018-11-22,1.1403,128.8,0.88598,1.1351
2018-11-23,1.1352,128.07,0.8848,1.1316
2018-11-26,1.1363,128.7,0.8844,1.1332
2018-11-27,1.1328,128.66,0.88748,1.1309
2018-11-28,1.1284,128.47,0.88245,1.1273
2018-11-29,1.1387,128.99,0.89135,1.1324
2018-11-30,1.1359,128.99,0.89068,1.134
2018-12-03,1.1332,128.7,0.8915,1.1323
2018-12-04,1.1409,128.68,0.89058,1.1348
2018-12-05,1.1354,128.31,0.88885,1.1328
2018-12-06,1.1351,128.04,0.8893,1.1304
2018-12-07,1.1371,128.36,0.89085,1.1299
2018-12-10,1.1425,128.79,0.90245,1.1295
2018-12-11,1.1379,128.75,0.90228,1.1248
2018-12-12,1.1346,128.67,0.90135,1.1286
2018-12-13,1.1371,129.06,0.89848,1.1287
2018-12-14,1.1285,128.13,0.89835,1.1254
2018-12-17,1.1341,128.44,0.8989,1.1254
2018-12-18,1.1377,127.86,0.89715,1.1281
2018-12-19,1.1405,128.11,0.90318,1.1328
2018-12-20,1.1451,127.94,0.90335,1.1331
2018-12-21,1.1414,126.98,0.90215,1.1312
2018-12-24,1.1408,126.47,0.90038,1.1312
2018-12-27,1.1377,126.14,0.90073,1.1279
2018-12-28,1.1454,126.4,0.90273,1.1227
2018-12-31,1.145,125.85,0.89453,1.1269
2019-01-02,1.1397,124.28,0.90165,1.1239
2019-01-03,1.1348,122.21,0.90312,1.1219
2019-01-04,1.1403,123.2,0.89988,1.1256
2019-01-07,1.1445,123.9,0.8972,1.1227
2019-01-08,1.144,124.46,0.89743,1.1232
2019-01-09,1.1455,124.7,0.89913,1.123
2019-01-10,1.1535,124.7,0.90423,1.1276
2019-01-11,1.1533,124.91,0.90015,1.1327
2019-01-14,1.1467,123.93,0.89263,1.1258
2019-01-15,1.1424,124.02,0.89025,1.1266
2019-01-16,1.1389,123.91,0.8859,1.1269
2019-01-17,1.1396,123.95,0.8826,1.1312
2019-01-18,1.1402,124.78,0.88125,1.1331
2019-01-21,1.1362,124.6,0.88303,1.1343
2019-01-22,1.1354,124.25,0.88,1.1326
2019-01-23,1.1367,124.7,0.87213,1.1335
2019-01-24,1.1341,124.43,0.87085,1.1283
2019-01-25,1.1346,124.72,0.8658,1.131
2019-01-28,1.1418,124.94,0.86888,1.1331
2019-01-29,1.1422,125.03,0.86735,1.1352
2019-01-30,1.1429,125.08,0.87341,1.1403
2019-01-31,1.1488,124.81,0.87578,1.1409
2019-02-01,1.1471,124.91,0.87888,1.1396
2019-02-04,1.1445,125.77,0.87678,1.1421
2019-02-05,1.1423,125.59,0.87803,1.1436
2019-02-06,1.1394,125.05,0.8787,1.1394
2019-02-07,1.1345,124.41,0.8775,1.1357
2019-02-08,1.1346,124.57,0.8749,1.1357
2019-02-11,1.1309,124.63,0.87615,1.1351
2019-02-12,1.1296,124.7,0.87705,1.1381
2019-02-13,1.1305,125.19,0.87553,1.1371
2019-02-14,1.1268,125.12,0.87945,1.137
2019-02-15,1.126,124.45,0.87938,1.134
2019-02-18,1.1328,125.23,0.8762,1.1361
2019-02-19,1.1294,125.09,0.87185,1.1351
2019-02-20,1.1342,125.61,0.86945,1.1342
2019-02-21,1.1354,125.7,0.86805,1.1367
2019-02-22,1.1325,125.56,0.87263,1.1346
2019-02-25,1.1355,125.75,0.86828,1.1351
2019-02-26,1.1361,125.93,0.86055,1.1371
2019-02-27,1.1386,125.9,0.85503,1.1354
2019-02-28,1.1416,126.44,0.85835,1.1335
2019-03-01,1.1383,127.35,0.85968,1.1363
2019-03-04,1.1337,126.91,0.85775,1.1352
2019-03-05,1.1329,126.8,0.86358,1.1341
2019-03-06,1.1305,126.4,0.8597,1.136
2019-03-07,1.1271,125.97,0.8588,1.1355
2019-03-08,1.1222,124.72,0.85905,1.1324
2019-03-11,1.1244,124.91,0.8624,1.1349
2019-03-12,1.1275,125.27,0.86145,1.1369
2019-03-13,1.1303,125.89,0.8588,1.1373
2019-03-14,1.1295,126.09,0.85228,1.1351
2019-03-15,1.1308,126.16,0.85415,1.136
2019-03-18,1.1349,126.54,0.8566,1.136
2019-03-19,1.1358,126.59,0.85548,1.1353
2019-03-20,1.1354,126.63,0.8628,1.1338
2019-03-21,1.1387,125.92,0.8665,1.1309
2019-03-22,1.1302,124.6,0.8589,1.1243
2019-03-25,1.1325,124.65,0.85638,1.1237
2019-03-26,1.1291,124.72,0.8533,1.1222
2019-03-27,1.1261,124.42,0.85118,1.1196
2019-03-28,1.1218,124.16,0.85555,1.1185
2019-03-29,1.1235,124.45,0.8583,1.1181
2019-04-01,1.1236,124.68,0.85658,1.118
2019-04-02,1.12,124.73,0.86,1.1195
2019-04-03,1.1243,125.3,0.8539,1.1206
2019-04-04,1.1219,125.01,0.85418,1.1207
2019-04-05,1.1233,125.44,0.85938,1.1235
2019-04-08,1.1246,125.36,0.86183,1.1245
2019-04-09,1.1277,125.51,0.86335,1.127
2019-04-10,1.1279,125.38,0.86083,1.128
2019-04-11,1.1264,125.3,0.86168,1.1304
2019-04-12,1.1321,126.76,0.8629,1.1326
2019-04-15,1.1313,126.66,0.86305,1.1345
2019-04-16,1.1305,126.59,0.8639,1.1371
2019-04-17,1.1301,126.51,0.86593,1.14
2019-04-18,1.125,125.86,0.8647,1.1383
2019-04-23,1.1245,125.82,0.8645,1.147
2019-04-24,1.1209,125.34,0.86545,1.1416
2019-04-25,1.1123,124.45,0.86435,1.1368
2019-04-26,1.1133,124.45,0.8634,1.1372
2019-04-29,1.115,124.64,0.8634,1.1379
2019-04-30,1.1218,124.93,0.86248,1.1437
2019-05-02,1.1212,125.01,0.8593,1.1419
2019-05-03,1.1155,124.4,0.85785,1.1383
2019-05-06,1.1199,124.13,0.8547,1.1403
2019-05-07,1.1185,123.73,0.85645,1.1415
2019-05-08,1.1202,123.31,0.86095,1.1407
2019-05-09,1.1193,122.91,0.8612,1.139
2019-05-10,1.123,123.25,0.8625,1.1378
2019-05-13,1.1245,123.06,0.8635,1.1319
2019-05-14,1.1226,123.0,0.86723,1.1307
2019-05-15,1.1183,122.24,0.8682,1.1276
2019-05-16,1.1203,122.81,0.87463,1.1306
2019-05-17,1.1172,122.34,0.87595,1.1283
2019-05-20,1.1167,122.67,0.8762,1.1263
2019-05-21,1.1161,123.27,0.8761,1.1274
2019-05-22,1.1171,123.27,0.8828,1.1252
2019-05-23,1.1139,122.56,0.881,1.1224
2019-05-24,1.1187,122.61,0.88318,1.1215
2019-05-27,1.1198,122.56,0.88225,1.1257
2019-05-28,1.1192,122.45,0.88373,1.1254
2019-05-29,1.1156,121.91,0.88225,1.1217
2019-05-30,1.1134,122.1,0.88178,1.1228
2019-05-31,1.1151,121.27,0.88693,1.1214
2019-06-03,1.1185,121.17,0.88618,1.1162
2019-06-04,1.1244,121.62,0.88738,1.1178
2019-06-05,1.1257,121.96,0.88631,1.1163
2019-06-06,1.1266,121.82,0.88558,1.1174
2019-06-07,1.1273,122.27,0.88675,1.1191
2019-06-10,1.1301,122.78,0.89248,1.12
2019-06-11,1.132,123.09,0.89085,1.1233
2019-06-12,1.1323,122.72,0.88805,1.1252
2019-06-13,1.1289,122.44,0.88948,1.1207
2019-06-14,1.1265,121.9,0.89093,1.1211
2019-06-17,1.1234,122.06,0.89208,1.1214
2019-06-18,1.1187,121.08,0.89403,1.1175
2019-06-19,1.1207,121.49,0.8902,1.1176
2019-06-20,1.1307,121.71,0.89155,1.1142
2019-06-21,1.1316,121.64,0.89425,1.1107
2019-06-24,1.1394,122.25,0.89365,1.1109
2019-06-25,1.1388,121.97,0.89485,1.1108
2019-06-26,1.1362,122.4,0.89603,1.1113
2019-06-27,1.137,122.64,0.89428,1.1121
2019-06-28,1.138,122.6,0.89655,1.1105
2019-07-01,1.1349,122.93,0.89718,1.1141
2019-07-02,1.1301,122.36,0.89443,1.1169
2019-07-03,1.1293,121.61,0.8975,1.1116
2019-07-04,1.1288,121.65,0.8973,1.112
2019-07-05,1.126,121.77,0.89703,1.1126
2019-07-08,1.1215,121.8,0.89625,1.1127
2019-07-09,1.1205,121.93,0.89975,1.1137
2019-07-10,1.122,122.2,0.89928,1.1133
2019-07-11,1.1285,121.94,0.8979,1.1114
2019-07-12,1.1253,121.83,0.89788,1.1087
2019-07-15,1.1269,121.62,0.89873,1.1071
2019-07-16,1.1223,121.13,0.9026,1.1075
2019-07-17,1.1215,121.42,0.9034,1.1095
2019-07-18,1.1216,120.89,0.89853,1.1064
2019-07-19,1.1226,120.93,0.89635,1.1033
2019-07-22,1.1215,121.03,0.89968,1.1007
2019-07-23,1.1173,120.82,0.8983,1.0985
2019-07-24,1.114,120.41,0.89143,1.0982
2019-07-25,1.1115,120.15,0.88963,1.0989
2019-07-26,1.1138,121.06,0.89633,1.1053
2019-07-29,1.1119,120.81,0.90443,1.1037
2019-07-30,1.1154,121.0,0.91653,1.1038
2019-07-31,1.1151,121.04,0.91623,1.1041
2019-08-01,1.1037,120.18,0.9115,1.0988
2019-08-02,1.1106,118.57,0.91505,1.0931
2019-08-05,1.1182,118.61,0.9188,1.0893
2019-08-06,1.1187,119.1,0.9183,1.0919
2019-08-07,1.1202,118.48,0.92353,1.0921
2019-08-08,1.1193,118.64,0.92115,1.0923
2019-08-09,1.1198,118.51,0.9282,1.0897
2019-08-12,1.1194,117.69,0.92615,1.0876
2019-08-13,1.1222,118.01,0.9283,1.0853
2019-08-14,1.1188,118.48,0.92673,1.0862
2019-08-15,1.115,118.37,0.91863,1.0863
2019-08-16,1.1076,117.77,0.91033,1.0854
2019-08-19,1.1103,118.34,0.91583,1.0884
2019-08-20,1.1076,117.79,0.91623,1.086
2019-08-21,1.1104,118.24,0.91545,1.0875
2019-08-22,1.1083,118.13,0.9115,1.0905
2019-08-23,1.1065,117.79,0.90453,1.0893
2019-08-26,1.1116,117.67,0.90808,1.0885
2019-08-27,1.1104,117.43,0.90435,1.0884
2019-08-28,1.1083,117.18,0.90823,1.0872
2019-08-29,1.1072,117.68,0.90531,1.088
2019-08-30,1.1036,117.28,0.90565,1.0909
2019-09-02,1.0968,116.66,0.9082,1.0875
2019-09-03,1.0937,116.05,0.90885,1.0829
2019-09-04,1.1018,117.03,0.90255,1.0848
2019-09-05,1.1058,117.97,0.8958,1.0863
2019-09-06,1.1027,118.01,0.89635,1.0928
2019-09-09,1.1033,118.01,0.89275,1.0923
2019-09-10,1.104,118.52,0.893,1.0943
2019-09-11,1.1003,118.51,0.89133,1.0934
2019-09-12,1.0963,118.14,0.8892,1.0892
2019-09-13,1.1096,119.83,0.89093,1.094
2019-09-16,1.1031,118.96,0.8851,1.0932
2019-09-17,1.1026,119.23,0.88813,1.0966
2019-09-18,1.1053,119.54,0.8872,1.0999
2019-09-19,1.1067,119.46,0.88735,1.097
2019-09-20,1.103,119.11,0.8823,1.0942
2019-09-23,1.0985,118.07,0.88343,1.0891
2019-09-24,1.1003,118.45,0.88153,1.0878
2019-09-25,1.0982,118.0,0.88668,1.0841
2019-09-26,1.0938,117.73,0.88505,1.0864
2019-09-27,1.0935,118.21,0.88778,1.086
2019-09-30,1.0889,117.59,0.88573,1.0847
2019-10-01,1.0898,118.0,0.88955,1.0906
2019-10-02,1.0925,117.47,0.8897,1.094
2019-10-03,1.0951,117.17,0.8879,1.0957
2019-10-04,1.0979,117.23,0.89045,1.0913
2019-10-07,1.0993,117.44,0.89155,1.0924
2019-10-08,1.0986,117.43,0.89795,1.0898
2019-10-09,1.0981,117.91,0.8985,1.0927
2019-10-10,1.103,118.52,0.90155,1.0948
2019-10-11,1.1043,119.75,0.87518,1.1025
2019-10-14,1.1031,119.4,0.87983,1.0983
2019-10-15,1.1007,119.23,0.87058,1.0977
2019-10-16,1.1025,119.9,0.8656,1.0997
2019-10-17,1.1113,120.81,0.8684,1.0991
2019-10-18,1.1144,120.97,0.86435,1.0996
2019-10-21,1.1173,121.29,0.8593,1.1002
2019-10-22,1.113,120.87,0.86065,1.1004
2019-10-23,1.1123,120.63,0.86408,1.1004
2019-10-24,1.1128,120.86,0.86288,1.1019
2019-10-25,1.1107,120.59,0.86598,1.1019
2019-10-28,1.1087,120.69,0.86328,1.1047
2019-10-29,1.1095,120.88,0.86328,1.1041
2019-10-30,1.1106,120.99,0.862,1.1032
2019-10-31,1.1154,120.73,0.86133,1.1007
2019-11-01,1.1139,120.43,0.86008,1.1013
2019-11-04,1.1158,120.93,0.86368,1.1021
2019-11-05,1.1109,120.93,0.86113,1.1009
2019-11-06,1.109,120.88,0.86033,1.101
2019-11-07,1.1077,120.9,0.86442,1.0998
2019-11-08,1.1034,120.72,0.86158,1.0991
2019-11-11,1.1041,120.29,0.85743,1.0972
2019-11-12,1.1015,120.24,0.8582,1.0963
2019-11-13,1.1006,119.79,0.8576,1.0894
2019-11-14,1.0997,119.49,0.85643,1.0873
2019-11-15,1.1034,119.95,0.8566,1.0924
2019-11-18,1.1061,120.55,0.8533,1.096
2019-11-19,1.1077,120.46,0.85573,1.0979
2019-11-20,1.1059,119.96,0.85715,1.0977
2019-11-21,1.1091,120.46,0.85548,1.0998
2019-11-22,1.1058,120.03,0.8598,1.0994
2019-11-25,1.1008,119.88,0.85515,1.0986
2019-11-26,1.102,120.09,0.85715,1.0993
2019-11-27,1.1009,120.18,0.8545,1.0986
2019-11-28,1.1005,120.5,0.8518,1.0991
2019-11-29,1.0982,120.43,0.85225,1.0998
2019-12-02,1.1023,120.75,0.85218,1.0995
2019-12-03,1.1071,120.39,0.852,1.0947
2019-12-04,1.1081,120.45,0.8461,1.0956
2019-12-05,1.1094,120.69,0.8447,1.0964
2019-12-06,1.1094,120.44,0.84453,1.0968
2019-12-09,1.1075,120.15,0.84195,1.0959
2019-12-10,1.1077,120.27,0.84073,1.0922
2019-12-11,1.1075,120.44,0.84245,1.0916
2019-12-12,1.1137,120.95,0.8456,1.0939
2019-12-13,1.1174,122.43,0.83508,1.0982
2019-12-16,1.1146,121.97,0.83415,1.0953
2019-12-17,1.1162,122.31,0.84748,1.0946
2019-12-18,1.1115,121.81,0.85055,1.0913
2019-12-19,1.1117,121.73,0.85073,1.0899
2019-12-20,1.1097,121.31,0.85133,1.0883
2019-12-23,1.1075,121.18,0.85708,1.087
2019-12-24,1.108,121.19,0.85533,1.0878
2019-12-27,1.1153,122.23,0.8513,1.089
2019-12-30,1.1189,122.19,0.85208,1.0871
2019-12-31,1.1234,121.94,0.8508,1.0854
2020-01-02,1.1193,121.75,0.84828,1.0865
2020-01-03,1.1147,120.54,0.85115,1.084
2020-01-06,1.1194,121.02,0.85215,1.085
2020-01-07,1.1172,121.15,0.85183,1.085
2020-01-08,1.1115,120.86,0.84868,1.0792
2020-01-09,1.111,121.54,0.85285,1.0808
2020-01-10,1.1091,121.6,0.8481,1.0822
2020-01-13,1.1126,122.25,0.8576,1.0811
2020-01-14,1.1115,122.32,0.85618,1.0767
2020-01-15,1.1142,122.43,0.85683,1.0751
2020-01-16,1.1169,122.8,0.8547,1.0739
2020-01-17,1.1108,122.31,0.85105,1.0736
2020-01-20,1.1085,122.14,0.85275,1.0737
2020-01-21,1.1115,122.31,0.8503,1.0743
2020-01-22,1.1088,121.93,0.84445,1.0757
2020-01-23,1.1091,121.5,0.84498,1.0734
2020-01-24,1.1035,120.96,0.84313,1.0712
2020-01-27,1.1025,120.11,0.84358,1.0689
2020-01-28,1.1005,120.02,0.84603,1.0703
2020-01-29,1.1001,120.06,0.8458,1.0729
2020-01-30,1.1029,120.03,0.84183,1.069
2020-01-31,1.1052,120.35,0.84175,1.0694
2020-02-03,1.1066,120.1,0.84775,1.0672
2020-02-04,1.1048,120.52,0.8488,1.0702
2020-02-05,1.1023,120.94,0.84444,1.0717
2020-02-06,1.1003,120.87,0.84835,1.0715
2020-02-07,1.0969,120.51,0.8472,1.0705
2020-02-10,1.0951,120.18,0.84628,1.07
2020-02-11,1.0901,119.73,0.84325,1.0667
2020-02-12,1.0914,120.03,0.84058,1.0645
2020-02-13,1.0867,119.21,0.83375,1.0633
2020-02-14,1.0842,119.11,0.83208,1.0641
2020-02-17,1.0835,119.05,0.83238,1.0641
2020-02-18,1.0816,118.7,0.82985,1.0619
2020-02-19,1.08,119.35,0.83148,1.0621
2020-02-20,1.079,120.86,0.8384,1.0616
2020-02-21,1.0801,120.96,0.8351,1.061
2020-02-24,1.0818,120.52,0.83833,1.06
2020-02-25,1.084,119.92,0.8363,1.0605
2020-02-26,1.0875,120.13,0.8415,1.0606
2020-02-27,1.0964,120.46,0.84995,1.0627
2020-02-28,1.0977,119.36,0.85315,1.0614
2020-03-02,1.1122,119.82,0.87113,1.0655
2020-03-03,1.1117,119.77,0.8701,1.0646
2020-03-04,1.1125,119.58,0.8685,1.0647
2020-03-05,1.1187,119.63,0.8667,1.0663
2020-03-06,1.1336,119.08,0.87165,1.0589
2020-03-09,1.1456,117.12,0.87383,1.0594
2020-03-10,1.139,118.65,0.87385,1.0594
2020-03-11,1.1336,118.55,0.8769,1.0591
2020-03-12,1.124,116.84,0.88623,1.0549
2020-03-13,1.1104,119.11,0.8907,1.0608
2020-03-16,1.1157,117.76,0.90918,1.0546
2020-03-17,1.0982,117.5,0.90823,1.0561
2020-03-18,1.0934,117.78,0.9219,1.0546
2020-03-19,1.0801,118.63,0.92985,1.0535
2020-03-20,1.0707,118.37,0.91028,1.0546
2020-03-23,1.0783,119.11,0.9297,1.059
2020-03-24,1.0843,119.99,0.921,1.0572
2020-03-25,1.0827,120.67,0.91503,1.0602
2020-03-26,1.0981,120.18,0.91348,1.0634
2020-03-27,1.0977,119.36,0.89743,1.0581
2020-03-30,1.1034,119.34,0.889,1.0571
2020-03-31,1.0956,118.9,0.88643,1.0585
2020-04-01,1.0936,117.55,0.8846,1.0564
2020-04-02,1.0906,117.06,0.87738,1.0551
2020-04-03,1.0785,117.1,0.8785,1.0547
2020-04-06,1.0791,117.54,0.878,1.056
2020-04-07,1.0885,118.55,0.88093,1.0582
2020-04-08,1.0871,118.36,0.87948,1.0557
2020-04-09,1.0867,118.33,0.87565,1.0558
2020-04-14,1.0963,117.66,0.87253,1.0543
2020-04-15,1.0903,117.12,0.87385,1.0534
2020-04-16,1.0888,117.12,0.87163,1.0516
2020-04-17,1.086,116.86,0.86978,1.0515
2020-04-20,1.086,117.11,0.87343,1.0518
2020-04-21,1.0837,116.39,0.8812,1.0517
2020-04-22,1.0867,117.01,0.8792,1.0523
2020-04-23,1.0772,115.75,0.872,1.0511
2020-04-24,1.08,116.22,0.87498,1.0525
2020-04-27,1.0852,116.22,0.87263,1.0557
2020-04-28,1.0877,116.06,0.87078,1.0586
2020-04-29,1.0842,115.52,0.87378,1.0571
2020-04-30,1.0876,115.87,0.86905,1.0558
2020-05-04,1.0942,116.84,0.87898,1.0548
2020-05-05,1.0843,115.71,0.8706,1.0525
2020-05-06,1.0807,114.65,0.87253,1.053
2020-05-07,1.0783,114.91,0.87478,1.053
2020-05-08,1.0843,115.34,0.87535,1.0529
2020-05-11,1.0824,116.16,0.87875,1.0519
2020-05-12,1.0858,116.56,0.87773,1.052
2020-05-13,1.0875,116.28,0.88245,1.0528
2020-05-14,1.0792,115.48,0.88495,1.0512
2020-05-15,1.0798,115.53,0.88738,1.0513
2020-05-18,1.0832,116.31,0.89153,1.0521
2020-05-19,1.095,118.0,0.89535,1.0633
2020-05-20,1.0958,117.95,0.89358,1.0584
2020-05-21,1.1,118.42,0.89943,1.0628
2020-05-22,1.0904,117.26,0.89563,1.0591
2020-05-25,1.091,117.47,0.89515,1.0597
2020-05-26,1.0975,117.92,0.88878,1.06
2020-05-27,1.0991,118.58,0.89595,1.0675
2020-05-28,1.1016,118.68,0.89728,1.0683
2020-05-29,1.1136,119.29,0.90088,1.072
2020-06-01,1.1116,119.75,0.89673,1.0686
2020-06-02,1.1174,120.83,0.89083,1.0741
2020-06-03,1.1194,121.54,0.89065,1.0793
2020-06-04,1.125,122.48,0.89685,1.0786
2020-06-05,1.133,123.77,0.89448,1.0866
2020-06-08,1.1285,123.41,0.89173,1.0861
2020-06-09,1.1294,122.14,0.8912,1.077
2020-06-10,1.1375,122.16,0.88963,1.0762
2020-06-11,1.1348,121.52,0.89665,1.0697
2020-06-12,1.1304,121.26,0.89653,1.0697
2020-06-15,1.1253,120.83,0.89648,1.0679
2020-06-16,1.1308,121.39,0.8937,1.0717
2020-06-17,1.1232,120.65,0.89448,1.0669
2020-06-18,1.1222,120.0,0.90028,1.0667
2020-06-19,1.121,119.77,0.90505,1.0656
2020-06-22,1.1213,119.89,0.90328,1.0654
2020-06-23,1.1318,121.05,0.9063,1.0705
2020-06-24,1.128,120.3,0.90343,1.0679
2020-06-25,1.12,120.25,0.90133,1.0637
2020-06-26,1.1213,119.93,0.90575,1.0631
2020-06-29,1.1284,121.07,0.9154,1.0669
2020-06-30,1.1198,120.66,0.91243,1.0651
2020-07-01,1.12,120.31,0.9043,1.062
2020-07-02,1.1286,121.24,0.90225,1.0648
2020-07-03,1.1224,120.68,0.9012,1.0623
2020-07-06,1.1325,121.78,0.90505,1.0642
2020-07-07,1.129,121.61,0.9015,1.0643
2020-07-08,1.1286,121.39,0.89923,1.0624
2020-07-09,1.1342,121.67,0.89655,1.0634
2020-07-10,1.1276,120.48,0.8957,1.0625
2020-07-13,1.1329,121.4,0.89938,1.0685
2020-07-14,1.1375,122.17,0.90778,1.0691
2020-07-15,1.1444,122.25,0.9054,1.0783
2020-07-16,1.1414,122.24,0.90875,1.0787
2020-07-17,1.1428,122.53,0.91078,1.0753
2020-07-20,1.1448,122.63,0.90575,1.0736
2020-07-21,1.1443,122.7,0.90055,1.074
2020-07-22,1.1578,123.94,0.91123,1.0785
2020-07-23,1.1569,123.98,0.91195,1.0731
2020-07-24,1.1608,123.36,0.90985,1.073
2020-07-27,1.176,123.88,0.9134,1.0838
2020-07-28,1.1717,123.34,0.90968,1.0758
2020-07-29,1.1725,123.28,0.90385,1.0766
2020-07-30,1.1743,123.58,0.90268,1.0744
2020-07-31,1.1848,124.31,0.90053,1.0769
2020-08-03,1.1726,124.51,0.90013,1.0784
2020-08-04,1.1765,124.78,0.90335,1.0761
2020-08-05,1.1854,125.37,0.90265,1.077
2020-08-06,1.1843,124.96,0.90033,1.0759
2020-08-07,1.1817,124.91,0.90373,1.0804
2020-08-10,1.1763,124.74,0.90155,1.079
2020-08-11,1.1783,124.97,0.89843,1.0743
2020-08-12,1.1771,125.92,0.90475,1.0755
2020-08-13,1.1833,126.58,0.90373,1.0784
2020-08-14,1.1813,126.01,0.90173,1.0754
2020-08-17,1.1853,125.99,0.90625,1.0765
2020-08-18,1.1906,125.54,0.90375,1.0773
2020-08-19,1.1933,125.74,0.90345,1.0811
2020-08-20,1.185,125.46,0.90173,1.0786
2020-08-21,1.1769,124.53,0.89755,1.0744
2020-08-24,1.1847,125.26,0.90175,1.0761
2020-08-25,1.1814,125.67,0.89945,1.0752
2020-08-26,1.1789,125.34,0.8969,1.0738
2020-08-27,1.1806,125.34,0.89505,1.075
2020-08-28,1.1915,125.39,0.89468,1.0758
2020-08-31,1.194,126.47,0.89605,1.0774
2020-09-01,1.1987,126.92,0.88975,1.0865
2020-09-02,1.1861,126.0,0.8884,1.0799
2020-09-03,1.1813,125.85,0.89135,1.0776
2020-09-04,1.1842,125.79,0.89325,1.0793
2020-09-07,1.1824,125.59,0.89835,1.0809
2020-09-08,1.1785,125.2,0.90453,1.082
2020-09-09,1.1773,125.05,0.91213,1.0806
2020-09-10,1.1849,125.76,0.9159,1.0766
2020-09-11,1.1854,125.82,0.92408,1.0777
2020-09-14,1.1876,125.82,0.9219,1.0768
2020-09-15,1.1892,125.39,0.92095,1.0768
2020-09-16,1.1869,124.72,0.91423,1.0753
2020-09-17,1.1797,123.38,0.9153,1.0742
2020-09-18,1.1833,123.49,0.91318,1.0776
2020-09-21,1.1787,122.7,0.91608,1.0761
2020-09-22,1.174,122.78,0.91743,1.0748
2020-09-23,1.1692,122.91,0.91885,1.0773
2020-09-24,1.1645,122.73,0.91228,1.0772
2020-09-25,1.1634,122.74,0.91343,1.0798
2020-09-28,1.167,123.02,0.90508,1.0816
2020-09-29,1.1702,123.61,0.90963,1.0795
2020-09-30,1.1708,123.76,0.91235,1.0804
2020-10-01,1.1752,123.98,0.90723,1.0787
2020-10-02,1.173,123.4,0.90673,1.079
2020-10-05,1.1768,124.25,0.9081,1.0781
2020-10-06,1.1795,124.58,0.91058,1.0781
2020-10-07,1.177,124.73,0.91413,1.0787
2020-10-08,1.1765,124.69,0.91035,1.0799
2020-10-09,1.1795,124.95,0.91167,1.0773
2020-10-12,1.1799,124.41,0.90598,1.0742
2020-10-13,1.1787,124.38,0.90591,1.0734
2020-10-14,1.175,123.7,0.90395,1.0738
2020-10-15,1.1698,123.15,0.90535,1.0697
2020-10-16,1.1741,123.59,0.90915,1.0721
2020-10-19,1.1785,124.11,0.90588,1.0724
2020-10-20,1.181,124.79,0.91329,1.0724
2020-10-21,1.1852,124.27,0.90754,1.0715
2020-10-22,1.1821,123.72,0.90273,1.0726
2020-10-23,1.1856,124.17,0.90675,1.0715
2020-10-26,1.1819,124.14,0.90755,1.0719
2020-10-27,1.1832,123.74,0.90718,1.0732
2020-10-28,1.1727,122.36,0.90662,1.0693
2020-10-29,1.1704,122.09,0.9043,1.0684
2020-10-30,1.1698,122.36,0.90208,1.0698
2020-11-02,1.1652,121.93,0.90053,1.0695
2020-11-03,1.1702,122.56,0.90042,1.0709
2020-11-04,1.1721,122.31,0.89954,1.0675
2020-11-05,1.1855,122.86,0.9045,1.0724
2020-11-06,1.187,122.66,0.9043,1.0682
2020-11-09,1.1883,124.67,0.90224,1.0778
2020-11-10,1.1808,124.36,0.89183,1.0817
2020-11-11,1.1766,124.07,0.88935,1.0793
2020-11-12,1.1791,124.25,0.89765,1.0805
2020-11-13,1.1815,123.88,0.89683,1.0805
2020-11-16,1.183,124.15,0.89819,1.0819
2020-11-17,1.1882,123.78,0.89585,1.0816
2020-11-18,1.1868,123.28,0.89373,1.0812
2020-11-19,1.1832,123.08,0.89378,1.0797
2020-11-20,1.1863,123.18,0.89393,1.0811
2020-11-23,1.1901,123.47,0.88888,1.0806
2020-11-24,1.1865,124.06,0.89012,1.0833
2020-11-25,1.189,124.19,0.89129,1.0835
2020-11-26,1.19,124.04,0.89129,1.0813
2020-11-27,1.1922,124.23,0.89442,1.0826
2020-11-30,1.198,124.79,0.89845,1.0839
2020-12-01,1.1968,124.92,0.89798,1.0836
2020-12-02,1.2066,126.13,0.9049,1.0819
2020-12-03,1.2151,126.49,0.90358,1.0831
2020-12-04,1.2159,126.44,0.90282,1.0822
2020-12-07,1.2128,126.3,0.91215,1.0802
2020-12-08,1.2114,126.18,0.91143,1.0781
2020-12-09,1.2109,126.05,0.9,1.0764
2020-12-10,1.2115,126.53,0.911,1.0757
2020-12-11,1.2127,126.28,0.92294,1.0786
2020-12-14,1.2162,126.11,0.907,1.0776
2020-12-15,1.214,126.08,0.90795,1.077
2020-12-16,1.2189,125.97,0.8995,1.0786
2020-12-17,1.2246,126.19,0.9005,1.0821
2020-12-18,1.2259,126.69,0.90828,1.0845
2020-12-21,1.2173,126.04,0.9161,1.081
2020-12-22,1.2239,126.52,0.91148,1.0837
2020-12-23,1.2166,125.99,0.907,1.0837
2020-12-24,1.2193,126.38,0.89795,1.0851
2020-12-28,1.2219,126.54,0.90408,1.0854
2020-12-29,1.2259,127.23,0.90863,1.0862
2020-12-30,1.2281,126.57,0.90307,1.0857
2020-12-31,1.2271,126.49,0.89903,1.0802
2021-01-04,1.2296,126.62,0.9016,1.0811
2021-01-05,1.2271,126.25,0.90333,1.0803
2021-01-06,1.2338,127.03,0.90635,1.0821
2021-01-07,1.2276,127.13,0.9019,1.0833
2021-01-08,1.225,127.26,0.90128,1.0827
2021-01-11,1.2163,126.76,0.90235,1.0838
2021-01-12,1.2161,126.74,0.8944,1.0812
2021-01-13,1.2166,126.44,0.88983,1.0812
2021-01-14,1.2124,126.21,0.88943,1.0805
2021-01-15,1.2123,125.74,0.88998,1.077
2021-01-18,1.2064,125.18,0.89073,1.0747
2021-01-19,1.2132,126.16,0.891,1.0769
2021-01-20,1.2101,125.62,0.88563,1.0778
2021-01-21,1.2158,125.72,0.88625,1.0773
2021-01-22,1.2158,126.19,0.89045,1.0773
2021-01-25,1.2152,126.06,0.888,1.0772
2021-01-26,1.2143,125.93,0.88698,1.0789
2021-01-27,1.2114,125.87,0.88395,1.0759
2021-01-28,1.2091,126.2,0.88603,1.0783
2021-01-29,1.2136,127.05,0.88383,1.0798
2021-02-01,1.2084,126.77,0.882,1.0816
2021-02-02,1.2044,126.46,0.88075,1.0808
2021-02-03,1.2017,126.25,0.88145,1.0804
2021-02-04,1.1996,126.24,0.87693,1.0818
2021-02-05,1.1983,126.72,0.87538,1.0825
2021-02-08,1.2025,126.97,0.87833,1.0842
2021-02-09,1.2104,126.58,0.87828,1.0817
2021-02-10,1.2127,127.04,0.8765,1.0805
2021-02-11,1.2147,127.12,0.87755,1.0802
2021-02-12,1.2108,127.15,0.87753,1.0803
2021-02-15,1.2129,127.72,0.87225,1.0802
2021-02-16,1.2143,128.16,0.87333,1.08
2021-02-17,1.206,127.94,0.8696,1.0806
2021-02-18,1.2084,127.69,0.8654,1.0829
2021-02-19,1.2139,127.81,0.86508,1.0851
2021-02-22,1.2133,128.0,0.8653,1.0888
2021-02-23,1.2143,127.98,0.86308,1.0946
2021-02-24,1.2146,128.69,0.8603,1.1029
2021-02-25,1.2225,129.73,0.86408,1.1076
2021-02-26,1.2121,128.83,0.87053,1.0986
2021-03-01,1.2053,128.63,0.86558,1.1014
2021-03-02,1.2028,128.58,0.86433,1.105
2021-03-03,1.2048,128.81,0.86351,1.1064
2021-03-04,1.2034,129.23,0.8627,1.1114
2021-03-05,1.1938,129.3,0.863,1.1066
2021-03-08,1.1866,128.9,0.85728,1.1087
2021-03-09,1.1894,129.5,0.85704,1.1071
2021-03-10,1.1892,129.12,0.85655,1.1069
2021-03-11,1.1969,129.82,0.8567,1.1066
2021-03-12,1.1933,130.14,0.85835,1.1094
2021-03-15,1.192,130.17,0.8567,1.1084
2021-03-16,1.1926,129.88,0.85945,1.1033
2021-03-17,1.1907,130.02,0.85668,1.1047
2021-03-18,1.1912,130.08,0.85575,1.1069
2021-03-19,1.1891,129.54,0.85763,1.1066
2021-03-22,1.1926,129.77,0.86233,1.1023
2021-03-23,1.1883,128.99,0.86198,1.1066
2021-03-24,1.1825,128.6,0.8625,1.1068
2021-03-25,1.1802,128.75,0.86068,1.1045
2021-03-26,1.1782,129.34,0.85503,1.109
2021-03-29,1.1784,129.19,0.8512,1.1075
2021-03-30,1.1741,129.48,0.85378,1.1057
2021-03-31,1.1725,129.91,0.85209,1.107
2021-04-01,1.1746,130.03,0.85195,1.1099
2021-04-06,1.1812,130.27,0.85358,1.107
2021-04-07,1.1884,130.56,0.86065,1.1044
2021-04-08,1.1873,129.71,0.8629,1.1021
2021-04-09,1.1888,130.42,0.86658,1.101
2021-04-12,1.1904,130.2,0.86518,1.0998
2021-04-13,1.1896,130.23,0.86698,1.1001
2021-04-14,1.1964,130.33,0.86918,1.1033
2021-04-15,1.197,130.14,0.86753,1.1046
2021-04-16,1.1986,130.37,0.86793,1.1011
2021-04-19,1.2035,130.09,0.86355,1.0998
2021-04-20,1.2051,130.64,0.86295,1.1029
2021-04-21,1.2007,129.8,0.8625,1.1026
2021-04-22,1.2046,130.3,0.86855,1.1035
2021-04-23,1.2066,129.98,0.86905,1.1038
2021-04-26,1.2085,130.54,0.86975,1.1067
2021-04-27,1.2088,130.88,0.86895,1.1038
2021-04-28,1.207,131.47,0.86988,1.1044
2021-04-29,1.2129,132.2,0.8691,1.102
2021-04-30,1.2082,131.62,0.86863,1.0998
2021-05-03,1.2044,131.9,0.86838,1.1016
2021-05-04,1.2021,131.26,0.8677,1.098
2021-05-05,1.2005,131.2,0.86274,1.0965
2021-05-06,1.206,131.69,0.86708,1.0953
2021-05-07,1.2059,131.76,0.8681,1.0963
2021-05-10,1.2169,132.31,0.86195,1.0939
2021-05-11,1.217,132.12,0.86013,1.0976
2021-05-12,1.2118,131.82,0.85798,1.0966
2021-05-13,1.2081,132.37,0.86063,1.096
2021-05-14,1.2123,132.49,0.86083,1.0952
2021-05-17,1.2143,132.6,0.86215,1.095
2021-05-18,1.2222,133.09,0.85998,1.0963
2021-05-19,1.2212,133.3,0.86233,1.1008
2021-05-20,1.2203,132.95,0.864,1.0991
2021-05-21,1.2188,132.61,0.8587,1.0951
2021-05-24,1.2212,132.97,0.86408,1.0957
2021-05-25,1.2264,133.49,0.86573,1.0977
2021-05-26,1.2229,133.16,0.8633,1.0958
2021-05-27,1.2198,133.42,0.86068,1.0967
2021-05-28,1.2142,133.65,0.85765,1.096
2021-05-31,1.2201,133.79,0.86013,1.0982
2021-06-01,1.2225,134.05,0.86285,1.0986
2021-06-02,1.2186,133.72,0.86125,1.0982
2021-06-03,1.2187,133.81,0.85955,1.0961
2021-06-04,1.2117,133.39,0.8569,1.0951
2021-06-07,1.2162,132.98,0.85825,1.0934
2021-06-08,1.2182,133.28,0.861,1.0914
2021-06-09,1.2195,133.38,0.86053,1.0913
2021-06-10,1.2174,133.35,0.86293,1.0909
2021-06-11,1.2125,132.88,0.8571,1.0883
2021-06-14,1.2112,132.95,0.85898,1.0889
2021-06-15,1.2108,133.28,0.8615,1.0899
2021-06-16,1.2124,133.19,0.8583,1.0896
2021-06-17,1.1937,132.09,0.85525,1.0925
2021-06-18,1.1898,131.12,0.85785,1.0941
2021-06-21,1.1891,130.91,0.8567,1.0954
2021-06-22,1.1894,131.5,0.8556,1.0943
2021-06-23,1.1951,132.44,0.85435,1.0963
2021-06-24,1.1936,132.2,0.85883,1.0967
2021-06-25,1.195,132.27,0.8595,1.0956
2021-06-28,1.191,132.13,0.8571,1.0969
2021-06-29,1.1888,131.54,0.85948,1.0965
2021-06-30,1.1884,131.43,0.85805,1.098
2021-07-01,1.1884,132.42,0.86033,1.0985
2021-07-02,1.1823,131.74,0.86003,1.0945
2021-07-05,1.1866,131.58,0.85665,1.0935
2021-07-06,1.1838,130.99,0.8545,1.093
2021-07-07,1.1831,130.86,0.855,1.0917
2021-07-08,1.1838,129.91,0.86133,1.0851
2021-07-09,1.1858,130.46,0.85758,1.0852
2021-07-12,1.1852,130.55,0.8557,1.0852
2021-07-13,1.1844,130.55,0.85518,1.0857
2021-07-14,1.1812,130.3,0.85158,1.084
2021-07-15,1.1809,129.93,0.85188,1.0828
2021-07-16,1.1802,130.03,0.85298,1.0853
2021-07-19,1.1766,128.96,0.85913,1.084
2021-07-20,1.1775,129.03,0.86545,1.0838
2021-07-21,1.1772,129.63,0.86363,1.0848
2021-07-22,1.1775,129.83,0.85563,1.0829
2021-07-23,1.1767,130.11,0.85543,1.0838
2021-07-26,1.1787,130.05,0.85468,1.0826
2021-07-27,1.181,129.98,0.85503,1.0806
2021-07-28,1.1807,129.97,0.85095,1.0802
2021-07-29,1.1873,130.41,0.8508,1.0788
2021-07-30,1.1891,130.39,0.8514,1.0771
2021-08-02,1.1886,130.17,0.85568,1.0761
2021-08-03,1.1885,129.7,0.85355,1.0735
2021-08-04,1.1861,129.31,0.85153,1.0729
2021-08-05,1.185,129.79,0.8506,1.0733
2021-08-06,1.1807,129.64,0.8484,1.0724
2021-08-09,1.1761,129.5,0.84745,1.0786
2021-08-10,1.1722,129.48,0.84568,1.0813
2021-08-11,1.1718,129.68,0.84698,1.0818
2021-08-12,1.1739,129.61,0.84743,1.0824
2021-08-13,1.1765,129.64,0.85093,1.0829
2021-08-16,1.1772,128.75,0.84873,1.0758
2021-08-17,1.1767,128.57,0.85323,1.0713
2021-08-18,1.1723,128.67,0.85183,1.0726
2021-08-19,1.1696,128.21,0.85523,1.0723
2021-08-20,1.1671,127.97,0.8575,1.0711
2021-08-23,1.1718,129.02,0.85635,1.0744
2021-08-24,1.174,128.74,0.85578,1.0711
2021-08-25,1.1736,129.0,0.8559,1.0739
2021-08-26,1.1767,129.6,0.85718,1.0789
2021-08-27,1.1761,129.59,0.85703,1.0796
2021-08-30,1.1801,129.66,0.85748,1.0798
2021-08-31,1.1834,129.95,0.85875,1.0799
2021-09-01,1.1817,130.35,0.85863,1.0845
2021-09-02,1.1846,130.31,0.85915,1.0848
2021-09-03,1.1872,130.54,0.8584,1.0863
2021-09-06,1.1864,130.34,0.8571,1.0869
2021-09-07,1.186,130.51,0.86115,1.0853
2021-09-08,1.1827,130.31,0.85873,1.0888
2021-09-09,1.1838,130.1,0.85555,1.0861
2021-09-10,1.1841,130.03,0.8526,1.0854
2021-09-13,1.178,129.62,0.8512,1.0873
2021-09-14,1.1814,130.08,0.8526,1.0887
2021-09-15,1.1824,129.11,0.8551,1.0845
2021-09-16,1.1763,128.67,0.85025,1.0886
2021-09-17,1.178,129.61,0.85363,1.0931
2021-09-20,1.1711,128.18,0.85705,1.0883
2021-09-21,1.1738,128.34,0.85855,1.0845
2021-09-22,1.1729,128.5,0.86,1.082
2021-09-23,1.1715,128.88,0.85495,1.0831
2021-09-24,1.1719,129.49,0.85703,1.083
2021-09-27,1.1698,129.74,0.8542,1.085
2021-09-28,1.1678,130.17,0.8595,1.084
2021-09-29,1.1654,129.89,0.86443,1.0829
2021-09-30,1.1579,129.67,0.86053,1.083
2021-10-01,1.16,128.97,0.85653,1.0791
2021-10-04,1.1636,129.21,0.8553,1.0768
2021-10-05,1.1602,128.99,0.85173,1.0752
2021-10-06,1.1542,128.52,0.8497,1.0715
2021-10-07,1.1562,128.78,0.85023,1.0712
2021-10-08,1.1569,129.32,0.8489,1.0734
2021-10-11,1.1574,130.7,0.84878,1.0722
2021-10-12,1.1555,131.06,0.84755,1.0729
2021-10-13,1.1562,131.3,0.84898,1.0722
2021-10-14,1.1602,131.65,0.84618,1.0686
2021-10-15,1.1602,132.65,0.84368,1.0729
2021-10-18,1.1604,132.46,0.84438,1.0712
2021-10-19,1.1655,133.12,0.84275,1.0716
2021-10-20,1.1623,132.78,0.84503,1.0739
2021-10-21,1.1637,132.85,0.8429,1.069
2021-10-22,1.163,132.43,0.8437,1.0668
2021-10-25,1.1603,131.88,0.8438,1.0666
2021-10-26,1.1618,132.47,0.84178,1.0684
2021-10-27,1.1617,132.0,0.8453,1.067
2021-10-28,1.1593,131.7,0.84373,1.0656
2021-10-29,1.1645,132.62,0.8449,1.0611
2021-11-01,1.1578,132.19,0.84575,1.0562
2021-11-02,1.1603,132.03,0.84955,1.0594
2021-11-03,1.1578,131.9,0.84823,1.0568
2021-11-04,1.1569,131.77,0.8535,1.0554
2021-11-05,1.1519,130.98,0.85545,1.0559
2021-11-08,1.1579,131.29,0.85478,1.0591
2021-11-09,1.1577,130.9,0.8538,1.0592
2021-11-10,1.1558,130.9,0.85548,1.0555
2021-11-11,1.146,130.59,0.85538,1.0561
2021-11-12,1.1448,130.5,0.85505,1.0568
2021-11-15,1.1444,130.32,0.85165,1.0533
2021-11-16,1.1368,129.89,0.84533,1.0528
2021-11-17,1.1316,129.78,0.8409,1.053
2021-11-18,1.1345,129.58,0.84173,1.0511
2021-11-19,1.1271,128.22,0.83928,1.0462
2021-11-22,1.1278,128.69,0.83923,1.0454
2021-11-23,1.1259,129.36,0.84185,1.0492
2021-11-24,1.1206,129.06,0.83935,1.0484
2021-11-25,1.1223,129.41,0.84295,1.048
2021-11-26,1.1291,128.82,0.8462,1.0446
2021-11-29,1.1276,128.21,0.84583,1.044
2021-11-30,1.1363,128.2,0.85173,1.043
2021-12-01,1.1314,128.27,0.85,1.0427
2021-12-02,1.1339,127.94,0.85135,1.0414
2021-12-03,1.1291,127.97,0.85048,1.0387
2021-12-06,1.1287,127.78,0.85128,1.0416
2021-12-07,1.1256,127.83,0.84933,1.0414
2021-12-08,1.1299,128.57,0.85603,1.0432
2021-12-09,1.1311,128.21,0.8574,1.0446
2021-12-10,1.1273,128.2,0.85355,1.0424
2021-12-13,1.1278,128.19,0.85158,1.0418
2021-12-14,1.1309,128.45,0.85345,1.0404
2021-12-15,1.1262,128.25,0.8498,1.0416
2021-12-16,1.1336,129.37,0.84835,1.0457
2021-12-17,1.133,128.28,0.85208,1.0409
2021-12-20,1.1273,127.98,0.85205,1.0408
2021-12-21,1.1295,128.44,0.8528,1.0417
2021-12-22,1.1301,129.08,0.849,1.0432
2021-12-23,1.131,129.39,0.84228,1.0413
2021-12-24,1.1317,129.45,0.84389,1.0402
2021-12-27,1.1312,129.79,0.8433,1.0396
2021-12-28,1.1331,130.16,0.84248,1.0381
2021-12-29,1.1303,129.97,0.84115,1.038
2021-12-30,1.1334,130.44,0.8393,1.0363
2021-12-31,1.1326,130.38,0.84028,1.0331
2022-01-03,1.1355,130.56,0.84135,1.0372
2022-01-04,1.1279,131.17,0.83618,1.0355
2022-01-05,1.1319,131.03,0.83546,1.0364
2022-01-06,1.1315,131.05,0.83593,1.0395
2022-01-07,1.1298,130.9,0.8343,1.0422
2022-01-10,1.1318,130.45,0.83398,1.0446
2022-01-11,1.1336,130.95,0.83475,1.0502
2022-01-12,1.137,131.19,0.83338,1.0486
2022-01-13,1.1463,130.98,0.83545,1.0453
2022-01-14,1.1447,130.17,0.83508,1.0429
2022-01-17,1.1403,130.64,0.83573,1.0429
2022-01-18,1.1367,130.39,0.83673,1.0414
2022-01-19,1.1345,129.86,0.83168,1.0383
2022-01-20,1.1338,129.53,0.83265,1.0382
2022-01-21,1.1348,129.14,0.83633,1.0353
2022-01-24,1.1304,128.62,0.83803,1.0308
2022-01-25,1.1268,128.49,0.83713,1.0364
2022-01-26,1.1277,128.86,0.83458,1.0386
2022-01-27,1.116,128.74,0.83368,1.0391
2022-01-28,1.1138,128.68,0.83178,1.0378
2022-01-31,1.1156,128.79,0.83153,1.0404
2022-02-01,1.126,129.12,0.83498,1.0374
2022-02-02,1.1323,129.37,0.83395,1.0399
2022-02-03,1.1286,129.63,0.83208,1.0407
2022-02-04,1.1464,131.72,0.84593,1.0567
2022-02-07,1.1447,131.59,0.84685,1.0571
2022-02-08,1.1408,131.68,0.84363,1.0545
2022-02-09,1.1435,132.04,0.84255,1.0555
2022-02-10,1.1439,132.42,0.84248,1.0571
2022-02-11,1.1417,132.24,0.83958,1.0557
2022-02-14,1.1316,130.6,0.8372,1.0472
2022-02-15,1.1345,131.18,0.83765,1.0483
2022-02-16,1.1372,131.56,0.8394,1.0516
2022-02-17,1.137,130.84,0.83493,1.0466
2022-02-18,1.1354,130.59,0.83425,1.0452
2022-02-21,1.1338,130.2,0.83298,1.0387
2022-02-22,1.1342,130.54,0.83685,1.0422
2022-02-23,1.1344,130.58,0.83463,1.0431
2022-02-24,1.1163,128.28,0.83463,1.032
2022-02-25,1.1216,129.64,0.8374,1.0398
2022-02-28,1.1199,129.31,0.8355,1.0336
2022-03-01,1.1162,128.15,0.8329,1.0247
2022-03-02,1.1106,128.08,0.83316,1.0216
2022-03-03,1.1076,128.18,0.82773,1.0192
2022-03-04,1.0929,126.17,0.82388,1.0056
2022-03-07,1.0895,125.55,0.82625,1.0069
2022-03-08,1.0892,126.03,0.83185,1.0111
2022-03-09,1.0993,127.31,0.8357,1.0198
2022-03-10,1.1084,128.54,0.84175,1.027
2022-03-11,1.099,128.46,0.8397,1.023
2022-03-14,1.096,129.3,0.83915,1.0249
2022-03-15,1.0991,129.67,0.84053,1.0322
2022-03-16,1.0994,130.05,0.83988,1.0336
2022-03-17,1.1051,131.27,0.84315,1.0385
2022-03-18,1.1008,131.4,0.83925,1.0314
2022-03-21,1.1038,131.57,0.83775,1.0278
2022-03-22,1.1024,132.96,0.83228,1.0275
2022-03-23,1.0985,132.65,0.8328,1.0269
2022-03-24,1.0978,133.71,0.83288,1.0225
2022-03-25,1.1002,134.07,0.8338,1.0207
2022-03-28,1.0966,135.93,0.83643,1.0257
2022-03-29,1.1085,136.66,0.8444,1.0362
2022-03-30,1.1126,135.47,0.84563,1.0309
2022-03-31,1.1101,135.17,0.84595,1.0267
2022-04-01,1.1052,135.35,0.84145,1.0217
2022-04-04,1.1005,135.08,0.8389,1.0203
2022-04-05,1.0969,134.76,0.8349,1.0141
2022-04-06,1.0923,135.3,0.83473,1.0187
2022-04-07,1.0916,135.32,0.8345,1.0185
2022-04-08,1.0861,134.87,0.83355,1.0155
2022-04-11,1.09,137.01,0.83693,1.018
2022-04-12,1.0861,136.29,0.83455,1.0131
2022-04-13,1.0826,136.26,0.8328,1.0116
2022-04-14,1.0878,136.32,0.82908,1.0189
2022-04-19,1.0803,138.4,0.82955,1.0208
2022-04-20,1.083,138.53,0.82965,1.0254
2022-04-21,1.0887,139.61,0.83523,1.0335
2022-04-22,1.0817,138.83,0.83925,1.0336
2022-04-25,1.0746,137.73,0.8433,1.0267
2022-04-26,1.0674,136.15,0.84135,1.0229
2022-04-27,1.0583,135.57,0.84215,1.0229
2022-04-28,1.0485,137.13,0.8435,1.0216
2022-04-29,1.054,137.01,0.83908,1.0229
2022-05-02,1.0524,136.63,0.8381,1.0253
2022-05-03,1.0556,137.06,0.8413,1.0272
2022-05-04,1.0531,136.84,0.84194,1.0324
2022-05-05,1.0568,137.18,0.8519,1.0355
2022-05-06,1.057,137.9,0.85625,1.0419
2022-05-09,1.0559,138.1,0.85235,1.0462
2022-05-10,1.0554,137.38,0.85595,1.0479
2022-05-11,1.0553,137.07,0.85393,1.0446
2022-05-12,1.0408,133.85,0.85293,1.0377
2022-05-13,1.0385,133.91,0.85115,1.0385
2022-05-16,1.0422,135.01,0.85045,1.0479
2022-05-17,1.0541,136.32,0.844,1.0457
2022-05-18,1.0523,135.76,0.8467,1.0486
2022-05-19,1.0525,134.46,0.84728,1.0265
2022-05-20,1.0577,135.34,0.8482,1.028
2022-05-23,1.0659,136.05,0.84783,1.031
2022-05-24,1.072,136.49,0.8575,1.0334
2022-05-25,1.0656,135.34,0.85295,1.0269
2022-05-26,1.0697,135.95,0.85073,1.0283
2022-05-27,1.0722,136.05,0.84875,1.0258
2022-05-30,1.0764,137.25,0.8515,1.0327
2022-05-31,1.0713,137.36,0.85138,1.0281
2022-06-01,1.0712,138.68,0.85158,1.0305
2022-06-02,1.0692,138.72,0.85195,1.0264
2022-06-03,1.073,139.59,0.8542,1.0296
2022-06-06,1.0726,140.16,0.85415,1.032
2022-06-07,1.0662,141.66,0.85365,1.0423
2022-06-08,1.0739,143.92,0.85575,1.0486
2022-06-09,1.0743,143.93,0.85653,1.0495
2022-06-10,1.0578,141.69,0.85048,1.0404
2022-06-13,1.0455,140.51,0.8585,1.0375
2022-06-14,1.0452,140.62,0.86578,1.0394
2022-06-15,1.0431,140.49,0.86328,1.0435
2022-06-16,1.04,138.24,0.8555,1.0142
2022-06-17,1.0486,141.21,0.855,1.0105
2022-06-20,1.0517,141.94,0.85748,1.0162
2022-06-21,1.055,143.75,0.8601,1.0214
2022-06-22,1.0521,143.11,0.85885,1.0153
2022-06-23,1.0493,142.11,0.85818,1.013
2022-06-24,1.0524,142.19,0.85773,1.0072
2022-06-27,1.0572,143.25,0.862,1.0143
2022-06-28,1.0561,143.67,0.8635,1.0101
2022-06-29,1.0517,143.53,0.86461,1.0005
2022-06-30,1.0387,141.54,0.8582,0.996
2022-07-01,1.0425,141.05,0.86648,1.0027
2022-07-04,1.0455,141.51,0.8596,1.0037
2022-07-05,1.029,139.77,0.85845,0.9932
2022-07-06,1.0177,137.71,0.85676,0.9896
2022-07-07,1.018,138.11,0.85105,0.9906
2022-07-08,1.0163,138.05,0.84585,0.9913
2022-07-11,1.0098,138.77,0.8454,0.9908
2022-07-12,1.0042,137.31,0.84823,0.9883
2022-07-13,1.0067,138.02,0.84371,0.9829
2022-07-14,1.0005,139.04,0.8456,0.9841
2022-07-15,1.0059,139.49,0.84988,0.9849
2022-07-18,1.0131,140.16,0.84708,0.9911
2022-07-19,1.0245,141.01,0.85303,0.9918
2022-07-20,1.0199,140.92,0.85178,0.9896
2022-07-21,1.0199,141.46,0.85545,0.9924
2022-07-22,1.019,139.51,0.85141,0.9832
2022-07-25,1.0236,139.84,0.84813,0.9869
2022-07-26,1.0124,138.35,0.84558,0.9765
2022-07-27,1.0152,138.89,0.84138,0.9768
2022-07-28,1.0122,137.26,0.83586,0.9745
2022-07-29,1.0198,136.42,0.8399,0.9744
2022-08-01,1.0233,135.38,0.837,0.9717
2022-08-02,1.0224,133.9,0.83665,0.9744
2022-08-03,1.0194,136.18,0.83629,0.9773
2022-08-04,1.0181,135.81,0.84231,0.9765
2022-08-05,1.0233,136.22,0.84268,0.9776
2022-08-08,1.0199,137.62,0.84165,0.9763
2022-08-09,1.0234,138.26,0.8452,0.9763
2022-08-10,1.0252,138.16,0.84608,0.9713
2022-08-11,1.0338,136.57,0.84575,0.9712
2022-08-12,1.0285,137.47,0.84715,0.9689
2022-08-15,1.0195,135.61,0.84375,0.9631
2022-08-16,1.0131,136.11,0.84218,0.9625
2022-08-17,1.0164,137.36,0.84208,0.9686
2022-08-18,1.0178,137.17,0.84391,0.9683
2022-08-19,1.0054,137.67,0.84938,0.9616
2022-08-22,1.0001,137.08,0.84658,0.958
2022-08-23,0.9927,136.34,0.84343,0.9602
2022-08-24,0.9934,135.74,0.84283,0.9576
2022-08-25,0.997,136.07,0.84293,0.9616
2022-08-26,1.0007,137.02,0.8459,0.9642
2022-08-29,0.9986,138.49,0.8542,0.967
2022-08-30,1.0034,138.71,0.85645,0.9741
2022-08-31,1.0,138.72,0.86035,0.9796
2022-09-01,1.0004,139.34,0.86473,0.9802
2022-09-02,0.9993,140.36,0.86478,0.9839
2022-09-05,0.992,139.47,0.86358,0.9747
2022-09-06,0.9928,140.91,0.85743,0.9745
2022-09-07,0.9885,143.2,0.8651,0.975
2022-09-08,1.0009,143.65,0.86656,0.9739
2022-09-09,1.0049,143.3,0.8686,0.9657
2022-09-12,1.0155,144.49,0.86778,0.9667
2022-09-13,1.0175,144.5,0.86793,0.9669
2022-09-14,0.999,143.08,0.86498,0.9612
2022-09-15,0.9992,143.43,0.86934,0.9572
2022-09-16,0.9954,142.53,0.874,0.9579
2022-09-19,0.999,143.42,0.87785,0.9658
2022-09-20,0.9986,143.34,0.87395,0.9644
2022-09-21,0.9906,142.66,0.87335,0.9549
2022-09-22,0.9884,139.18,0.87256,0.9684
2022-09-23,0.9754,139.43,0.88201,0.9565
2022-09-26,0.9646,139.07,0.89404,0.9555
2022-09-27,0.9644,139.28,0.89275,0.9503
2022-09-28,0.9565,138.39,0.90268,0.9437
2022-09-29,0.9706,140.46,0.89485,0.9538
2022-09-30,0.9748,141.01,0.883,0.9561
2022-10-03,0.9764,141.49,0.8707,0.9658
2022-10-04,0.9891,143.3,0.87273,0.9767
2022-10-05,0.9915,143.18,0.8734,0.9756
2022-10-06,0.986,142.68,0.87583,0.9709
2022-10-07,0.9797,141.92,0.87383,0.97
2022-10-10,0.9697,141.16,0.8773,0.968
2022-10-11,0.9723,141.54,0.87703,0.9675
2022-10-12,0.9706,142.34,0.8784,0.9664
2022-10-13,0.9739,142.94,0.86513,0.9725
2022-10-14,0.9717,143.63,0.86823,0.9757
2022-10-17,0.9739,145.0,0.8625,0.9762
2022-10-18,0.9835,146.65,0.86928,0.9792
2022-10-19,0.9778,146.34,0.86993,0.981
2022-10-20,0.9811,146.99,0.87258,0.9836
2022-10-21,0.973,147.59,0.87728,0.9855
2022-10-24,0.9851,146.76,0.8707,0.9856
2022-10-25,0.9861,146.84,0.87143,0.9888
2022-10-26,1.0023,147.32,0.86603,0.9917
2022-10-27,1.0037,147.37,0.86745,0.9949
2022-10-28,0.9951,146.79,0.8612,0.992
2022-10-31,0.9914,147.4,0.86115,0.9925
2022-11-01,0.9947,146.35,0.86058,0.9878
2022-11-02,0.9908,145.75,0.861,0.9861
2022-11-03,0.9753,144.58,0.87228,0.9889
2022-11-04,0.9872,145.19,0.87478,0.9863
2022-11-07,0.9993,146.18,0.87135,0.9874
2022-11-08,0.9996,146.25,0.87378,0.9911
2022-11-09,1.0039,146.82,0.87774,0.988
2022-11-10,0.9954,145.47,0.87298,0.9834
2022-11-11,1.0308,143.89,0.87538,0.9844
2022-11-14,1.0319,144.86,0.87513,0.9751
2022-11-15,1.0404,144.84,0.87455,0.979
2022-11-16,1.0412,145.29,0.87483,0.9795
2022-11-17,1.0319,144.8,0.87475,0.9818
2022-11-18,1.0366,145.12,0.87063,0.9881
2022-11-21,1.0246,145.33,0.86793,0.9817
2022-11-22,1.0274,145.2,0.86358,0.9791
2022-11-23,1.0325,145.75,0.86369,0.9795
2022-11-24,1.0413,143.9,0.85933,0.9818
2022-11-25,1.0375,144.62,0.85885,0.9836
2022-11-28,1.0463,144.9,0.86606,0.9872
2022-11-29,1.0366,143.36,0.86218,0.9862
2022-11-30,1.0376,144.28,0.86488,0.9854
2022-12-01,1.0454,142.48,0.85715,0.9868
2022-12-02,1.0538,141.32,0.85855,0.9834
2022-12-05,1.0587,143.07,0.86085,0.9893
2022-12-06,1.0516,143.33,0.8617,0.9872
2022-12-07,1.0529,144.44,0.86408,0.9893
2022-12-08,1.0519,143.75,0.86258,0.9889
2022-12-09,1.0559,143.3,0.8595,0.9856
2022-12-12,1.0562,144.86,0.86006,0.9855
2022-12-13,1.0545,144.85,0.85753,0.9869
2022-12-14,1.0649,143.68,0.86118,0.9865
2022-12-15,1.0621,145.07,0.86194,0.9862
2022-12-16,1.0619,145.53,0.87233,0.9879
2022-12-19,1.0598,144.65,0.87118,0.9884
2022-12-20,1.0599,140.58,0.8753,0.9854
2022-12-21,1.0636,140.29,0.87651,0.9836
2022-12-22,1.0633,140.42,0.88243,0.9852
2022-12-23,1.0622,140.86,0.8803,0.9867
2022-12-27,1.0624,141.68,0.88333,0.9885
2022-12-28,1.064,142.21,0.88058,0.9863
2022-12-29,1.0649,142.24,0.88549,0.984
2022-12-30,1.0666,140.66,0.88693,0.9847
2023-01-02,1.0683,139.62,0.8863,0.9873
2023-01-03,1.0545,137.93,0.88048,0.9879
2023-01-04,1.0599,138.74,0.88076,0.9843
2023-01-05,1.0601,140.95,0.88303,0.9839
2023-01-06,1.05,141.3,0.88475,0.9864
2023-01-09,1.0696,141.35,0.88048,0.9865
2023-01-10,1.0723,141.92,0.8833,0.9908
2023-01-11,1.0747,142.61,0.88673,0.9967
2023-01-12,1.0772,140.61,0.8869,1.0056
2023-01-13,1.0814,139.02,0.888,1.0051
2023-01-16,1.0812,138.92,0.88758,1.0026
2023-01-17,1.0843,139.5,0.88595,0.9998
2023-01-18,1.0839,139.79,0.8753,0.9906
2023-01-19,1.0815,139.02,0.87648,0.9921
2023-01-20,1.0826,140.86,0.876,0.9962
2023-01-23,1.0871,141.65,0.8797,1.0013
2023-01-24,1.0858,141.47,0.88368,1.0053
2023-01-25,1.0878,141.17,0.88248,1.002
2023-01-26,1.0895,141.38,0.87945,1.0002
2023-01-27,1.0865,141.1,0.87885,1.0017
2023-01-30,1.0903,141.79,0.87978,1.0045
2023-01-31,1.0833,141.27,0.88073,1.0032
2023-02-01,1.0894,141.37,0.88413,0.998
2023-02-02,1.0988,141.12,0.89289,0.9992
2023-02-03,1.0937,140.45,0.8925,0.9989
2023-02-06,1.0776,142.41,0.89278,0.9964
2023-02-07,1.07,141.3,0.89338,0.9906
2023-02-08,1.0735,140.81,0.888,0.9881
2023-02-09,1.0771,140.8,0.88515,0.989
2023-02-10,1.069,139.88,0.88348,0.9872
2023-02-13,1.0686,141.65,0.88281,0.9849
2023-02-14,1.0759,142.14,0.88125,0.987
2023-02-15,1.07,143.05,0.88825,0.9885
2023-02-16,1.07,143.31,0.88883,0.9873
2023-02-17,1.0625,143.18,0.88888,0.9896
2023-02-20,1.0674,143.09,0.88738,0.9861
2023-02-21,1.0664,143.76,0.87925,0.9853
2023-02-22,1.0644,143.24,0.87945,0.987
2023-02-23,1.0616,143.32,0.8814,0.9892
2023-02-24,1.057,143.55,0.88245,0.9898
2023-02-27,1.0554,143.88,0.88073,0.9929
2023-02-28,1.0619,145.23,0.87701,0.9947
2023-03-01,1.0684,144.82,0.88574,0.9997
2023-03-02,1.0605,145.07,0.88785,0.9988
2023-03-03,1.0615,144.55,0.8853,0.9958
2023-03-06,1.0646,144.64,0.8863,0.9947
2023-03-07,1.0665,145.21,0.88968,0.9959
2023-03-08,1.0545,144.7,0.89074,0.9931
2023-03-09,1.0554,143.82,0.88814,0.9911
2023-03-10,1.0586,144.7,0.88258,0.9824
2023-03-13,1.0706,141.96,0.8837,0.975
2023-03-14,1.0737,144.09,0.88054,0.9784
2023-03-15,1.0549,139.51,0.87243,0.9727
2023-03-16,1.0595,140.18,0.8782,0.982
2023-03-17,1.0623,140.57,0.87488,0.9858
2023-03-20,1.0717,140.77,0.8756,0.9928
2023-03-21,1.0776,142.63,0.88033,0.997
2023-03-22,1.0785,143.13,0.87925,0.996
2023-03-23,1.0879,142.87,0.88523,0.9969
2023-03-24,1.0745,139.85,0.8794,0.9874
2023-03-27,1.0773,141.64,0.87818,0.9875
2023-03-28,1.0841,141.69,0.87938,0.9947
2023-03-29,1.0847,143.58,0.87988,0.9973
2023-03-30,1.0886,144.42,0.88164,0.9963
2023-03-31,1.0875,144.83,0.8792,0.9968
2023-04-03,1.087,144.51,0.8779,0.9949
2023-04-04,1.0901,144.94,0.87333,0.9954
2023-04-05,1.094,143.74,0.87685,0.9901
2023-04-06,1.0915,143.49,0.87495,0.9878
2023-04-11,1.0905,145.28,0.87738,0.9868
2023-04-12,1.0922,146.09,0.88038,0.9853
2023-04-13,1.1015,146.81,0.88058,0.9804
2023-04-14,1.1057,146.6,0.8844,0.9827
2023-04-17,1.0981,146.97,0.88373,0.9812
2023-04-18,1.0972,146.89,0.88143,0.9831
2023-04-19,1.0933,147.24,0.88108,0.9828
2023-04-20,1.0944,147.46,0.88153,0.981
2023-04-21,1.0978,146.92,0.8857,0.9795
2023-04-24,1.1002,148.17,0.88463,0.98
2023-04-25,1.1022,147.91,0.88645,0.9786
2023-04-26,1.1039,147.67,0.8856,0.9824
2023-04-27,1.1042,147.16,0.88428,0.9862
2023-04-28,1.0981,149.35,0.8805,0.9839
2023-05-02,1.0965,150.7,0.87868,0.9841
2023-05-03,1.1043,149.66,0.88265,0.9809
2023-05-04,1.1074,148.92,0.88015,0.9802
2023-05-05,1.1014,147.8,0.87378,0.9828
2023-05-08,1.1037,149.15,0.87228,0.9813
2023-05-09,1.0959,147.97,0.8699,0.9788
2023-05-10,1.095,148.18,0.86813,0.9771
2023-05-11,1.093,146.54,0.86795,0.9758
2023-05-12,1.0892,147.02,0.8702,0.9744
2023-05-15,1.0876,148.15,0.86943,0.9747
2023-05-16,1.0881,147.89,0.86938,0.9732
2023-05-17,1.0829,148.31,0.86895,0.9746
2023-05-18,1.0813,149.08,0.8689,0.9735
2023-05-19,1.0808,149.55,0.8684,0.9738
2023-05-22,1.0822,149.64,0.86846,0.97
2023-05-23,1.0779,149.2,0.86993,0.9718
2023-05-24,1.0785,149.3,0.86993,0.9732
2023-05-25,1.0735,149.63,0.86793,0.9708
2023-05-26,1.0751,150.24,0.86813,0.9707
2023-05-29,1.0715,150.29,0.86805,0.9683
2023-05-30,1.0744,150.01,0.86365,0.969
2023-05-31,1.0683,149.13,0.86405,0.9724
2023-06-01,1.0697,149.25,0.85823,0.9732
2023-06-02,1.0763,149.46,0.8593,0.9758
2023-06-05,1.069,149.96,0.86323,0.9732
2023-06-06,1.0683,149.09,0.86103,0.9698
2023-06-07,1.0717,149.42,0.8597,0.9704
2023-06-08,1.0737,149.98,0.86113,0.9751
2023-06-09,1.078,150.24,0.85795,0.9716
2023-06-12,1.0765,150.03,0.85678,0.9751
2023-06-13,1.0793,150.62,0.8585,0.9784
2023-06-14,1.0809,151.21,0.85455,0.9751
2023-06-15,1.0819,152.86,0.85555,0.9761
2023-06-16,1.0966,154.65,0.85428,0.977
2023-06-19,1.0922,154.94,0.85268,0.9772
2023-06-20,1.0933,154.51,0.85705,0.9808
2023-06-21,1.0923,154.89,0.85828,0.9803
2023-06-22,1.0985,156.05,0.86115,0.9825
2023-06-23,1.0884,155.84,0.85479,0.9773
2023-06-26,1.0918,156.41,0.85878,0.9737
2023-06-27,1.0951,157.14,0.8599,0.9789
2023-06-28,1.0938,157.82,0.8642,0.9822
2023-06-29,1.0938,157.74,0.864,0.9783
2023-06-30,1.0866,157.16,0.85828,0.9788
2023-07-03,1.0899,157.81,0.8598,0.98
2023-07-04,1.0895,157.34,0.85673,0.9762
2023-07-05,1.0879,157.26,0.85685,0.9782
2023-07-06,1.0899,156.57,0.8531,0.9757
2023-07-07,1.0888,156.01,0.85298,0.9754
2023-07-10,1.0956,155.73,0.85733,0.9753
2023-07-11,1.0989,154.27,0.8511,0.9693
2023-07-12,1.1022,153.84,0.85378,0.9683
2023-07-13,1.1182,154.84,0.85553,0.9644
2023-07-14,1.1221,155.51,0.8559,0.9649
2023-07-17,1.123,155.38,0.85873,0.9652
2023-07-18,1.1255,155.4,0.85838,0.9647
2023-07-19,1.1222,156.76,0.86918,0.9628
2023-07-20,1.1197,156.35,0.8692,0.9635
2023-07-21,1.1123,157.63,0.86706,0.963
2023-07-24,1.1096,156.47,0.8635,0.9595
2023-07-25,1.1051,156.18,0.86148,0.9598
2023-07-26,1.1059,155.3,0.85695,0.9549
2023-07-27,1.1125,155.95,0.85885,0.9542
2023-07-28,1.101,153.35,0.8556,0.9554
2023-07-31,1.1023,156.73,0.85765,0.9619
2023-08-01,1.097,156.85,0.85865,0.961
2023-08-02,1.0985,156.88,0.86038,0.9642
2023-08-03,1.0932,156.24,0.86468,0.9579
2023-08-04,1.0946,156.11,0.86193,0.9598
2023-08-07,1.0984,156.21,0.86163,0.9625
2023-08-08,1.0944,156.55,0.86158,0.96
2023-08-09,1.0968,157.35,0.8618,0.9627
2023-08-10,1.1019,158.43,0.86313,0.9618
2023-08-11,1.1004,158.97,0.86415,0.9617
2023-08-14,1.093,158.68,0.86215,0.9608
2023-08-15,1.0926,159.04,0.85955,0.9586
2023-08-16,1.0916,159.07,0.85645,0.9605
2023-08-17,1.09,158.88,0.85395,0.9555
2023-08-18,1.0867,158.11,0.85493,0.9571
2023-08-21,1.0908,159.15,0.85475,0.9588
2023-08-22,1.0887,158.7,0.85288,0.9565
2023-08-23,1.0805,157.28,0.85653,0.9524
2023-08-24,1.084,157.96,0.8565,0.9562
2023-08-25,1.0808,157.75,0.85643,0.9564
2023-08-28,1.0808,158.35,0.85815,0.9559
2023-08-29,1.0803,158.93,0.8586,0.9558
2023-08-30,1.0886,159.15,0.8592,0.9568
2023-08-31,1.0868,158.49,0.85718,0.9584
2023-09-01,1.0844,157.47,0.85538,0.9574
2023-09-04,1.0801,158.11,0.8555,0.9548
2023-09-05,1.0731,158.2,0.85535,0.9548
2023-09-06,1.0745,158.18,0.85503,0.9561
2023-09-07,1.071,157.7,0.859,0.9557
2023-09-08,1.0704,157.84,0.85735,0.9543
2023-09-11,1.0724,157.16,0.8565,0.956
2023-09-12,1.0713,157.42,0.85925,0.9561
2023-09-13,1.0733,158.28,0.8609,0.9589
2023-09-14,1.073,158.13,0.85995,0.9588
2023-09-15,1.0658,157.5,0.85878,0.9554
2023-09-18,1.0663,157.44,0.86141,0.9564
2023-09-19,1.0713,158.2,0.86263,0.9595
2023-09-20,1.0702,158.28,0.8653,0.9601
2023-09-21,1.0635,157.34,0.86713,0.9628
2023-09-22,1.0647,157.87,0.86795,0.965
2023-09-25,1.0633,158.08,0.86965,0.9676
2023-09-26,1.0605,157.87,0.8702,0.9675
2023-09-27,1.0536,157.2,0.8681,0.968
2023-09-28,1.0539,157.33,0.86333,0.9678
2023-09-29,1.0594,158.1,0.86458,0.9669
2023-10-02,1.053,157.67,0.86628,0.9634
2023-10-03,1.0469,157.01,0.86775,0.966
2023-10-04,1.0497,156.48,0.86588,0.9634
2023-10-05,1.0526,156.71,0.86605,0.9625
2023-10-06,1.0563,157.47,0.8651,0.9629
2023-10-09,1.0531,157.06,0.8652,0.9581
2023-10-10,1.0582,157.71,0.8639,0.9589
2023-10-11,1.0604,157.87,0.86265,0.9576
2023-10-12,1.0619,158.35,0.8626,0.9566
2023-10-13,1.0524,157.44,0.86415,0.9546
2023-10-16,1.0538,157.54,0.86545,0.9505
2023-10-17,1.0569,158.03,0.8682,0.9517
2023-10-18,1.0565,158.1,0.8661,0.9492
2023-10-19,1.0558,158.21,0.87098,0.947
2023-10-20,1.0591,158.8,0.87213,0.9442
2023-10-23,1.0597,158.91,0.87153,0.9461
2023-10-24,1.0632,159.26,0.87025,0.9501
2023-10-25,1.0576,158.55,0.8724,0.9474
2023-10-26,1.054,158.48,0.8717,0.9466
2023-10-27,1.0541,158.08,0.87023,0.9502
2023-10-30,1.0605,158.8,0.87345,0.9564
2023-10-31,1.0619,160.3,0.87366,0.9607
2023-11-01,1.0537,159.33,0.86945,0.9572
2023-11-02,1.0661,159.89,0.87305,0.9622
2023-11-03,1.0702,159.87,0.86983,0.9625
2023-11-06,1.0741,160.87,0.8664,0.9646
2023-11-07,1.0686,160.77,0.86855,0.9626
2023-11-08,1.0671,160.97,0.87015,0.9599
2023-11-09,1.0691,161.57,0.87205,0.9637
2023-11-10,1.0683,161.77,0.87435,0.9636
2023-11-13,1.067,161.96,0.87155,0.9656
2023-11-14,1.0724,162.67,0.8723,0.9668
2023-11-15,1.0868,163.39,0.87188,0.964
2023-11-16,1.0849,164.05,0.8752,0.9651
2023-11-17,1.0872,162.29,0.87395,0.9643
2023-11-20,1.0928,162.12,0.8763,0.9665
2023-11-21,1.0955,161.61,0.87326,0.9673
2023-11-22,1.0911,162.25,0.8703,0.964
2023-11-23,1.09,162.98,0.8694,0.9644
2023-11-24,1.0916,163.3,0.86818,0.964
2023-11-27,1.0951,162.86,0.86671,0.964
2023-11-28,1.0949,162.74,0.8682,0.9645
2023-11-29,1.0985,162.12,0.86525,0.9628
2023-11-30,1.0931,161.19,0.86368,0.9562
2023-12-01,1.0875,161.14,0.86045,0.953
2023-12-04,1.0868,159.47,0.8579,0.9476
2023-12-05,1.0817,159.13,0.85723,0.9456
2023-12-06,1.0778,158.7,0.8561,0.9429
2023-12-07,1.0771,156.18,0.8575,0.9446
2023-12-08,1.0777,155.53,0.8569,0.9438
2023-12-11,1.0757,157.54,0.8558,0.9478
2023-12-12,1.0804,156.84,0.85928,0.9443
2023-12-13,1.0787,157.13,0.8612,0.9452
2023-12-14,1.0919,154.8,0.85955,0.949
2023-12-15,1.0946,155.15,0.85833,0.9488
2023-12-18,1.0918,155.95,0.86263,0.948
2023-12-19,1.0962,158.2,0.86095,0.947
2023-12-20,1.0944,157.12,0.86555,0.946
2023-12-21,1.0983,156.79,0.86805,0.9432
2023-12-22,1.1023,156.66,0.8666,0.9417
2023-12-27,1.1065,157.81,0.8683,0.9438
2023-12-28,1.1114,156.57,0.8706,0.9302
2023-12-29,1.105,156.33,0.86905,0.926
2024-01-02,1.0956,155.68,0.86645,0.9305
2024-01-03,1.0919,156.16,0.8647,0.9322
2024-01-04,1.0953,157.91,0.86278,0.9313
2024-01-05,1.0921,158.57,0.8621,0.932
2024-01-08,1.0946,158.19,0.8615,0.9308
2024-01-09,1.094,157.63,0.85938,0.9313
2024-01-10,1.0946,159.03,0.86023,0.9336
2024-01-11,1.0987,159.71,0.86145,0.9338
2024-01-12,1.0942,159.17,0.8595,0.935
2024-01-15,1.0945,159.67,0.86075,0.9351
2024-01-16,1.0882,159.64,0.86078,0.9361
2024-01-17,1.0877,160.65,0.85818,0.9406
2024-01-18,1.0875,160.89,0.85773,0.9432
2024-01-19,1.0887,161.17,0.85825,0.9459
2024-01-22,1.089,160.95,0.85575,0.9458
2024-01-23,1.0872,160.88,0.85493,0.9446
2024-01-24,1.0905,160.46,0.85543,0.9415
2024-01-25,1.0893,160.81,0.85538,0.942
2024-01-26,1.0871,160.62,0.85368,0.9396
2024-01-29,1.0823,160.13,0.8525,0.9339
2024-01-30,1.0846,159.97,0.85628,0.9365
2024-01-31,1.0837,160.19,0.85435,0.9348
2024-02-01,1.0814,158.96,0.85353,0.9336
2024-02-02,1.0883,159.58,0.85263,0.9315
2024-02-05,1.0746,159.72,0.85595,0.9347
2024-02-06,1.0743,159.56,0.8546,0.9366
2024-02-07,1.0776,159.71,0.85305,0.9393
2024-02-08,1.0758,160.55,0.85378,0.9409
2024-02-09,1.0772,161.0,0.8544,0.9432
2024-02-12,1.0773,160.51,0.85391,0.943
2024-02-13,1.0793,161.17,0.85098,0.9481
2024-02-14,1.0713,161.28,0.85258,0.9493
2024-02-15,1.0743,161.26,0.85635,0.9484
2024-02-16,1.0768,161.88,0.85605,0.9491
2024-02-19,1.0776,161.59,0.85448,0.9492
2024-02-20,1.0802,162.18,0.8566,0.9526
2024-02-21,1.0809,162.12,0.85619,0.951
2024-02-22,1.0844,163.12,0.85625,0.9535
2024-02-23,1.0834,162.91,0.8534,0.9522
2024-02-26,1.0852,163.38,0.85495,0.9546
2024-02-27,1.0856,163.04,0.8562,0.9544
2024-02-28,1.0808,162.87,0.85548,0.952
2024-02-29,1.0826,162.53,0.85655,0.9534
2024-03-01,1.0813,162.82,0.85588,0.9582
2024-03-04,1.0846,163.22,0.85583,0.9604
2024-03-05,1.0849,163.01,0.85543,0.9609
2024-03-06,1.0874,162.67,0.85498,0.9619
2024-03-07,1.0895,161.09,0.85445,0.9577
2024-03-08,1.0932,160.99,0.85168,0.9588
2024-03-11,1.0926,160.43,0.85208,0.9594
2024-03-12,1.0916,161.39,0.85458,0.9588
2024-03-13,1.0939,161.83,0.85451,0.9599
2024-03-14,1.0925,161.7,0.8542,0.9616
2024-03-15,1.0892,162.03,0.8541,0.9613
2024-03-18,1.0892,162.51,0.85525,0.963
2024-03-19,1.0854,163.37,0.85445,0.963
2024-03-20,1.0844,164.54,0.85438,0.9658
2024-03-21,1.0907,164.96,0.85678,0.9766
2024-03-22,1.0823,163.74,0.85795,0.9729
2024-03-25,1.0835,163.78,0.85698,0.9724
2024-03-26,1.0855,164.4,0.85846,0.981
2024-03-27,1.0816,163.52,0.85768,0.9811
2024-03-28,1.0811,163.45,0.8551,0.9766
2024-04-02,1.0749,163.01,0.8551,0.9765
2024-04-03,1.0783,163.66,0.85713,0.9792
2024-04-04,1.0852,164.69,0.85788,0.9846
2024-04-05,1.0841,164.1,0.85773,0.9793
2024-04-08,1.0823,164.43,0.85795,0.9807
2024-04-09,1.0867,164.97,0.85663,0.9819
2024-04-10,1.086,164.89,0.85515,0.981
2024-04-11,1.0729,164.18,0.85525,0.9787
2024-04-12,1.0652,163.16,0.85424,0.9716
2024-04-15,1.0656,164.05,0.85405,0.9725
2024-04-16,1.0637,164.54,0.8544,0.9712
2024-04-17,1.0638,164.54,0.854,0.9693
2024-04-18,1.0679,164.82,0.85628,0.9704
2024-04-19,1.0653,164.68,0.8562,0.968
2024-04-22,1.0632,164.51,0.86328,0.9693
2024-04-23,1.0674,165.23,0.8605,0.9724
2024-04-24,1.0686,165.57,0.85945,0.9774
2024-04-25,1.072,166.76,0.85675,0.9792
2024-04-26,1.0714,168.03,0.85643,0.9779
2024-04-29,1.072,167.53,0.85493,0.9776
2024-04-30,1.0718,168.27,0.85478,0.9787
2024-05-02,1.0698,165.63,0.85538,0.9759
2024-05-03,1.0744,164.62,0.85573,0.9744
2024-05-06,1.0776,165.7,0.8566,0.9754
2024-05-07,1.0766,166.45,0.85805,0.977
2024-05-08,1.0743,167.15,0.86083,0.977
2024-05-09,1.0732,167.32,0.85995,0.976
2024-05-10,1.0779,167.87,0.86055,0.9779
2024-05-13,1.0795,168.25,0.86023,0.9784
2024-05-14,1.0796,168.89,0.85983,0.9801
2024-05-15,1.0832,168.43,0.8584,0.98
2024-05-16,1.0866,168.33,0.8585,0.9822
2024-05-17,1.0844,168.96,0.85685,0.9855
2024-05-20,1.0861,169.25,0.85548,0.988
2024-05-21,1.0864,169.86,0.8544,0.9884
2024-05-22,1.083,169.54,0.85165,0.9905
2024-05-23,1.0854,169.9,0.85175,0.9907
2024-05-24,1.084,170.28,0.85241,0.9924
2024-05-27,1.0843,170.07,0.8507,0.9922
2024-05-28,1.0882,170.54,0.8508,0.9908
2024-05-29,1.0857,170.74,0.8513,0.9907
2024-05-30,1.0815,169.5,0.85105,0.9808
2024-05-31,1.0852,170.52,0.85365,0.9818
2024-06-03,1.0842,170.09,0.85175,0.9772
2024-06-04,1.0865,168.29,0.85143,0.9703
2024-06-05,1.0872,169.72,0.85048,0.9704
2024-06-06,1.0865,169.74,0.85088,0.9687
2024-06-07,1.0898,169.52,0.8512,0.9696
2024-06-10,1.0756,168.74,0.84565,0.9637
2024-06-11,1.073,168.46,0.84198,0.9622
2024-06-12,1.0765,169.35,0.84365,0.9641
2024-06-13,1.0784,169.58,0.84468,0.9668
2024-06-14,1.0686,167.8,0.84205,0.9534
2024-06-17,1.0712,169.11,0.84573,0.9561
2024-06-18,1.0715,169.41,0.8454,0.9512
2024-06-19,1.0749,169.78,0.84455,0.9506
2024-06-20,1.0719,169.82,0.84513,0.9546
2024-06-21,1.0688,169.82,0.84531,0.9537
2024-06-24,1.073,171.17,0.8473,0.9586
2024-06-25,1.0714,170.84,0.84465,0.9575
2024-06-26,1.0689,171.42,0.84453,0.9585
2024-06-27,1.0696,171.66,0.8459,0.9604
2024-06-28,1.0705,171.94,0.84638,0.9634
2024-07-01,1.0745,173.15,0.8479,0.9689
2024-07-02,1.0729,173.31,0.84755,0.9697
2024-07-03,1.0758,174.18,0.8468,0.9718
2024-07-04,1.08,173.84,0.84663,0.9717
2024-07-05,1.0824,174.06,0.84613,0.973
2024-07-08,1.0835,174.37,0.8441,0.9711
2024-07-09,1.0814,174.2,0.84491,0.9712
2024-07-10,1.0825,174.79,0.84518,0.9723
2024-07-11,1.0855,175.39,0.84305,0.9749
2024-07-12,1.089,172.87,0.84029,0.9747
2024-07-15,1.0907,172.34,0.84045,0.9755
2024-07-16,1.0902,172.65,0.84058,0.9761
2024-07-17,1.0934,171.21,0.83915,0.9693
2024-07-18,1.093,171.02,0.84175,0.9666
2024-07-19,1.089,171.61,0.8428,0.9688
2024-07-22,1.0888,170.8,0.84215,0.9671
2024-07-23,1.086,169.64,0.84073,0.9681
2024-07-24,1.0848,167.23,0.83973,0.9609
2024-07-25,1.0851,165.62,0.8428,0.9534
2024-07-26,1.086,167.84,0.84378,0.9594
2024-07-29,1.0817,166.44,0.84345,0.9578
2024-07-30,1.0824,167.61,0.8426,0.9592
2024-07-31,1.0828,162.76,0.8438,0.9533
2024-08-01,1.0789,162.66,0.84328,0.9467
2024-08-02,1.0835,161.37,0.85,0.9433
2024-08-05,1.0966,155.98,0.85878,0.9304
2024-08-06,1.0915,158.29,0.85998,0.9325
2024-08-07,1.0922,160.62,0.85808,0.9409
2024-08-08,1.093,159.74,0.86093,0.9368
2024-08-09,1.0917,160.33,0.85708,0.9435
2024-08-12,1.0925,161.25,0.85554,0.9491
2024-08-13,1.0931,161.17,0.85458,0.948
2024-08-14,1.1019,161.98,0.85783,0.9515
2024-08-15,1.1011,162.14,0.85615,0.9541
2024-08-16,1.0994,162.72,0.85128,0.954
2024-08-19,1.1041,161.22,0.85243,0.9543
2024-08-20,1.1084,162.18,0.85194,0.9527
2024-08-21,1.1116,162.26,0.85303,0.9503
2024-08-22,1.1135,162.64,0.84943,0.949
2024-08-23,1.1121,162.37,0.84733,0.9476
2024-08-26,1.1163,160.94,0.84645,0.946
2024-08-27,1.1162,161.24,0.84438,0.944
2024-08-28,1.1117,160.57,0.84163,0.9375
2024-08-29,1.1088,160.36,0.84175,0.9364
2024-08-30,1.1087,161.19,0.8412,0.9416
2024-09-02,1.1061,162.56,0.84218,0.9415
2024-09-03,1.1035,161.26,0.84085,0.9409
2024-09-04,1.105,160.26,0.84248,0.9396
2024-09-05,1.1097,159.2,0.84318,0.939
2024-09-06,1.1103,158.93,0.84293,0.9365
2024-09-09,1.1043,158.53,0.84365,0.9376
2024-09-10,1.1031,157.81,0.84265,0.9349
2024-09-11,1.1043,156.6,0.84375,0.9358
2024-09-12,1.1016,157.02,0.8446,0.9414
2024-09-13,1.1081,156.17,0.84475,0.9387
2024-09-16,1.1126,155.66,0.84278,0.9394
2024-09-17,1.1139,156.71,0.84278,0.9405
2024-09-18,1.1124,157.94,0.84225,0.9388
2024-09-19,1.1156,159.53,0.83953,0.946
2024-09-20,1.1166,161.08,0.8391,0.9486
2024-09-23,1.1119,159.58,0.83518,0.9448
2024-09-24,1.1133,160.14,0.8322,0.9439
2024-09-25,1.1194,161.49,0.83653,0.9495
2024-09-26,1.1155,160.78,0.83428,0.9452
2024-09-27,1.1158,159.63,0.83338,0.942
2024-09-30,1.1196,159.82,0.83543,0.9439
2024-10-01,1.1086,159.37,0.83193,0.9394
2024-10-02,1.1071,160.26,0.83288,0.9388
2024-10-03,1.1039,161.98,0.84258,0.9387
2024-10-04,1.1029,161.69,0.83735,0.9394
2024-10-07,1.0982,162.63,0.83918,0.9388
2024-10-08,1.0982,162.49,0.83778,0.941
2024-10-09,1.0957,162.97,0.8374,0.9397
2024-10-10,1.0932,162.85,0.83686,0.9393
2024-10-11,1.0938,162.94,0.83705,0.9378
2024-10-14,1.0915,163.39,0.83665,0.9409
2024-10-15,1.0903,162.85,0.83355,0.9401
2024-10-16,1.0897,162.57,0.83605,0.9397
2024-10-17,1.0866,162.5,0.83455,0.938
2024-10-18,1.0847,162.75,0.83165,0.9401
2024-10-21,1.0853,162.79,0.83315,0.938
2024-10-22,1.0821,163.22,0.8334,0.9365
2024-10-23,1.0767,164.66,0.83148,0.934
2024-10-24,1.0801,164.12,0.8321,0.9349
2024-10-25,1.0825,164.45,0.83358,0.9382
2024-10-28,1.0818,165.18,0.8329,0.9367
2024-10-29,1.0774,165.66,0.8302,0.9369
2024-10-30,1.0815,165.91,0.83425,0.9393
2024-10-31,1.0882,166.3,0.83753,0.9412
2024-11-01,1.0885,165.54,0.83998,0.9427
2024-11-04,1.0904,165.47,0.84063,0.941
2024-11-05,1.0897,165.93,0.8392,0.9402
2024-11-06,1.0695,165.05,0.83223,0.9368
2024-11-07,1.0785,165.71,0.83185,0.9432
2024-11-08,1.0772,164.18,0.83188,0.9393
2024-11-11,1.0651,163.82,0.8268,0.9369
2024-11-12,1.0617,163.71,0.82835,0.9354
2024-11-13,1.0629,164.71,0.83413,0.9379
2024-11-14,1.0533,164.24,0.83158,0.9369
2024-11-15,1.0583,164.36,0.83455,0.9389
2024-11-18,1.0552,163.74,0.8356,0.9364
2024-11-19,1.0578,162.71,0.83638,0.9329
2024-11-20,1.0562,164.42,0.8338,0.9342
2024-11-21,1.0526,162.53,0.83273,0.9294
2024-11-22,1.0412,160.84,0.83205,0.9272
2024-11-25,1.0495,161.64,0.83465,0.9324
2024-11-26,1.0522,161.13,0.8348,0.9314
2024-11-27,1.0531,159.65,0.834,0.9309
2024-11-28,1.0542,159.89,0.8323,0.9314
2024-11-29,1.0562,158.64,0.83205,0.9309
2024-12-02,1.0507,157.74,0.82898,0.9316
2024-12-03,1.0512,157.3,0.83123,0.9309
2024-12-04,1.0492,158.59,0.8283,0.9305
2024-12-05,1.054,158.52,0.828,0.9305
2024-12-06,1.0581,159.25,0.82855,0.9284
2024-12-09,1.0568,159.4,0.82805,0.9295
2024-12-10,1.0527,159.74,0.82555,0.9267
2024-12-11,1.0507,160.35,0.82458,0.928
2024-12-12,1.0491,159.6,0.82428,0.9319
2024-12-13,1.0518,161.45,0.83043,0.9385
2024-12-16,1.0498,161.73,0.82945,0.9372
2024-12-17,1.0497,161.63,0.82648,0.9413
2024-12-18,1.0496,161.52,0.8252,0.9382
2024-12-19,1.0395,163.07,0.82445,0.9319
2024-12-20,1.039,162.89,0.82965,0.9297
2024-12-23,1.0393,163.36,0.82995,0.9336
2024-12-24,1.0395,163.25,0.82805,0.9358
2024-12-27,1.0435,164.65,0.83098,0.9396
2024-12-30,1.0444,164.57,0.8295,0.9435
2024-12-31,1.0389,163.06,0.82918,0.9412
2025-01-02,1.0321,162.04,0.83118,0.9371
2025-01-03,1.0299,161.77,0.82993,0.9362
2025-01-06,1.0426,163.25,0.83098,0.9396
2025-01-07,1.0393,163.86,0.82915,0.9426
2025-01-08,1.0286,162.94,0.83403,0.9379
2025-01-09,1.0305,162.56,0.83808,0.9397
2025-01-10,1.0304,162.86,0.83693,0.9416
2025-01-13,1.0198,160.22,0.8416,0.9346
2025-01-14,1.0245,161.63,0.84288,0.9395
2025-01-15,1.03,161.75,0.84313,0.9394
2025-01-16,1.0272,160.46,0.84258,0.9376
2025-01-17,1.0298,160.23,0.84453,0.9394
2025-01-20,1.0316,161.36,0.84588,0.9429
2025-01-21,1.0357,161.26,0.84553,0.9427
2025-01-22,1.0443,162.72,0.84466,0.9449
2025-01-23,1.0404,162.58,0.84468,0.9442
2025-01-24,1.0472,163.9,0.84413,0.9494
2025-01-27,1.053,162.21,0.84106,0.9453
2025-01-28,1.0421,161.86,0.83868,0.9441
2025-01-29,1.0396,161.5,0.83723,0.943
2025-01-30,1.0403,160.32,0.83685,0.9441
2025-01-31,1.0393,160.99,0.83608,0.9449
2025-02-03,1.0274,158.87,0.83136,0.9393
2025-02-04,1.0335,160.52,0.83188,0.9396
2025-02-05,1.0422,159.25,0.83085,0.9395
2025-02-06,1.036,157.95,0.83688,0.9385
2025-02-07,1.0377,157.77,0.83353,0.9418
2025-02-10,1.032,156.92,0.83283,0.9396
2025-02-11,1.0324,157.28,0.83355,0.9429
2025-02-12,1.037,159.22,0.83338,0.9457
2025-02-13,1.039,159.79,0.83313,0.9421
2025-02-14,1.0478,160.09,0.83215,0.9442
2025-02-17,1.0473,158.67,0.83133,0.944
2025-02-18,1.0447,158.55,0.83025,0.9425
2025-02-19,1.0434,158.41,0.82838,0.9435
2025-02-20,1.0443,156.6,0.82823,0.9423
2025-02-21,1.0465,157.46,0.8276,0.942
2025-02-24,1.0466,156.81,0.8283,0.9415
2025-02-25,1.0497,157.19,0.82908,0.9386
2025-02-26,1.0487,156.7,0.82868,0.9392
2025-02-27,1.0477,156.73,0.82673,0.9407
2025-02-28,1.0411,156.96,0.82608,0.9394
2025-03-03,1.0465,158.33,0.8253,0.9428
2025-03-04,1.0557,156.5,0.82788,0.9371
2025-03-05,1.0694,160.09,0.835,0.9514
2025-03-06,1.0796,159.24,0.8379,0.9565
2025-03-07,1.0857,160.35,0.84088,0.9557
2025-03-10,1.0845,159.39,0.83849,0.9512
2025-03-11,1.0912,161.52,0.84374,0.9608
2025-03-12,1.0886,162.23,0.84078,0.9619
2025-03-13,1.083,160.64,0.83778,0.9579
2025-03-14,1.0889,161.88,0.84183,0.9641
2025-03-17,1.0903,162.26,0.84026,0.9616
2025-03-18,1.0918,163.5,0.84173,0.9601
2025-03-19,1.0897,163.27,0.84078,0.9583
2025-03-20,1.0833,160.85,0.8369,0.9564
2025-03-21,1.0827,160.99,0.83765,0.9547
2025-03-24,1.0824,162.15,0.83663,0.9544
2025-03-25,1.0825,162.32,0.83565,0.9539
2025-03-26,1.0788,162.2,0.83623,0.9532
2025-03-27,1.0785,162.55,0.83318,0.9524
2025-03-28,1.0797,162.64,0.83358,0.9525
2025-03-31,1.0815,161.6,0.83536,0.9531
2025-04-01,1.0788,160.93,0.83665,0.952
2025-04-02,1.0803,161.22,0.83455,0.9543
2025-04-03,1.1097,162.17,0.84163,0.9538
2025-04-04,1.1057,160.56,0.84985,0.9407
2025-04-07,1.0967,160.58,0.85588,0.9377
2025-04-08,1.095,160.65,0.85644,0.9349
2025-04-09,1.1045,159.61,0.86435,0.9278
2025-04-10,1.1082,161.28,0.85755,0.9299
2025-04-11,1.1346,162.07,0.86678,0.9252
2025-04-14,1.1377,162.97,0.86383,0.9329
2025-04-15,1.1324,161.85,0.8557,0.9242
2025-04-16,1.1355,162.09,0.85618,0.926
2025-04-17,1.136,161.98,0.85873,0.9291
2025-04-22,1.1476,161.05,0.85858,0.9318
2025-04-23,1.1415,161.68,0.85793,0.9382
2025-04-24,1.1376,162.16,0.855,0.9392
2025-04-25,1.1357,162.8,0.8531,0.9421
2025-04-28,1.1358,162.8,0.8514,0.942
2025-04-29,1.1373,162.28,0.8498,0.9392
2025-04-30,1.1373,162.68,0.8518,0.9389
2025-05-02,1.1343,163.93,0.8533,0.9343
2025-05-05,1.1343,163.19,0.8515,0.9336
2025-05-06,1.1325,161.64,0.8469,0.9346
2025-05-07,1.136,162.89,0.8511,0.9359
2025-05-08,1.1297,163.45,0.8476,0.9325
2025-05-09,1.1252,163.36,0.8477,0.9353
2025-05-12,1.1106,164.46,0.8429,0.9369
2025-05-13,1.1112,164.61,0.8406,0.9358
2025-05-14,1.1214,164.01,0.8415,0.939
2025-05-15,1.1185,163.3,0.8424,0.9377
2025-05-16,1.1194,163.05,0.8427,0.9381
2025-05-19,1.1262,163.26,0.8419,0.9394
2025-05-20,1.1241,162.59,0.8418,0.9366
2025-05-21,1.1321,162.76,0.8446,0.9352
2025-05-22,1.1309,162.19,0.8427,0.9343
2025-05-23,1.1301,161.13,0.8382,0.9299
2025-05-26,1.1381,162.63,0.8392,0.9356
2025-05-27,1.1356,163.72,0.8381,0.9386
2025-05-28,1.1317,163.43,0.8398,0.9364
2025-05-29,1.1281,163.47,0.8377,0.9339
2025-05-30,1.1339,162.96,0.8412,0.9341
2025-06-02,1.1419,162.98,0.8434,0.9336
2025-06-03,1.1386,163.0,0.8436,0.9358
2025-06-04,1.1384,164.15,0.8421,0.937
2025-06-05,1.1423,163.66,0.8419,0.9365
2025-06-06,1.1411,164.62,0.8426,0.9383
2025-06-09,1.141,164.88,0.8424,0.9369
2025-06-10,1.1429,165.23,0.8464,0.9389
2025-06-11,1.1433,166.17,0.8476,0.9405
2025-06-12,1.1594,166.64,0.8538,0.9427
2025-06-13,1.1512,165.94,0.8505,0.9359
2025-06-16,1.1574,166.89,0.8523,0.9393
2025-06-17,1.1568,167.35,0.8525,0.9406
2025-06-18,1.1508,166.67,0.8552,0.9403
2025-06-19,1.1478,167.2,0.8541,0.9389
2025-06-20,1.1515,167.67,0.8537,0.9415
2025-06-23,1.1472,169.27,0.8567,0.9387
2025-06-24,1.1607,168.27,0.8527,0.9387
2025-06-25,1.1598,169.07,0.8526,0.9361
2025-06-26,1.1695,168.92,0.8535,0.9379
2025-06-27,1.1704,169.24,0.8529,0.9359
2025-06-30,1.172,169.17,0.8555,0.9347
2025-07-01,1.181,168.7,0.8588,0.9324
2025-07-02,1.1755,169.45,0.8605,0.933
2025-07-03,1.1782,169.58,0.8629,0.9351
2025-07-04,1.1767,169.92,0.8625,0.9346
2025-07-07,1.1728,170.71,0.8611,0.9354
2025-07-08,1.1718,171.7,0.8632,0.9351
2025-07-09,1.1698,171.63,0.8613,0.9325
2025-07-10,1.1709,171.33,0.8627,0.932
2025-07-11,1.1683,171.81,0.8657,0.931
2025-07-14,1.169,172.27,0.8667,0.9307
2025-07-15,1.1665,172.58,0.8679,0.9299
2025-07-16,1.1602,172.56,0.8659,0.9326
2025-07-17,1.1579,172.28,0.8644,0.9323
2025-07-18,1.165,172.94,0.8656,0.9324
2025-07-21,1.1667,172.02,0.8656,0.9325
2025-07-22,1.1699,172.17,0.8675,0.9326
2025-07-23,1.1726,171.53,0.8665,0.9306
2025-07-24,1.1756,172.22,0.8675,0.9341
2025-07-25,1.1724,173.11,0.8715,0.9343
2025-07-28,1.1654,172.65,0.8679,0.9334
2025-07-29,1.1533,171.58,0.865,0.9305
2025-07-30,1.1527,170.96,0.8622,0.9301
2025-07-31,1.1446,171.52,0.8649,0.9297
2025-08-01,1.1404,171.61,0.8665,0.9312
2025-08-04,1.1565,170.45,0.8704,0.9344
2025-08-05,1.1546,170.42,0.8693,0.9347
2025-08-06,1.1604,171.22,0.8717,0.9369
2025-08-07,1.1643,171.6,0.8673,0.9413
2025-08-08,1.1648,172.18,0.8671,0.941
2025-08-11,1.1622,171.86,0.8656,0.943
2025-08-12,1.1606,172.3,0.8621,0.9418
2025-08-13,1.1711,172.47,0.8631,0.9409
2025-08-14,1.169,171.3,0.861,0.9415
2025-08-15,1.1688,171.81,0.8622,0.9418
2025-08-18,1.1673,172.27,0.8621,0.9423
2025-08-19,1.1682,172.67,0.864,0.9409
2025-08-20,1.1651,171.77,0.8645,0.9403
2025-08-21,1.1639,172.09,0.8654,0.9389
2025-08-22,1.1608,172.6,0.8653,0.9383
2025-08-25,1.1697,172.36,0.8659,0.9385
2025-08-26,1.1656,171.77,0.8642,0.9376
2025-08-27,1.1593,171.63,0.8626,0.935
2025-08-28,1.1676,171.48,0.8637,0.9353
2025-08-29,1.1658,171.72,0.8668,0.9364
2025-09-01,1.1715,172.47,0.8662,0.9383
2025-09-02,1.1646,173.1,0.8702,0.9366
2025-09-03,1.1653,173.17,0.8687,0.9374
2025-09-04,1.1647,172.76,0.8663,0.9383
2025-09-05,1.1697,173.09,0.8678,0.939
2025-09-08,1.1728,173.39,0.8669,0.9328
2025-09-09,1.1744,172.36,0.8663,0.9331
2025-09-10,1.1707,172.67,0.865,0.9338
2025-09-11,1.1685,172.88,0.8647,0.9346
2025-09-12,1.1718,173.33,0.8653,0.9347
2025-09-15,1.1766,173.38,0.8641,0.9353
2025-09-16,1.1807,173.55,0.8656,0.9336
2025-09-17,1.1837,173.28,0.8675,0.9317
2025-09-18,1.1818,174.24,0.868,0.9331
2025-09-19,1.1736,173.79,0.8708,0.9344
2025-09-22,1.1781,174.17,0.8729,0.9348
2025-09-23,1.1793,174.3,0.8729,0.9344
2025-09-24,1.1756,174.51,0.8731,0.9335
2025-09-25,1.1739,174.7,0.8748,0.9344
2025-09-26,1.1672,174.79,0.874,0.9332
2025-09-29,1.1723,174.38,0.8723,0.9357
2025-09-30,1.1741,173.76,0.8734,0.9364
2025-10-01,1.1724,172.47,0.8704,0.9365
2025-10-02,1.1754,172.53,0.8721,0.935
2025-10-03,1.1734,172.9,0.8726,0.9343
2025-10-06,1.1678,175.22,0.8695,0.9314
2025-10-07,1.1666,176.05,0.8703,0.9314
2025-10-08,1.1627,177.53,0.8671,0.9305
2025-10-09,1.1611,177.4,0.8683,0.9309
2025-10-10,1.1568,176.46,0.8709,0.9324
2025-10-13,1.1569,175.98,0.8677,0.9304
2025-10-14,1.1553,175.72,0.8712,0.9296
2025-10-15,1.1622,176.13,0.8705,0.9305
2025-10-16,1.1649,176.23,0.8676,0.9302
2025-10-17,1.1681,175.7,0.8695,0.9257
2025-10-20,1.1655,175.71,0.8691,0.9239
2025-10-21,1.1607,176.45,0.8678,0.923
2025-10-22,1.1587,175.92,0.8689,0.9228
2025-10-23,1.1593,176.94,0.8691,0.9249
2025-10-24,1.1612,177.55,0.8726,0.9248
2025-10-27,1.164,177.93,0.8721,0.9264
2025-10-28,1.163,177.11,0.876,0.9262
2025-10-29,1.1636,177.07,0.8807,0.9278
2025-10-30,1.155,178.37,0.8801,0.9281
2025-10-31,1.1554,178.14,0.8816,0.9287
2025-11-03,1.1514,177.57,0.8765,0.9298
2025-11-04,1.1491,176.39,0.8795,0.9295
2025-11-05,1.1492,176.67,0.881,0.9307
2025-11-06,1.1533,177.15,0.8807,0.9316
2025-11-07,1.1561,176.99,0.8811,0.9312
2025-11-10,1.1571,178.31,0.8778,0.9318
2025-11-11,1.1575,178.46,0.8804,0.9278
2025-11-12,1.1576,179.19,0.8823,0.925
2025-11-13,1.1619,179.57,0.8819,0.9244
2025-11-14,1.1648,179.22,0.8846,0.9185
2025-11-17,1.1593,179.57,0.8795,0.9225
2025-11-18,1.159,179.94,0.8821,0.9233
2025-11-19,1.1583,180.85,0.8827,0.9284
2025-11-20,1.1514,181.47,0.8815,0.9294
2025-11-21,1.152,180.56,0.8803,0.9289
2025-11-24,1.1544,181.22,0.8804,0.9324
2025-11-25,1.1551,180.42,0.8788,0.9345
2025-11-26,1.1577,181.09,0.8776,0.9341
2025-11-27,1.1586,181.11,0.8754,0.9337
2025-11-28,1.1566,180.57,0.8752,0.9318
2025-12-01,1.1646,180.28,0.8778,0.9323
2025-12-02,1.1614,181.26,0.8796,0.9346
2025-12-03,1.1668,181.28,0.8766,0.9336
2025-12-04,1.1666,180.55,0.8745,0.934
2025-12-05,1.1645,180.76,0.8727,0.9365
2025-12-08,1.1655,181.29,0.8746,0.9388
2025-12-09,1.1637,181.96,0.8735,0.9385
2025-12-10,1.1634,182.32,0.8741,0.9356
2025-12-11,1.1714,182.25,0.8751,0.9333
2025-12-12,1.1731,182.99,0.8767,0.9333
2025-12-15,1.1753,182.32,0.8779,0.9355
2025-12-16,1.1776,182.07,0.8764,0.9351
2025-12-17,1.1722,182.38,0.8785,0.9332
2025-12-18,1.1719,182.55,0.8746,0.9316
2025-12-19,1.1712,184.15,0.876,0.9318
2025-12-22,1.1745,184.77,0.8742,0.9316
2025-12-23,1.1786,183.89,0.8729,0.9287
2025-12-24,1.1787,183.83,0.8729,0.9284
2025-12-29,1.1766,183.97,0.8726,0.9293
2025-12-30,1.1757,183.48,0.8712,0.9293
2025-12-31,1.175,184.09,0.8726,0.9314
