date,benchmark_hs300,global_60_40,classic_all_weather,dynamic_risk_parity,smart_all_weather
2015-01-05,1029608.0163419845,1014687.5595419847,1016227.7300619846,1016227.7300619846,1016227.7300619846
2015-01-06,1020700.5365631743,1008773.4027192469,1013746.087099314,1013746.087099314,1013746.087099314
2015-01-07,1020344.2567859533,1007275.0459234777,1013263.544164701,1013263.544164701,1013263.544164701
2015-01-08,991840.2770103214,1000495.5891546792,1003215.5012581481,1003215.5012581481,1003215.5012581481
2015-01-09,982576.4972362788,1002167.1324128537,1003247.8583796574,1003247.8583796574,1003247.8583796574
2015-01-12,978657.2174638257,993931.1756980028,997391.415529231,997391.415529231,997391.415529231
2015-01-13,976163.1376929621,991117.9190101291,997258.2727068712,997258.2727068712,997258.2727068712
2015-01-14,973312.7579236882,989020.9623492345,995384.8299125801,995384.8299125801,995384.8299125801
2015-01-15,1008942.7781560041,1003754.3057153212,1010272.18714636,1010272.18714636,1010272.18714636
2015-01-16,1020344.3983899102,1010117.2491083913,1020375.9444082131,1020375.9444082131,1020375.9444082131
2015-01-19,889938.6186254062,962390.792528447,975970.8016981417,975970.8016981417,975970.8016981417
2015-01-20,933050.9388624924,977537.7359754903,990499.2590161479,990499.2590161479,990499.2590161479
2015-01-21,988277.4591011691,999569.8794495234,1014831.6163622339,1014831.6163622339,1014831.6163622339
2015-01-22,990415.279341436,1003060.2229505484,1014926.4737364019,1014926.4737364019,1014926.4737364019
2015-01-23,996472.3995832936,1008349.4664785672,1019065.931138654,1019065.931138654,1019065.931138654
2015-01-26,1008586.619826742,1012477.3100335824,1024239.1885689928,1024239.1885689928,1024239.1885689928
2015-01-27,995759.8400717812,1009243.0536155957,1019499.7460274199,1019499.7460274199,1019499.7460274199
2015-01-28,975450.7603184113,999516.6972246094,1012475.9035139382,1012475.9035139382,1012475.9035139382
2015-01-29,962267.6805666325,990612.6408606257,1004498.1610285494,1004498.1610285494,1004498.1610285494
2015-01-30,946946.8008164448,987372.8845236464,997249.3185712558,997249.3185712558,997249.3185712558
2015-02-02,919511.7210678485,972248.073593674,986140.7082420598,986140.7082420598,986140.7082420598
2015-02-03,947659.4413208436,984355.8811278949,997366.7154332297,997366.7154332297,997366.7154332297
2015-02-04,933763.7615754304,983546.5886627076,993296.2226249647,993296.2226249647,993296.2226249647
2015-02-05,919511.7818316089,976468.8961981126,987566.5298172649,987566.5298172649,987566.5298172649
2015-02-06,901696.802089379,970350.6037341098,979321.4370101303,979321.4370101303,979321.4370101303
2015-02-09,915236.2223487414,972047.3112706993,978180.9442035609,978180.9442035609,978180.9442035609
2015-02-10,939108.3426096956,976771.9188078808,984769.7513975567,984769.7513975567,984769.7513975567
2015-02-11,946946.9628722422,984766.1263456548,990253.3585921181,990253.3585921181,990253.3585921181
2015-02-12,951935.183136381,988088.5338840211,991771.8657872448,991771.8657872448,991771.8657872448
2015-02-13,959773.8034021124,998044.7414229799,1000466.3729829369,1000466.3729829369,1000466.3729829369
2015-02-16,970106.5236694362,1001446.648962531,1003145.6801791943,1003145.6801791943,1003145.6801791943
2015-02-17,981151.8439383529,1007005.8565026746,1008160.6873760176,1008160.6873760176,1008160.6873760176
2015-02-25,961911.6642088622,1005469.7640434108,1003698.794573406,1003698.794573406,1003698.794573406
2015-02-26,998610.5844809647,1018251.9715847396,1017310.8017713602,1017310.8017713602,1017310.8017713602
2015-02-27,996116.5047546602,1018496.4791266611,1017325.6089698802,1017325.6089698802,1017325.6089698802
2015-03-02,1006092.9250299488,1021573.2866691753,1021723.6161689658,1021723.6161689658,1021723.6161689658
2015-03-03,971175.5453068308,1015984.794212282,1012849.3233686171,1012849.3233686171,1012849.3233686171
2015-03-04,981508.2655853062,1017432.3017559816,1014317.6305688343,1014317.6305688343,1014317.6305688343
2015-03-05,970819.2858653754,1009647.7093002739,1006706.0377696172,1006706.0377696172,1006706.0377696172
2015-03-06,962980.7061470381,1009675.5168451593,1005289.2449709659,1005289.2449709659,1005289.2449709659
2015-03-09,987209.1264302947,1017885.1991306376,1012398.1776328806,1012398.1776328806,1012398.1776328806
2015-03-10,978301.6467151452,1014270.6011659191,1007486.6818825683,1007486.6818825683,1007486.6818825683
2015-03-11,980083.1670015899,1012889.5032013608,1008812.48613259,1008812.48613259,1008812.48613259
2015-03-12,1002886.3872896289,1023734.7052369624,1019804.2903829454,1019804.2903829454,1019804.2903829454
2015-03-13,1010012.4075792619,1027773.3072727239,1022506.4946336352,1022506.4946336352,1022506.4946336352
2015-03-16,1041723.1278704896,1037785.2093086455,1034199.5988846588,1034199.5988846588,1034199.5988846588
2015-03-17,1058469.2481633117,1048800.611344727,1043025.2031360165,1043025.2031360165,1043025.2031360165
2015-03-18,1093742.9684577286,1064235.8133809683,1058105.9073877083,1058105.9073877083,1058105.9073877083
2015-03-19,1086616.9887537404,1066172.0154173698,1059559.511639734,1059559.511639734,1059559.511639734
2015-03-20,1105857.2090513473,1072863.1174539316,1066307.9158920944,1066307.9158920944,1066307.9158920944
2015-03-23,1133648.629350549,1086161.6194906533,1080251.3201447884,1080251.3201447884,1080251.3201447884
2015-03-24,1132223.449651346,1087986.521527535,1083017.0243978167,1083017.0243978167,1083017.0243978167
2015-03-25,1123672.2699537382,1083293.2235645766,1078782.8286511796,1078782.8286511796,1078782.8286511796
2015-03-26,1124741.1902577262,1077064.0256017786,1075963.4329048765,1075963.4329048765,1075963.4329048765
2015-03-27,1135430.2105633097,1081236.5276391404,1080223.6371589077,1080223.6371589077,1080223.6371589077
2015-03-30,1180324.0308704886,1095346.6296766624,1093911.6414132733,1093911.6414132733,1093911.6414132733
2015-03-31,1164290.5511792635,1087495.6317143445,1084169.145667973,1084169.145667973,1084169.145667973
2015-04-01,1187806.3714896347,1095429.1337521868,1094057.9499230073,1094057.9499230073,1094057.9499230073
2015-04-02,1185668.5918016017,1100567.0357901892,1101010.754178376,1101010.754178376,1101010.754178376
2015-04-03,1209184.4121151648,1110385.6378283517,1110646.9584340788,1110646.9584340788,1110646.9584340788
2015-04-07,1235194.3324303245,1125227.1239866745,1125968.260930116,1121097.5869301162,1121745.3778501162
2015-04-08,1247308.5527470806,1129855.4838381899,1131105.7454523481,1120272.8005137802,1121039.6927159852
2015-04-09,1236263.2730654331,1128332.7437022673,1127688.5299890805,1123786.8141299458,1124696.007590881
2015-04-10,1271536.9933853825,1141708.2035789078,1140115.4145403153,1130598.2277786154,1132099.4224748043
2015-04-13,1297190.6137069287,1149068.563468112,1148171.7991060526,1129527.6414597915,1131011.0373677555
2015-04-14,1297903.2340300716,1150533.523369881,1148684.2836862942,1127074.5551734767,1128557.6522697357
2015-04-15,1284720.154354812,1146879.283284216,1144318.7682810407,1124835.4689196732,1125917.2671807455
2015-04-16,1335671.0746811498,1164969.5432111179,1162928.6528902939,1134683.0826983845,1136204.8821007856
2015-04-17,1363462.4950090845,1175422.6031505875,1173570.7375140544,1138515.0965096122,1140354.4970298565
2015-04-20,1327832.5153386167,1158316.763102626,1160047.8221523236,1131278.7103533593,1132612.2119679593
2015-04-21,1361681.0356697466,1172129.1230672342,1170997.3068051026,1139115.6242296286,1141017.8269150946
2015-04-22,1406218.5560024742,1188876.8830444135,1188578.1914723928,1147966.138138422,1150772.241871263
2015-04-23,1404437.0763367997,1190257.9430341644,1187912.3761541946,1147829.5520797425,1150660.9568364648
2015-04-24,1398379.996672723,1186692.203036488,1183360.8608505097,1148568.0660535926,1150992.3718107014
2015-04-27,1432941.1170102446,1201577.9630513857,1195473.1455613396,1155637.6800599748,1158484.8867939732
2015-04-28,1410850.5373493643,1191161.4230788578,1187466.8302866844,1151193.3940988916,1153481.1017862812
2015-04-29,1420114.3576900824,1193178.3831189058,1190242.8150265464,1155083.7081703458,1157694.4167876255
2015-04-30,1416551.3780323989,1191710.6431715307,1189366.9997809257,1155301.5222743396,1158094.0317980074
2015-05-04,1425815.198376314,1195583.1032367332,1191862.784549824,1152858.0364108759,1155910.0468174275
2015-05-05,1361324.918721828,1173365.6633145143,1168929.5693332425,1142418.4505799569,1144098.061845886
2015-05-06,1344222.5390689406,1158512.056704875,1156453.159891182,1132612.5718215855,1134119.7710633844
2015-05-07,1316074.8594176522,1146446.3597623175,1142736.4906035776,1126300.0864833212,1127397.4723813373
2015-05-08,1340659.5797679632,1159630.8628671512,1155336.8213576786,1137353.4011462093,1138924.073699394
2015-05-11,1393748.3001198731,1178353.6660193799,1173695.8521534891,1149181.0158102494,1151605.2750175542
2015-05-12,1412988.5204733827,1184051.969219007,1179458.8829910122,1150889.730475442,1153662.476335818
2015-05-13,1397311.3408284916,1178475.8724660368,1174936.0138702511,1149052.845141787,1151726.3776541855
2015-05-14,1393392.0611852,1180242.0757604728,1179338.6447912094,1151695.959809285,1154199.7789726565
2015-05-15,1362750.2815435082,1174684.9791023186,1172948.7757538897,1152656.674477935,1154724.6802912308
2015-05-18,1350636.1019034162,1169123.7824915778,1169683.0067582957,1153334.189147738,1155261.7816099091
2015-05-19,1406575.2222649243,1185191.8859282543,1183865.137804431,1159493.503818694,1162252.182928691
2015-05-20,1414413.8426280324,1186313.789412352,1183458.7688922982,1158437.5184908027,1161531.2842475765
2015-05-21,1448974.9629927408,1198490.2929438744,1195527.1000219008,1165210.2331640644,1169086.9855665655
2015-05-22,1486030.1833590495,1213270.7965228255,1209507.0311932426,1173174.9478384792,1177546.8868856584
2015-05-25,1541613.0037269585,1230664.8001492084,1227891.8624063262,1182535.5625140474,1187392.9882048548
2015-05-26,1568335.5240964685,1237763.4038230276,1234324.193661155,1186359.5771907687,1191894.589524155
2015-05-27,1568335.544467579,1235152.9075442862,1231606.3249577328,1183091.9918686433,1188828.1908435586
2015-05-28,1443630.5648402907,1204065.4113129883,1198551.456296062,1168474.0065476715,1172668.892163066
2015-05-29,1444699.4852146034,1198017.8151291378,1191930.387676147,1165944.421227853,1170307.6934826772
2015-06-01,1534487.1055905167,1226278.2189927378,1221473.8190979902,1177243.5359091887,1183150.994802392
2015-06-02,1565128.9259680316,1236207.8229037924,1230639.350561595,1182529.6505916778,1189064.6961222107
2015-06-03,1549808.0463471478,1233918.9790823057,1228737.5861469652,1181532.7095953205,1187687.290402133
2015-06-04,1570473.4667278654,1242485.5809398182,1235776.664005853,1184779.7978842729,1191207.446532619
2015-06-05,1573323.8871101844,1250129.6828367694,1244099.9418944349,1188314.586203739,1195055.0026910913
2015-06-08,1618574.0074941053,1262366.084773162,1256520.1198127132,1190787.0745537211,1197654.4588775523
2015-06-09,1603253.1278796282,1258000.9867489995,1253203.7977606903,1186308.3629342217,1193114.4150920042
2015-06-10,1601471.6482667532,1256379.2887642845,1251654.8757383681,1186671.2513452433,1193684.071334449
2015-06-11,1601827.9686554803,1258541.9908190204,1252542.9537457495,1189843.439786788,1197125.1276048895
2015-06-12,1615723.6890458094,1267679.8929132102,1261790.9317828366,1192810.4282588582,1200623.7839033273
2015-06-15,1570473.609437741,1256215.695046857,1251403.0098496317,1184549.5167614566,1191893.240229765
2015-06-16,1522016.8298312752,1237855.097219964,1233445.087946137,1176290.1052945857,1182552.1965842042
2015-06-17,1548739.350226412,1246470.4994325344,1241793.9660723552,1178205.8938582472,1185049.6529666476
2015-06-18,1477123.0706231513,1231585.7016845709,1227058.1442282882,1172152.5824524444,1178020.5093770975
2015-06-19,1368095.2910214937,1201934.803976077,1196266.2224139387,1165145.5710771787,1169434.1658155555
2015-06-23,1426172.211421439,1217922.8063070558,1209354.400629309,1172944.9597324533,1177889.6222820245
2015-06-24,1463583.7318229878,1231563.4086775098,1223638.4788744012,1179044.9484182706,1184438.9787765064
2015-06-25,1401231.2522261394,1210594.5110874427,1203549.9571492178,1168734.1371346328,1173275.5352990034
2015-06-26,1276526.2726308943,1166531.013536858,1159521.5354537612,1151357.4258815418,1153677.8918495178
2015-06-29,1218093.0930372532,1156352.6160257575,1150497.4137880334,1144097.7146590007,1145316.9484280515
2015-06-30,1325695.7134452155,1178975.0185541452,1174693.9921520369,1149149.7034670117,1151816.005034607
2015-07-01,1223437.6338547813,1151305.3211220244,1147224.0705457747,1139506.9923055773,1140406.9616691861
2015-07-02,1191726.9542659512,1134091.0568493977,1128036.873329248,1135348.9271746993,1136969.8306517915
2015-07-03,1124386.2746787253,1106968.2640758215,1099973.474474492,1127341.5294322225,1129855.1599388404
2015-07-06,1162154.0950931034,1120174.2713028132,1116431.8756198264,1127836.4316899234,1130605.9892753416
2015-07-07,1099089.0155090855,1106127.3785303726,1101184.7767652506,1124491.4339478016,1128000.4186612992
2015-07-08,961913.5359266723,1056904.7857585002,1051052.7779107648,1098337.0362058573,1103460.4480967172
2015-07-09,1085193.3563458635,1094702.5929871956,1094355.279056369,1115462.5384640903,1119583.777581599
2015-07-10,1220587.3767666593,1136075.3002164592,1133392.3802020636,1123879.4407225011,1126358.507115949
2015-07-13,1236620.89718906,1157833.2074462909,1153838.4813478477,1133540.9429810888,1135146.4366997709
2015-07-14,1208116.9176130656,1148430.0146766906,1140396.8824937223,1136717.4452398543,1138527.3663330683
2015-07-15,1133650.238038676,1128507.4219076587,1118831.2836396866,1134577.8474987973,1137226.596015846
2015-07-16,1166073.5584658918,1135822.0291391949,1127131.784785741,1136804.5497579179,1139144.2257481068
2015-07-17,1224506.778894713,1164696.1363712996,1152721.5859318858,1152408.252017216,1153669.1555298555
2015-07-20,1220231.1993251392,1166610.4436039724,1148247.0870781203,1150682.0542766917,1151340.2853610953
2015-07-21,1229495.019757171,1173270.1508372137,1152079.488224445,1154042.7565363448,1154251.8152418302
2015-07-22,1222369.0401908085,1167121.7580710233,1146003.9893708597,1148534.0587961755,1148785.2451720645
2015-07-23,1262987.2606260518,1181887.0653054016,1160367.9905173646,1154675.2610561838,1154400.975151802
2015-07-24,1230920.281062901,1168642.6725403483,1146301.6916639595,1146877.06331637,1146879.905181046
2015-07-27,1083055.8015013563,1117177.0797758636,1100585.7928106445,1129437.1655767332,1131469.335259801
2015-07-28,1098733.0219414178,1120557.0870119473,1102985.1939574198,1128493.5678372746,1130447.3653880707
2015-07-29,1148971.3423830855,1145035.0942485998,1124729.495104285,1141526.1700979932,1142548.2955658592
2015-07-30,1100158.2628263596,1133872.428785821,1110295.8561312405,1138341.8450788897,1139792.0749331699
2015-07-31,1100158.28327124,1133287.3386504934,1108287.8626582017,1137367.64900705,1138951.1247763059
2015-08-03,1100514.6037177276,1141739.848515941,1118406.0691856758,1139787.4529905287,1141263.974639076
2015-08-04,1155028.5241658215,1151004.9583821637,1128627.775713663,1139979.9570293296,1141066.9245214816
2015-08-05,1123317.8446155225,1140518.6682491621,1118250.3822421632,1137810.8611234576,1139071.1744235244
2015-08-06,1107996.9650668304,1139312.2781169354,1115531.0887711763,1140249.2652729165,1141801.424345205
2015-08-07,1136500.9855197456,1144916.2879854846,1124135.8953007027,1140513.869477711,1141564.9742865264
2015-08-10,1205979.505974268,1167759.6978548092,1147881.4018307421,1146802.6737378456,1147341.624247489
2015-08-11,1188520.826430398,1176621.2077249093,1154161.9083612945,1163573.7780533244,1163969.774228095
2015-08-12,1173556.2468881356,1165531.117595785,1150654.4148923603,1163320.0824241517,1162893.124228346
2015-08-13,1193152.7673474804,1175334.8274674364,1157872.5214239391,1167574.886850332,1167174.9742482426
2015-08-14,1189589.7878084334,1174876.8373398636,1155947.0279560315,1166202.8913318696,1166085.5242877873
2015-08-17,1192083.9082709942,1178722.647213067,1158704.834488637,1168627.895868769,1168419.4743469814
2015-08-18,1091607.3287351632,1150637.8570870457,1128999.8410217562,1161548.000461034,1161853.2244258262
2015-08-19,1122961.74920094,1154579.2669618009,1134799.9475553886,1162014.2051086694,1162078.2745243236
2015-08-20,1087331.7696683255,1135362.9768373317,1120278.8540895344,1155867.3098116796,1155777.9246424749
2015-08-21,1019634.7901373192,1104187.8867136384,1096904.0606241936,1144256.9145700687,1143879.5747802819
2015-08-24,890654.2106079216,1037504.4965907217,1040630.6671593665,1109441.7193838414,1109502.7249377458
2015-08-25,790890.2310801325,1000518.9064685808,1003107.3736950528,1098308.9242530018,1099132.7751148683
2015-08-26,820819.4515539524,1008330.3163472166,1008878.280231253,1100639.0291775547,1101440.6253116513
2015-08-27,888516.472029381,1052149.0671866285,1044215.3912479666,1119071.5638375033,1119019.8802880954
2015-08-28,940179.9925064188,1084313.2713097592,1073618.0959938092,1132237.3549034442,1130246.1177187352
2015-08-31,937685.9129850658,1081857.4754332139,1072406.6007400248,1129463.9460158339,1128087.355686694
2015-09-01,933054.0334653221,1073908.579556993,1069254.9054866135,1123823.037174676,1123478.194192014
2015-09-02,929491.053947188,1074793.3836810957,1070407.7102335752,1120887.6283799745,1120879.5332347376
2015-09-07,899918.1744306633,1057562.0878055228,1051291.81498091,1114719.3196317328,1115383.5728149072
2015-09-08,931628.8949157483,1077442.5919302742,1067483.3197286176,1120767.9109299546,1120117.2129325646
2015-09-09,954432.1154024432,1091969.7960553493,1080956.0244766986,1129529.9022746435,1127649.4535877523
2015-09-10,932697.8358907478,1075129.3001807488,1065122.4292251526,1119057.593665803,1118347.8947805124
2015-09-11,935191.9563806629,1077064.9043064723,1065647.0339739798,1120550.4851034372,1119572.5365108876
2015-09-14,892792.2768721879,1057910.2084325203,1046054.7387231801,1114936.9765875493,1115268.3787789193
2015-09-15,858587.4973653231,1037158.5125588924,1027411.7434727537,1108156.2681181435,1109661.7215846505
2015-09-16,919871.1178600689,1072489.3166855888,1059109.6482227005,1120929.2596952226,1120207.264928123
2015-09-17,896711.6383564255,1059770.4208126094,1047611.6529730204,1120957.551318791,1120813.7088093793
2015-09-18,896355.3588543925,1059251.5249399545,1048212.1577237138,1122255.3429888522,1122006.1532284617
2015-09-21,917733.3793539705,1062820.129067624,1055830.2624747807,1122928.4347054095,1122560.1981854124
2015-09-22,926997.1998551594,1068491.2331956176,1059557.9672262205,1124169.426468467,1123459.2436802736
2015-09-23,899205.8203579594,1055999.2373239356,1049015.4719780341,1116894.918278028,1117168.2897130877
2015-09-24,909182.2408623706,1058066.6414525781,1052245.8767302209,1118596.2101340964,1118762.2362838967
2015-09-25,883528.6613683931,1048313.7455815452,1043522.9814827814,1115693.8020366759,1116593.8833927433
2015-09-28,890298.3818760271,1046465.8332108367,1041923.9087357152,1114400.55208577,1115254.0975996696
2015-09-29,867851.5023852726,1030434.9584136535,1028096.3959892627,1103974.4683791993,1106412.1218638304
2015-09-30,875690.12289613,1035647.5836420263,1032758.4832496671,1107854.9846896254,1109651.3470021908
2015-10-08,917020.9434085991,1062206.3088959574,1055680.170516929,1124854.9010170505,1123819.4730148197
2015-10-09,931985.5639226803,1071131.234175448,1063772.8577910485,1130960.317361476,1128916.6999017857
2015-10-12,982223.8844383734,1094612.159480501,1088126.7450720265,1142156.5337229024,1138528.5276631573
2015-10-13,973316.4049556789,1091820.9848111183,1084557.8323598637,1139776.4501013318,1136420.1562990036
2015-10-14,959777.0254745967,1086492.8101673014,1082550.1196545602,1141139.6664967653,1137946.8858093931
2015-10-15,991487.7459951269,1099563.8355490528,1095629.2069561167,1145872.6829092042,1141822.5161943943
2015-10-16,1008946.4665172697,1109584.1609563741,1103434.894264534,1147248.7993386497,1142872.6474540762
2015-10-19,1006808.6870410255,1111127.6863892677,1104305.9815798122,1148222.9157851033,1143642.9795885077
2015-10-20,1023554.8075663939,1120643.1118477355,1112681.4689019523,1153267.5322485666,1148002.7125977573
2015-10-21,984718.1280933752,1101808.037331779,1094733.3562309544,1146583.4487290406,1142647.6464818935
2015-10-22,1000751.6486219699,1108584.2628414012,1101292.2435668195,1148160.9652265266,1143718.7812409855
2015-10-23,1023198.5691521778,1125705.8883766031,1115525.7309095475,1158257.9817410263,1152325.416875102
2015-10-26,1025336.3896839989,1132793.5139373871,1119942.2182591397,1160392.2982725403,1154118.1533843118
2015-10-27,1026049.0102174334,1133890.7395237559,1121910.3056155962,1161780.9148210709,1155328.3907686833
2015-10-28,1003245.8307524818,1127849.4651357103,1115969.1929789172,1161275.8313866185,1155260.9290282854
2015-10-29,1005027.3512891438,1128432.790773253,1113988.680349104,1159730.0479691853,1153717.6681631873
2015-10-30,1005383.6718274198,1129800.0164363862,1112642.1677261568,1158285.564568772,1152370.0081734573
2015-11-02,984005.6923673097,1120919.6428451112,1104645.419310076,1154124.52190538,1148406.2961191642
2015-11-03,974385.6129088136,1120100.8165250905,1100650.7358144314,1154263.2410071332,1148532.2462129886
2015-11-04,1049208.6334519319,1142084.2902658696,1120002.6523200837,1158723.7601575379,1153713.2969158539
2015-11-05,1070230.3539966648,1151398.3640674527,1127875.068827033,1159133.6793565988,1154392.9482278079
2015-11-06,1102297.3745430117,1160714.0379298453,1137497.0853352796,1160269.1986043195,1155826.6001488979
2015-11-09,1116549.3950909735,1167295.9118530515,1140829.6018448235,1154574.5179007037,1151190.7526791724
2015-11-10,1112630.11564055,1162871.5858370767,1138354.118355665,1153041.3372457551,1149570.4058186784
2015-11-11,1110848.6361917416,1163434.6598819254,1139126.4348678037,1155265.2566394778,1151583.1595674653
2015-11-12,1096596.6567445481,1157746.633987602,1133107.45138124,1155276.1760818756,1151492.3139255797
2015-11-13,1083413.5772989695,1148990.708154112,1125430.9678959742,1149538.695572952,1145926.0688930699
2015-11-16,1091252.1978550062,1146307.8823814597,1127450.084412006,1149820.6151127112,1146154.6244699839
2015-11-17,1086264.0184126585,1154606.45666965,1129878.1009293357,1151781.634701157,1148127.8806563693
2015-11-18,1074506.1389719264,1148081.1310186877,1122850.3174479639,1147584.654338293,1144142.3374522743
2015-11-19,1094815.25953281,1162207.8054285778,1133938.4339678895,1155288.4740241233,1151689.6948577466
2015-11-20,1090895.9800953092,1160688.5798993243,1133362.6504891138,1156306.4937586514,1152584.852872834
2015-11-23,1084126.3006594242,1159774.954430933,1130497.2670116364,1154569.8135418813,1150974.0114975846
2015-11-24,1085195.2212251553,1160255.3290234082,1131120.5835354573,1155743.133373817,1152040.8707320464
2015-11-25,1093390.1417925025,1164178.1036767547,1136376.0000605765,1157946.353254462,1154222.4305762674
2015-11-26,1086976.7623614662,1164230.578390977,1135530.416586995,1158129.0731838204,1154285.591030295
2015-11-27,1013578.9829320462,1142265.4531660806,1113004.2331147115,1149400.6931618957,1145416.4520941775
2015-11-30,1013935.3035042429,1139948.5280020693,1108700.839463727,1148910.585268692,1145092.3036479626
2015-12-01,1023911.7240780559,1137819.802898949,1109518.7444648307,1151152.4000886546,1147108.2635993792
2015-12-02,1079494.5446534858,1160427.6778567238,1128908.9494663272,1159461.1149097816,1155912.7235712237
2015-12-03,1082344.9652305327,1161639.5528753984,1129398.954468217,1156797.9297320733,1153602.583563498
2015-12-04,1056691.3858091969,1146390.827954978,1118444.5594704994,1151065.24455553,1147378.6435762038
2015-12-07,1058829.206389478,1152842.1030954672,1124595.9644731754,1159020.2593801515,1155336.703609343
2015-12-08,1039589.0269713763,1144413.3782968705,1115997.8694762443,1152969.974205938,1149104.4636629166
2015-12-09,1041370.5475548923,1143530.953559193,1115861.7744797065,1152668.589032889,1148700.7237369264
2015-12-10,1038876.4681400256,1138712.3288824398,1112557.1794835618,1149896.303861006,1145820.9838313742
2015-12-11,1032463.0887267767,1136661.204266615,1110075.9844878102,1148868.818690288,1144740.2439462617
2015-12-14,1072368.7093151454,1143798.2797117238,1120297.389492452,1149898.0335207353,1146069.20408159
2015-12-15,1059541.9299051324,1141772.5552177709,1116189.494497487,1149313.5483523482,1145529.7642373613
2015-12-16,1059898.2504967374,1143982.7307847613,1117220.9995029154,1153006.4631851264,1149211.4244135767
2015-12-17,1084839.2710899604,1159477.8064126994,1129941.104508737,1160806.4780190703,1157504.7846102384
2015-12-18,1089827.4916848016,1156703.58210159,1128801.8095149524,1158182.99285418,1154811.0448273474
2015-12-21,1125457.5122812616,1170665.7578514384,1145031.1145215607,1165161.6076904556,1161999.5050649054
2015-12-22,1127239.03287934,1171428.2336622488,1146190.1195285628,1166442.8225278968,1163312.7653229143
2015-12-23,1125457.553479037,1174456.2095340262,1148199.3245359582,1167786.7373665043,1164589.3256013757
2015-12-24,1108711.474080353,1171413.9854667757,1144075.3295437472,1169353.652206278,1165997.385900291
2015-12-25,1115837.4946832878,1172250.2614605017,1145507.0345519297,1170073.6670472175,1166721.9462196617
2015-12-28,1074150.4152878418,1159717.5761152094,1133316.3574805057,1164630.4163293235,1160512.4389994894
2015-12-29,1086620.935894015,1163643.7736765377,1137039.3987950655,1167133.9178551545,1163208.2470575108
2015-12-30,1086264.6565018075,1167486.571245533,1138626.7402307494,1168692.3193811055,1164612.7551161656
2015-12-31,1074150.4771112197,1166468.068822196,1136129.9817875668,1166400.9209071766,1162083.4631754532
2016-01-04,987569.5977222511,1134466.3664065266,1107828.3234655275,1148806.4224333675,1142940.6712353746
2016-01-05,984719.2183349024,1124333.7639985264,1101859.365264641,1144509.7239596783,1138664.1792959291
2016-01-06,1004315.7389491736,1133632.661598195,1111659.3071849162,1150098.725486109,1144634.1873571172
2016-01-07,969398.3595650648,1110198.3592055335,1094405.6492263635,1138918.1270126596,1132335.5954189387
2016-01-08,942319.580182576,1106725.1568205426,1093008.8913889918,1138607.9285393304,1132199.2034813936
2016-01-11,879967.1008017072,1082672.554443223,1072273.633672811,1125170.6300661208,1117707.3115444821
2016-01-12,888162.021422459,1080035.8520735747,1067642.9760778307,1122325.3315930315,1114702.6196082046
2016-01-13,872128.5420448313,1077478.449711599,1062969.01860406,1120566.433120062,1112490.8276725605
2016-01-14,891368.7626688242,1077089.147357296,1066659.8612515086,1120237.3346472126,1112854.8357375502
2016-01-15,857163.9832944378,1062968.3450106664,1052144.904020186,1111712.3361744832,1103533.5438031738
2016-01-18,857876.6039216723,1058661.942671711,1050013.946910102,1109745.337701874,1101735.3518694309
2016-01-19,890299.9245505278,1074710.4403404302,1063338.7899212658,1117188.7392293848,1109708.6599363221
2016-01-20,875335.3451810043,1060810.6380168246,1054591.3330536871,1109041.4407570155,1101546.3680038473
2016-01-21,842912.0658131023,1047450.335700895,1045024.4763073752,1103424.0422847662,1095451.6760720063
2016-01-22,853601.0864468213,1056835.933392642,1049996.71968234,1110002.743812637,1101961.7841407994
2016-01-25,857876.707082162,1060574.231092066,1052874.4631785909,1112105.3453406277,1104099.4922102268
2016-01-26,795167.9277191242,1022113.1735191678,1022178.212876137,1095757.9225087387,1089500.0722802882
2016-01-27,783766.3483577084,1020711.3803304012,1018112.6178751512,1096466.624852339,1090371.4759558851
2016-01-28,761319.4689979145,1009094.08714217,1007096.6228745582,1089006.2271961235,1083492.4796317709
2016-01-29,790179.7896397423,1024768.093954474,1020809.6278743582,1098713.229540092,1092343.3833079457
2016-02-01,778778.2102831925,1022168.9007673134,1017283.232874551,1100326.7318842444,1094331.886984409
2016-02-02,800868.8309282648,1032216.0075806882,1027315.4378751366,1104901.6342285813,1098346.7906611615
2016-02-03,795880.6515749596,1026707.4143945985,1024342.6428761155,1101332.4365731026,1095150.694338203
2016-02-04,809776.3722232768,1036863.021209044,1033524.4478774872,1109691.238917808,1103167.4980155332
2016-02-05,797305.8928732169,1035770.1280240254,1033852.052879252,1111654.8412626975,1105287.5016931526
2016-02-15,793386.6135247794,1029489.634839542,1035962.4578814098,1113687.6436077715,1107991.2053710609
2016-02-16,822959.5341779651,1043769.0416555945,1047214.0628839607,1118708.5459530295,1112016.9090492586
2016-02-17,834004.8548327737,1046149.1484721823,1052122.6678869047,1119178.0482984718,1112425.7127277448
2016-02-18,832579.6754892054,1046140.755289306,1052385.0728902419,1119927.0506440988,1113120.4164065204
2016-02-19,829729.2961472605,1044740.9621069654,1054179.2778939724,1121712.45298991,1115076.2200855848
2016-02-22,852176.2168069391,1054747.3689251607,1062767.282898096,1125071.1553359055,1117751.9237649387
2016-02-23,843625.037468241,1052011.5757438915,1059446.8879026128,1124814.8576820854,1117702.3274445815
2016-02-24,851819.9581311668,1052648.3825631584,1062830.692907523,1125079.9600284495,1118041.0311245134
2016-02-25,781272.5787957163,1028069.389382961,1040146.4979128264,1115751.7623749983,1110441.8348047347
2016-02-26,791248.9994618897,1033608.9962032995,1043460.9029185231,1120460.364721731,1114968.8384852451
2016-02-29,766664.320129687,1023219.9030241742,1031679.5079246132,1112839.4670686487,1108106.5421660447
2016-03-01,785904.5407991087,1029534.3436655847,1041172.629491097,1118522.4983757504,1113542.9352071336
2016-03-02,832579.8614701546,1063404.7455471964,1069632.4318352458,1131898.3997744347,1126046.1576216645
2016-03-03,830085.7821428251,1062214.947428956,1069867.2341795787,1131552.001173229,1125818.8800458154
2016-03-04,843268.90281712,1068689.649310863,1078679.336524096,1133698.302572133,1128068.8024795868
2016-03-07,851820.1234930395,1072839.8511929181,1082409.2388687977,1136378.703971147,1130521.42492298
2016-03-08,847900.8441705839,1068101.6530751213,1079947.4412136832,1134452.5053702712,1128620.447375995
2016-03-09,831511.0648497534,1057793.7549574724,1069331.5435587533,1129079.6067695052,1123395.369838633
2016-03-10,816902.7855305477,1054665.8568399714,1064639.2459040075,1128143.8081688492,1122586.492310895
2016-03-11,814765.0062129674,1055700.858722618,1067640.6482494464,1131984.9095683033,1126495.1147927814
2016-03-14,837924.5268970125,1067153.1606054131,1075337.4505950694,1136058.9109678671,1130190.437284293
2016-03-15,834361.5475826829,1065779.562488356,1071124.8529408765,1132157.3123675408,1126189.5597854306
2016-03-16,841487.568269979,1069200.4643714468,1076013.9552868681,1133762.5137673246,1127850.1822961948
2016-03-17,859302.5889589007,1078601.5662546854,1086106.3576330442,1139739.3151672187,1133591.8048165867
2016-03-18,874979.8096494481,1087091.068138072,1094689.1599794046,1143388.6165672224,1136854.0273466066
2016-03-21,899920.8303416217,1096043.970021607,1101007.762325949,1144598.0179673363,1137658.1498862556
2016-03-22,892082.2510354213,1093508.7719052897,1099927.1646726783,1144760.7193675602,1137964.3724355346
2016-03-23,894220.0717308471,1094888.3737891202,1098756.5670195918,1145411.1207678942,1138505.9949944438
2016-03-24,876405.0924278994,1084903.1756730992,1087845.26936669,1140645.3221683383,1133833.2175629844
2016-03-25,881037.013126578,1087535.877557226,1091009.3717139724,1143417.5235688924,1136560.2401411573
2016-03-28,870348.0338268834,1085717.079441501,1088697.0740614394,1142260.8249695564,1135452.4627289628
2016-03-29,861084.2545288152,1077312.980705924,1080955.996649091,1140488.1315703306,1133434.190286402
2016-03-30,891726.0752323741,1095600.0331178415,1099093.7475220733,1148739.3059606564,1142430.205825772
2016-03-31,889588.29593756,1095085.6856596137,1097165.9984304882,1147424.6803646865,1141134.4214135143
2016-04-01,893151.3166443729,1096226.1383312505,1100008.5493743375,1149047.6547824221,1142558.7370496325
2016-04-05,904196.6373528132,1104746.3911327627,1106995.900353624,1149723.9292138645,1143626.9527341307
2016-04-06,902058.8580628808,1102937.94406416,1105440.651368351,1149712.0036590146,1143566.8684670122
2016-04-07,887806.8787745759,1099986.4971254529,1100980.2024185208,1148840.078117873,1142564.684248281
2016-04-08,878186.7994878985,1094286.0503166514,1097644.5535041362,1147007.2525904418,1140477.600077941
2016-04-11,890657.3202028491,1100974.003637766,1105566.3046252003,1150741.6270767213,1144509.115955996
2016-04-12,889232.1409194274,1097211.257088807,1103591.0557817158,1149901.9015767127,1143539.43188245
2016-04-13,903840.4616376337,1106728.0106697837,1110872.0069736852,1151974.0760904173,1146209.8478573058
2016-04-14,908116.0823574682,1110477.3643807075,1111718.2582011116,1153109.950617836,1147674.6638805687
2016-04-15,909185.003078931,1110896.318221588,1111813.4094639977,1153063.42515897,1147620.0799522412
2016-04-18,892795.2238020222,1104917.8721924354,1106337.5607623463,1150705.9997138204,1144904.196072328
2016-04-19,894220.4445267417,1106223.42629326,1108407.61209616,1153404.9742823879,1147629.0122408324
2016-04-20,874267.6652530901,1095958.680524072,1098869.163465442,1148968.148864674,1142711.3284577585
2016-04-21,868923.1859810672,1095807.0348848817,1099944.5148701945,1148134.6234606798,1142026.3447231099
2016-04-22,873911.4067106732,1095703.589375699,1098049.866310421,1146385.598070406,1140369.0610368904
2016-04-25,870348.4274419084,1088621.5439965345,1090903.0177861236,1139726.4726938538,1133726.377399104
2016-04-26,876761.8481747726,1092961.4987473986,1094561.5692973055,1141791.7473310246,1135892.0938097544
2016-04-27,871417.3689092661,1091922.4660283008,1095826.4456639693,1142511.8711819192,1136477.1424088455
2016-04-28,870704.789645389,1092914.8346119232,1097291.9980384698,1145202.0717140322,1139036.8533512019
2016-04-29,869279.6103831416,1088629.2032323694,1097811.9504878125,1144016.072246187,1137417.9642944185
2016-05-03,891013.9311225236,1097275.2718896419,1108776.1030120032,1148591.8727783833,1142134.6752384948
2016-05-04,886738.3518635356,1092422.1405837438,1103737.5556110484,1144320.6733106219,1137534.8861834316
2016-05-05,886738.3726061775,1090187.009314678,1102008.3082849532,1143821.7738429022,1136902.797129228
2016-05-06,860728.4933504494,1079974.0780824474,1091834.2610337238,1138992.7743752243,1131490.708075885
2016-05-09,837925.3140963515,1070700.7468870548,1079809.8138573663,1137509.574907588,1129685.519023402
2016-05-10,836856.4348438838,1069412.1157285036,1077927.1667558863,1137188.1754399939,1129201.2299717793
2016-05-11,841132.0555930468,1074014.9846067957,1081619.9197292898,1140657.1759724414,1132816.4409210172
2016-05-12,845051.3763438404,1074419.353521935,1082594.5727775826,1140253.9765049308,1132292.7518711153
2016-05-13,841132.0970962645,1071987.4224739238,1082593.9259007706,1139032.5770374618,1130761.862822074
2016-05-16,845407.7178503195,1072229.291462765,1084089.17909886,1138251.177570035,1130102.0737738933
2016-05-17,843626.2386060053,1074599.660488462,1084466.5323718563,1139739.47810265,1131766.4847265733
2016-05-18,836500.2593633224,1067477.1295510172,1078697.7857197651,1134791.8786353066,1126430.9956801138
2016-05-19,834362.4801222706,1065588.8986504336,1074191.3391425933,1132181.1791680055,1123832.6066345153
2016-05-20,841488.5008828503,1067526.2677867142,1076120.392640346,1134187.679700746,1125918.2175897777
2016-05-23,843270.0216450613,1071330.9369598618,1078588.846213029,1135989.3802335283,1127986.0285459007
2016-05-24,836500.3424089039,1068781.0061698796,1075521.6998606487,1134053.1807663527,1125870.8395028852
2016-05-25,835787.7631743784,1073304.67541677,1075032.0535832106,1137240.1812992187,1129567.1504607303
2016-05-26,835787.7839414846,1074314.461560536,1076002.4955607208,1138306.629592127,1130708.3727594367
2016-05-27,836500.4047102227,1076500.9655889228,1076871.3012656386,1139599.5318734157,1131943.4830047723
2016-05-30,837213.0254805931,1082397.8696176263,1078845.806971005,1142991.9341548837,1135266.093250913
2016-05-31,875337.1462525956,1099744.9736466461,1097637.1126768196,1152614.036436531,1143854.6034978593
2016-06-01,870705.2670262306,1097821.3776759827,1095994.0183830825,1151735.9387183578,1143074.2137456106
2016-06-02,871774.187801498,1096815.881705636,1095513.724089794,1151126.6410003637,1142368.9239941672
2016-06-03,884957.3085783981,1099200.8857356058,1097741.929796954,1152061.8432825492,1143097.0342435294
2016-06-06,878187.6293569307,1096006.7897658923,1098589.4355045622,1151873.7455649136,1142911.544493697
2016-06-07,878187.6501370964,1097146.8937964956,1099467.841212619,1154344.0478474577,1145250.8547446697
2016-06-08,876762.4709188951,1095644.5978274157,1099223.0469211244,1155528.7501301812,1146495.3649964484
2016-06-13,839707.2917023269,1077235.5018586523,1087528.2526300787,1145285.5524130838,1137470.2752490325
2016-06-14,844339.2124873921,1079901.205890206,1089639.3583394813,1147335.954696166,1139394.5855024224
2016-06-15,858947.5332740905,1087350.3099220763,1097147.2640493328,1152463.756979428,1144116.695756618
2016-06-16,852177.8540624225,1083539.9139542638,1096485.169759633,1151735.8592628688,1143719.7060116194
2016-06-17,856809.7748523881,1086926.4179867678,1095724.4754703818,1151854.2615464893,1143598.4162674267
2016-06-20,857166.0956439875,1089235.9220195888,1097307.7811815795,1154208.9638302892,1145790.32652404
2016-06-21,854672.016437221,1087763.2260527266,1096028.1868932259,1153115.1661142688,1144717.7367814593
2016-06-22,861441.7372320882,1092144.6300861817,1098870.2926053212,1154749.1683984275,1145826.347039685
2016-06-23,857878.7580285898,1089445.8341199534,1096023.9983178654,1154670.370682766,1145960.6572987165
2016-06-24,846120.8788267258,1081844.8381540421,1097752.9040308583,1153187.072967284,1145043.2675585542
2016-06-27,860016.5996264959,1087827.8421884482,1105754.6364243005,1159266.8132519813,1151266.081539198
2016-06-28,865717.4204279006,1087234.046223171,1104991.1013651295,1158869.4372207688,1150947.5829365593
2016-06-29,870705.6412309401,1091355.650258211,1109282.7663660718,1161555.3611992982,1153686.4843340302
2016-06-30,872487.1620356145,1096749.4542935682,1112148.2314271312,1166236.9851875706,1158177.985731611
2016-07-01,871418.2828419236,1101175.858329242,1117657.796548313,1171192.8091855864,1163114.0871293019
2016-07-04,890302.2036498679,1109389.3623652335,1129141.661729622,1176365.9331933467,1168809.1885271023
2016-07-05,893152.6244594473,1111490.666401542,1131014.9269710623,1176192.9572108523,1168650.9899250127
2016-07-06,898853.4452706621,1111781.7704381675,1134633.6922726394,1177935.6812381037,1170640.891323033
2016-07-07,900278.6660835124,1116179.2744751105,1136732.8576343579,1181681.3052751017,1174135.092721163
2016-07-08,896003.0868979981,1113817.7785123705,1132963.123056222,1179520.229321847,1171815.994119403
2016-07-11,898853.5077141196,1121345.382549948,1139298.8885382367,1186650.2533783407,1178789.395517753
2016-07-12,928070.1285318771,1137625.2865878427,1153575.0540804067,1193890.1774445833,1186092.6969162126
2016-07-13,930564.2493512704,1141501.590626055,1155307.0196827368,1195748.8015205758,1187863.5983147824
2016-07-14,928782.7701722997,1139662.294664584,1152459.185345232,1195324.2256063188,1187398.2997134617
2016-07-15,930207.9909949654,1145106.198703431,1156349.7510678966,1199888.4497018128,1191777.4011122512
2016-07-18,925932.4118192672,1144324.302742595,1155742.5168507355,1198667.5738070589,1190585.2025111506
2016-07-19,919875.3326452057,1145466.4067820767,1155055.882693753,1200920.597922058,1192522.50391016
2016-07-20,917381.2534727808,1144351.6108218755,1153765.3485969547,1200045.6220468106,1191655.205309279
2016-07-21,923794.6743019926,1153665.814861992,1158958.5145603449,1205609.8461813175,1196858.2067085083
2016-07-22,913461.9951328413,1146385.718902426,1153693.280583928,1201298.4703255796,1192658.2081078475
2016-07-25,913105.7159653269,1150244.5484831773,1155195.347887709,1202981.9505395973,1194423.5391872965
2016-07-26,928070.3367994498,1157896.1316029741,1162827.7027516204,1207766.0664949897,1199526.351130658
2016-07-27,906336.0576352096,1150298.714768595,1155607.5576198432,1202433.2824673527,1193885.8631299676
2016-07-28,909542.778472607,1152781.1979800442,1160889.0124923775,1204375.0984566878,1195803.2751852293
2016-07-29,905623.4993116418,1159357.4812373247,1163545.5673692243,1207270.8144629966,1199203.2872964481
2016-08-01,896003.4201523144,1155521.9645404408,1161209.6222503835,1207280.0304862803,1198926.799463628
2016-08-02,898853.8409946247,1158509.9478893953,1164157.6771358554,1209568.94652654,1201385.0116867735
2016-08-03,900279.0618385728,1152797.0312841926,1162268.4320256407,1205826.9625837773,1197102.8239658892
2016-08-04,903842.0826841592,1152505.314724836,1160447.2869197393,1204865.9786579933,1196144.236300979
2016-08-05,908474.0035313834,1156971.9982113289,1166534.541818152,1209223.5947491894,1200623.3486920479
2016-08-08,918094.124380246,1164866.681743675,1168669.796720879,1213593.1108573675,1205512.0611390998
2016-08-09,923438.6452307472,1170606.765321878,1174026.75162792,1217109.5269825284,1209165.1736421396
2016-08-10,919875.6660828865,1170160.8489459415,1176097.506539276,1218642.543124673,1210545.3862011712
2016-08-11,918450.4869366648,1167102.832615869,1172140.4614549477,1216507.7592838034,1208404.0988161992
2016-08-12,939115.9077920818,1178036.1163316641,1183083.0163749345,1221342.4754599207,1213670.9114872282
2016-08-15,974389.6286491378,1192510.3000933307,1197005.5712992372,1227301.2916530261,1220277.8242142622
2016-08-16,970826.649507833,1188650.383900872,1194102.6262278564,1227407.407863121,1220099.2369973059
2016-08-17,967976.2703681671,1187152.1677542918,1192999.5811607917,1225608.1240902068,1218153.2498363636
2016-08-18,966194.7912301404,1185004.9516535937,1191650.1360980442,1224805.3403342846,1217270.3627314395
2016-08-19,964769.6120937534,1185807.3355987812,1192366.191039614,1224365.2565953562,1216977.6756825384
2016-08-22,956218.4329590058,1183454.965729858,1188514.1986455012,1222378.4127334228,1214694.8328696645
2016-08-23,956931.0538258981,1184518.0150608076,1189109.7903893467,1223528.0631289626,1215938.725231146
2016-08-24,951942.87469443,1182845.0644192093,1186973.3821875525,1221799.5135520385,1214080.9176234612
2016-08-25,945529.4955646021,1178488.6138050652,1181906.2740401234,1219225.3640026522,1211403.8100466123
2016-08-26,944104.316436414,1179179.7632183775,1182452.7659470637,1220755.514480806,1212877.7025006022
2016-08-29,943748.0373098663,1178754.0126591485,1181871.3579083772,1220104.0649865023,1212208.594985433
2016-08-30,948736.2581849588,1182155.5621273804,1184098.6499240687,1222831.415519743,1215025.8875011073
2016-08-31,953724.479061692,1184725.0116230752,1185886.2419941418,1222951.0660805304,1215117.080047627
2016-09-01,940897.6999400656,1179378.2611462353,1180284.4341186017,1219829.5166688666,1211905.6726249952
2016-09-02,946242.2208200798,1181457.0106968624,1182612.1262974518,1221239.9672847535,1213504.365233214
2016-09-05,948736.3417017352,1186760.360274959,1188216.818530697,1226441.3179281938,1218917.557872286
2016-09-06,959069.0625850314,1193029.1098805268,1192632.1108183411,1230370.5685991894,1222923.3505422135
2016-09-07,959781.6834699687,1196014.0595135689,1197107.6031603888,1233091.1192977421,1225727.5432429991
2016-09-08,958000.2043565473,1194966.4091740865,1196321.6955568437,1233426.7700238547,1226073.635974645
2016-09-09,951943.1252447672,1192910.1588620823,1193600.788007711,1233459.220777529,1226158.2287371533
2016-09-12,928071.0461346287,1169342.5085775582,1174155.6805129943,1216135.5715587675,1207901.1215305272
2016-09-13,928071.0670261318,1173880.0583205165,1176809.3730726982,1219302.522367572,1211014.7143547689
2016-09-14,920945.0879192767,1169781.2080909596,1172741.0656868268,1216285.173203945,1207701.8072098803
2016-09-19,928427.4088140633,1178263.5578888892,1177624.1583553844,1223117.724067888,1215004.3000958643
2016-09-20,927002.2297104921,1177464.8077143074,1177646.5510783754,1222446.9749594037,1214241.4930127233
2016-09-21,931634.1506085629,1181268.0733272168,1180788.1095358038,1225992.2121584944,1217986.6066804598
2016-09-22,939472.7715082761,1190103.1811207472,1188548.3544510768,1231234.8129845918,1223180.125691266
2016-09-23,936622.3924096316,1194709.1889148897,1190184.0994248888,1233768.713810754,1225955.0447900097
2016-09-26,916669.6133126296,1181246.296709645,1179561.2444572446,1224948.3146369813,1217355.463976698
2016-09-27,922726.7342172704,1179219.9045050126,1178654.9895481486,1225158.9154632732,1217480.083251337
2016-09-28,920945.255123554,1179309.0123009929,1177196.7346976057,1223865.4162896303,1216140.5026139345
2016-09-29,926289.7760314804,1180829.0200975859,1179021.4799056205,1225719.9171160522,1217808.122064497
2016-09-30,929852.7969410499,1182587.5278947914,1181648.225172197,1226158.4179425393,1218132.6416030317
2016-10-10,943392.2178522625,1192444.0356926098,1183319.7704973405,1230384.0187690912,1222036.2612295449
2016-10-11,946242.6387651184,1197965.1434910407,1186256.1158810554,1232316.1195957083,1223973.380944044
2016-10-12,943392.259679618,1195995.7512900848,1184191.861323346,1230634.12042239,1222308.6007465357
2016-10-13,943392.2805957609,1200880.9590897416,1188047.906824217,1232498.0212491367,1224245.720637027
2016-10-14,946955.3015135475,1203690.2668900115,1189355.4523836735,1234147.1220759486,1225959.640615525
2016-10-17,935910.022432978,1195974.5746908945,1184353.7980017196,1230313.722902825,1222186.3606820365
2016-10-18,950874.6433540526,1203152.2824923901,1191744.74367836,1235853.9237297669,1227422.6808365681
2016-10-19,950162.064276771,1204632.890294499,1192571.7894135995,1236167.9245567736,1227772.1010791273
2016-10-20,948380.5852011339,1206033.5980972212,1194606.6352074426,1238573.7253838454,1230254.8214097205
2016-10-21,954437.7061271409,1209907.8059005563,1198009.1810598935,1240110.4262109818,1231596.0418283548
2016-10-24,969046.0270547924,1218627.2137045045,1206600.1269709575,1245555.4270381837,1236764.0623350372
2016-10-25,965839.3479840886,1220391.6215090666,1207550.472940639,1247128.9278654503,1238483.3829297745
2016-10-26,962276.3689150296,1215032.7981142413,1203733.295168942,1243509.751492782,1234699.591912574
2016-10-27,960494.8898476152,1211988.589435009,1201005.6275474653,1240051.9812981451,1231223.0929492593
2016-10-28,958713.4107818459,1210188.980794387,1200080.159999259,1239263.711176577,1230260.0939860267
2016-10-31,956219.3317177217,1209156.9721923785,1199691.2925243296,1239316.6411280832,1230229.8950228752
2016-11-01,963701.652655243,1213435.9636289864,1204075.2251226828,1243420.67115267,1234484.1960598053
2016-11-02,955506.7735944093,1206096.455104214,1200044.457794324,1238568.8012503423,1229257.7970968168
2016-11-03,964770.5945352212,1207293.846618064,1202606.4905392593,1239200.7314211063,1229988.1981339098
2016-11-04,960851.3154776789,1206046.6381705396,1200499.823357494,1238087.2616649675,1228803.6991710844
2016-11-07,961920.2364217822,1211565.2297616436,1203013.1562490345,1240672.4919819322,1231721.2002083405
2016-11-08,968333.6573675314,1215515.2213913796,1206656.189213886,1243105.322372006,1234352.3012456782
2016-11-09,963701.7783149268,1201751.8130597502,1202711.5222520547,1236825.952835194,1227234.9022830974
2016-11-10,976172.299263968,1217751.7047667585,1210224.3553635457,1244499.7833715025,1235824.303320598
2016-11-11,986861.3202146558,1219242.5965124075,1210155.6885483656,1243284.0139809374,1234895.20435818
2016-11-14,988642.8411669899,1219928.8882967003,1204801.7218065197,1238634.6446635039,1230686.2053958438
2016-11-15,987217.6621209705,1216236.18011964,1203408.0551380138,1237757.3754192083,1229658.8064335892
2016-11-16,987573.9830765978,1225099.9719812297,1209050.1885428538,1243097.8062480558,1235349.6074714158
2016-11-17,990424.404033872,1227051.7638814722,1209703.2220210452,1242505.4371500525,1234963.8085093244
2016-11-18,986148.8249927929,1227528.1558203707,1206676.2555725942,1240770.9681252043,1233394.9095473143
2016-11-21,991849.6459533611,1230873.047797928,1211962.989197506,1243794.9991735164,1236524.0105853858
2016-11-22,1004320.1669155763,1243052.7398141476,1221399.2228957869,1251763.0302949953,1244993.911623539
2016-11-23,1006457.9878794389,1246282.270269032,1223767.3017274423,1253024.797409646,1246296.9761817737
2016-11-24,1010021.0088449491,1255209.0447540553,1226178.5826301144,1255170.4408072764,1249007.4870717747
2016-11-25,1023916.7298121066,1266327.0192842248,1232658.0635470029,1259608.584263327,1254052.697962632
2016-11-28,1029617.5507809118,1267658.9938595437,1236140.0444781086,1261809.027777802,1256186.2088543447
2016-11-29,1039593.971751365,1263577.1684800154,1233577.4254234328,1256228.271350706,1250789.1197469134
2016-11-30,1027836.092723466,1259035.5431456438,1227158.7063829766,1252782.5149820435,1247190.230640338
2016-12-01,1039950.3136972153,1265230.117856432,1232387.087356741,1256254.0586718195,1251080.2415346191
2016-12-02,1025698.3346726127,1258144.092612384,1226329.6683447275,1250660.402420038,1245110.2524297559
2016-12-05,1000044.7556496585,1255441.067413503,1219826.349346937,1247356.9462267042,1241635.4633257492
2016-12-06,997906.9766283525,1260513.3422597928,1221243.83036337,1249620.690091822,1244118.8742225985
2016-12-07,1003607.7976086955,1268366.1171512569,1225930.7113940283,1254584.5340153968,1249541.585120304
2016-12-08,1006458.218590687,1270199.7920878988,1229237.3924389132,1256142.7779974327,1250905.0960188662
2016-12-09,1013584.2395743276,1267862.167069722,1229978.2734980255,1254598.5220379345,1249314.906918285
2016-12-12,980092.060559617,1257639.24209673,1216313.354571366,1241315.9661369063,1235584.0178185601
2016-12-13,978310.5815465556,1262652.3171689268,1217007.0356589362,1242537.6102943532,1237192.3287196918
2016-12-14,969759.4025351435,1255540.9922863154,1212208.6167607373,1237762.65451028,1232083.8396216803
2016-12-15,955863.7235253807,1232915.1674488995,1190199.99787677,1218021.5987846905,1212289.8505245254
2016-12-16,955863.7445172674,1242130.442656683,1195194.8790070363,1224565.2431175902,1219073.9614282271
2016-12-19,952300.7655108039,1247345.617909669,1199514.9601515362,1229084.187508983,1223554.972332786
2016-12-20,943393.28650599,1245299.0932078613,1195277.0413102715,1226397.5319588736,1220840.3832382015
2016-12-21,956576.4075028262,1266020.3920712632,1209330.8982232432,1241499.987027267,1235940.8437844745
2016-12-22,954438.6285013122,1265762.181410554,1208661.2379634313,1239144.0964407239,1233613.7541847029
2016-12-23,944818.5495014484,1251920.2707961581,1199230.6778010442,1230191.30585492,1224706.364585749
2016-12-26,949094.170503235,1258020.0602280789,1203772.5177360899,1234542.2152698562,1229052.674987612
2016-12-27,947312.6915066721,1247835.1497063201,1199160.6577685757,1229957.024685532,1223998.6853902931
2016-12-28,940899.3125117596,1231210.5392308857,1190947.8978985094,1223825.8341019482,1217397.595793791
2016-12-29,941611.9335184977,1225306.3288017788,1190136.9381258988,1222603.5435191041,1215803.406198107
2016-12-30,942680.8545268868,1221685.2184190035,1190359.0784507513,1223663.6529370002,1216503.3166032403
2017-01-03,956220.2755369267,1213508.208082563,1188479.2188730745,1222093.262355636,1213773.6270091916
2017-01-04,966909.2965486179,1219691.7977924617,1194210.0593928765,1226974.9717750126,1218220.2374159603
2017-01-05,964415.2175619601,1219708.8875487023,1194099.4000101644,1227815.381195129,1219089.447823547
2017-01-06,960495.9385769537,1218200.9773512888,1192747.5407249462,1226109.5906159857,1217476.7582319516
2017-01-09,964771.5595935987,1222679.767200225,1196900.0815372295,1230491.100037583,1221677.0686411741
2017-01-10,961564.8806118955,1220803.0570955144,1196491.122447022,1231033.9094599204,1222321.3790512143
2017-01-11,952657.4016318438,1217658.1470371606,1193077.2634543316,1228656.5188829985,1220349.689462073
2017-01-12,946600.322653444,1215912.6370251677,1191825.2045591653,1225735.728306817,1217707.6998737496
2017-01-13,948738.1436766962,1217117.0270595385,1192599.545761531,1224600.437731376,1216578.1102862444
2017-01-16,947312.9647016005,1219708.2171402774,1195974.987061437,1221352.2471566754,1213275.0206995578
2017-01-17,949094.485728157,1217776.9072673877,1196028.9284588902,1222614.1565827157,1214308.6311136892
2017-01-18,956933.106756366,1221607.6974408731,1199010.0699538987,1225438.966009497,1216952.6415286392
2017-01-19,952657.5277862274,1220557.2243207374,1196449.8854064697,1223210.3634170187,1214731.1834044075
2017-01-20,962990.2488177414,1225073.4267273478,1201471.168952204,1228146.6792883023,1219549.0021849044
2017-01-23,963346.5698509082,1225012.8291341474,1202854.652559513,1230202.6951608327,1221487.9209668771
2017-01-24,964059.190885728,1225875.231541136,1203332.936228402,1230126.811034611,1221580.8397503262
2017-01-25,967622.2119222007,1229693.833948314,1203779.2199588753,1231096.0269096363,1222349.658535251
2017-01-26,972610.4329603267,1236421.836355681,1207495.0037509382,1237039.0427859093,1228131.477321652
2017-02-03,965484.4540001058,1230161.8387632372,1204800.0876045953,1232590.55866343,1223551.1961095296
2017-02-06,965128.1750415383,1232289.1411709827,1207648.7715198516,1237497.4745421982,1228467.3148988835
2017-02-07,962990.3960846243,1231172.2435789173,1208211.6554967116,1238683.8904222145,1229815.8336897139
2017-02-08,971185.3171293642,1235744.2459870414,1211586.0395351807,1243982.9063034786,1235084.9524820212
2017-02-09,975460.9381757579,1237197.0483953543,1214327.1236352632,1248579.3221859906,1239871.7712758048
2017-02-10,981874.3592238053,1242968.0508038567,1216196.107796964,1251293.838069751,1242529.8900710659
2017-02-13,988287.7802735069,1246981.3532125482,1219987.9920202885,1255521.8539547594,1246803.3088678038
2017-02-14,989713.0013248627,1246588.2556214293,1219782.2763052408,1255513.569841016,1246751.0276660188
2017-02-15,985437.4223778726,1249847.4580304995,1220888.060651826,1257705.6857285213,1249264.046465711
2017-02-16,990781.943432537,1254387.360439759,1226021.5450600495,1262686.3016172752,1254156.8652668807
2017-02-17,983655.9644888561,1249363.462849208,1222536.7295299151,1257799.3175072777,1249216.0840695277
2017-02-20,1003608.78554683,1258261.5652588462,1230260.7140614286,1266192.2333985285,1257640.4028736525
2017-02-21,1003608.8066064586,1259730.2676686738,1231855.1986545944,1268239.3492910287,1259559.1216792548
2017-02-22,1007528.1276677423,1267021.7700786907,1236864.6833094175,1274253.5651847774,1265502.340486335
2017-02-23,1002183.648730681,1265724.963428897,1235644.3752859023,1273704.6781797751,1264774.9915948934
2017-02-24,1001114.7697952751,1263771.8297686763,1236516.2179345763,1273757.7899029339,1264625.5638609454
2017-02-27,991494.6908615243,1259119.4961922541,1233190.0606494697,1268822.4016270135,1259214.7361326767
2017-02-28,993276.2119294291,1263394.0626996364,1235515.5034305875,1270199.6133520147,1260603.6084100874
2017-03-01,994701.4329989895,1265658.0292908303,1235632.4462779353,1269946.7250779374,1260415.4806931778
2017-03-02,990425.8540702057,1276509.695965842,1239530.6891915184,1274564.4368047814,1265076.3529819488
2017-03-03,985793.9751430778,1275297.9627246785,1237066.5321713416,1269977.0485325472,1260243.3252764004
2017-03-06,991851.0962176059,1286842.3295673463,1243770.7752174102,1277753.2602612344,1268343.1975765335
2017-03-07,993632.61729379,1278360.8964938517,1238909.31832973,1274530.9719908433,1265204.7698823481
2017-03-08,995057.8383716305,1272695.0635042011,1235141.1615083055,1271316.783721374,1261997.2421938449
2017-03-09,984012.5594511274,1263089.430598402,1227514.3047531422,1262907.5954528267,1253214.4145110245
2017-03-10,985081.4805322808,1267644.9977764601,1228054.648064245,1262835.6071852013,1253263.486833887
2017-03-13,998264.6016150909,1275749.1650383826,1236296.2914416194,1273534.8189184978,1264576.7591624327
2017-03-14,995414.2226995578,1279775.0323841756,1238104.6348852708,1274906.330652716,1265946.2314966626
2017-03-15,997552.0437856815,1276852.199813846,1236880.9783952038,1273429.842387857,1264514.0038365768
2017-03-16,1005034.3648734624,1285253.3673274005,1245718.6219714244,1284629.9541239198,1275897.476182176
2017-03-17,991138.6859629004,1278545.334924845,1239822.0656139373,1279607.665860905,1270529.2485334603
2017-03-20,991851.3070539957,1280596.3026061868,1242866.1093227477,1283304.1775988124,1274486.8208904304
2017-03-21,1000402.5281467484,1283908.3703714323,1244364.7530978608,1285345.4893376424,1276825.6932530866
2017-03-22,993989.1492411589,1266502.3382205884,1235633.696939282,1274196.6010773948,1264953.3656214296
2017-03-23,997552.1703372267,1268127.3061536609,1237214.9616470165,1276832.8601380698,1267659.3122154595
2017-03-24,1009310.0914349527,1270632.674170657,1241268.1508542125,1279818.1781806077,1270214.422761196
2017-03-27,1003609.3125343365,1265986.1422715832,1240727.8401548625,1277790.2962874316,1268293.4333234783
2017-03-28,1001827.8336353784,1267723.4104564462,1239798.2295489735,1277551.7144585466,1268194.5439023075
2017-03-29,999333.7547380786,1271935.5787252523,1241052.0190365529,1278549.132693957,1269300.754497685
2017-03-30,987575.875842437,1266829.8470780079,1236322.6086176082,1272212.6509936687,1263120.4651096123
2017-03-31,996483.3969484541,1276566.8155147205,1241966.0982921466,1275668.1693576865,1266395.7757380905
2017-04-05,1016792.5180561297,1281487.9840353956,1250130.9880601754,1283810.787786015,1274257.8863831207
2017-04-06,1015367.3391654642,1278432.1526400407,1249085.3779217026,1283149.20627866,1273475.3970447048
2017-04-07,1017861.4602764572,1278475.321328662,1251407.6678767344,1284642.424835626,1275047.9077228433
2017-04-10,1014654.7813891096,1278570.8901012663,1250410.1579252789,1284187.6434569187,1274575.6184175382
2017-04-11,1017861.5025034208,1278394.5589578596,1251001.1480673433,1284796.1621425422,1275273.9291287905
2017-04-12,1013229.6236193916,1275237.827898449,1250180.638302935,1283522.4808925022,1274253.0398566015
2017-04-13,1017861.5447370216,1275204.2969230413,1251830.3286320614,1285843.8997068037,1276421.7506009727
2017-04-14,1007528.8658563112,1266854.3660316428,1245904.6190547296,1279381.7185854518,1270231.961361905
2017-04-17,1003253.2869772604,1262756.4352242602,1241929.209570947,1274912.2375284513,1265799.6721394002
2017-04-18,1000402.9080998694,1266467.7045008999,1241825.800180721,1274625.8565358073,1265744.182933459
2017-04-19,990782.8292241383,1258669.6738615686,1235661.4908840593,1268106.0756075247,1259394.2937440833
2017-04-20,997552.5503500673,1260106.043306273,1236956.481680969,1268882.2947436091,1259999.6045712738
2017-04-21,998621.4714776565,1265183.5128350197,1239749.6725714572,1270238.2139440654,1261179.6154150327
2017-04-24,985438.392606906,1261280.9824478151,1233265.3938355313,1263531.7906888984,1254390.80559536
2017-04-25,989357.7137378159,1267419.252144666,1237212.4457384173,1267723.0963102193,1258423.638159416
2017-04-26,992208.1348703863,1271307.9219255792,1238696.2976689574,1269338.4019869913,1259965.7707496062
2017-04-27,992920.7560046175,1265933.7917905608,1236267.8496271537,1267535.207719219,1258229.2033659327
2017-04-28,988288.8771405095,1266521.6617396176,1236087.9016130087,1268016.3135069064,1258617.8360083983
2017-05-02,986507.3982780625,1266386.7317727564,1233529.9536265247,1266294.7193500584,1256784.0686770044
2017-05-03,980450.3194172765,1262802.201889984,1230150.0056677035,1264003.825248679,1254369.4013717533
2017-05-04,975818.4405581519,1258884.7720913065,1223764.1577365475,1257566.0312027724,1247880.634092647
2017-05-05,967979.8617006886,1254686.2423767305,1220519.909833059,1252629.8372123432,1243176.3668396876
2017-05-08,957647.1828448867,1257281.8127462629,1219575.4619572395,1250769.7432773958,1241284.099612877
2017-05-09,958716.1039907464,1257840.3831999104,1220453.814109092,1252533.2493979344,1242965.7324122174
2017-05-10,954440.525138268,1252290.5537376793,1214357.266288618,1247302.6555739637,1237554.5652377107
2017-05-11,960497.6462874514,1256282.4243595763,1218223.4184958206,1249984.1618054875,1240339.0980893592
2017-05-12,970117.7674382967,1257935.6950656082,1221903.6707307012,1251100.1680925104,1241807.2309671647
2017-05-15,975105.9885908043,1262352.5658557815,1226487.1229932618,1255914.674435037,1246595.9638711298
2017-05-16,989358.009744974,1267886.1367301028,1231115.5752835053,1260706.7808330716,1251387.4968012557
2017-05-17,981163.1309008063,1261957.0076885785,1227648.3276014333,1257796.3872866184,1248540.3297575451
2017-05-18,975818.652058301,1252346.9787312155,1223557.2799470483,1253741.5937956816,1244630.2627399997
2017-05-19,977956.4732174585,1252935.0498580204,1223031.332320352,1252399.7003602658,1243386.9957486216
2017-05-22,979025.3943782785,1255611.6210689996,1224470.7847213475,1252931.5069803756,1243915.0287834133
2017-05-23,984369.9155407615,1261578.80220416,1230005.482430036,1254765.747456015,1246106.3846043763
2017-05-24,984369.9367049077,1262162.9693249774,1228491.5490719152,1254361.9819047695,1245447.5895219224
2017-05-25,1010379.8578707171,1277489.5365296544,1243151.2157740411,1266658.5164348164,1258089.3944477136
2017-05-26,1008242.0790381898,1281416.9038181975,1245180.5825364182,1267719.4510461616,1259316.5993817502
2017-05-31,1008954.7002073257,1281522.3711906136,1245610.6493590511,1267948.4857388115,1259555.0043240334
2017-06-01,1011805.1213781254,1281634.0386469092,1247113.016241945,1266994.420512773,1258513.309274563
2017-06-02,1008598.4425505889,1287115.3061870907,1249626.2831851041,1270996.155368052,1262514.9142333404
2017-06-05,1000403.5637247161,1284253.0738111646,1248610.5501885333,1271286.7903046552,1262823.819200366
2017-06-06,1010023.6849005073,1285448.341519138,1251469.1172522376,1273153.3253225887,1264767.4241756403
2017-06-07,1027126.1060779626,1289411.309311017,1256282.5843762218,1277657.7604218589,1269197.9291591644
2017-06-08,1036033.627257082,1295015.4771868084,1260263.15156049,1279718.7956024725,1271416.234150938
2017-06-09,1043872.2484378659,1298076.1451465185,1261261.7188050475,1280164.8308644355,1271683.0391509628
2017-06-12,1041378.1696203143,1295710.8131901545,1259873.9861098987,1277412.6662077548,1268661.944159239
2017-06-13,1043872.2908044271,1296693.1813177224,1261468.9534750485,1280091.2016324364,1271196.9491757674
2017-06-14,1031045.5119902048,1290509.4495292292,1255932.420900502,1276694.6371384866,1267641.1542005483
2017-06-15,1026769.9331776474,1285462.017824681,1250911.8883862633,1273097.272725912,1263385.8592335824
2017-06-16,1024632.1543667552,1283891.3862040853,1248766.0559323374,1271862.008394719,1262249.8642748708
2017-06-19,1038884.1755575279,1289361.4546674478,1253942.0235387292,1277086.4441449142,1267645.6693244139
2017-06-20,1034964.896749966,1292075.8232147754,1253729.2912054432,1277546.6799765038,1268086.874382212
2017-06-21,1050998.4179440693,1294293.4918460748,1257843.9589324845,1278762.5158894937,1269316.9794482663
2017-06-22,1052423.6391398383,1296072.4303613524,1259934.2854598574,1279558.4372438912,1270026.5365025771
2017-06-23,1064894.160337273,1301006.0496320275,1264886.1588320748,1282643.6453725009,1273304.6366311817
2017-06-26,1080927.6815363734,1308456.6690063775,1271461.6323200774,1288942.9535017496,1279838.1367597962
2017-06-27,1081640.3027371399,1308709.3884844102,1271263.905923874,1288223.961631637,1279288.5368884208
2017-06-28,1072732.8239395723,1300785.308066134,1265767.9796434736,1282292.9697621632,1273573.1370170556
2017-06-29,1080571.445143671,1305076.1277515572,1268579.7534788854,1284499.9778933285,1275871.5371457005
2017-06-30,1078433.6663494357,1300516.5475406877,1264429.8274301183,1279452.486025133,1271270.0372743555
2017-07-03,1072732.8875568674,1299879.5674335337,1263449.7014971816,1280726.2941575763,1272524.8374030206
2017-07-04,1062043.9087659654,1295056.3874301035,1258314.2756800845,1275865.8022906582,1267747.0375316958
2017-07-05,1078790.0299767302,1300387.107530405,1263099.4499788359,1280001.11042438,1272037.7376603815
2017-07-06,1077721.1511891615,1303834.5277344468,1266177.124393445,1282884.7185587406,1274874.9377890767
2017-07-07,1077008.57240326,1302532.1480422367,1265506.298923921,1281409.3266937407,1273694.5379177823
2017-07-10,1078433.7936190257,1304668.768453783,1264469.9735702728,1280802.8348293798,1273086.338046498
2017-07-11,1089122.8148364588,1309293.5889690933,1269348.6483325094,1284578.5429656585,1276826.4381752238
2017-07-12,1081284.236055559,1306104.1095881765,1266746.8232106403,1283715.3511025764,1275706.4383039598
2017-07-13,1094823.6572763268,1315005.1303110404,1274033.0982046744,1289902.5592401337,1281818.5384327057
2017-07-14,1103731.1784987622,1319107.4511376934,1277758.873314621,1291474.5673783307,1283685.3385614618
2017-07-17,1085559.8997228653,1316164.1720681433,1275221.9485404885,1288602.775517167,1280144.4386902282
2017-07-18,1086272.520948636,1315406.5931023986,1275157.3238822871,1288321.283656643,1279810.7388190043
2017-07-19,1113707.6421760754,1326010.614240467,1284634.399340025,1297278.9917967587,1289075.038947791
2017-07-20,1120121.0634051824,1331007.5532823573,1288478.710393712,1300269.675477514,1292209.6871565876
2017-07-21,1113351.3846359581,1329089.0818154465,1288249.768307663,1299417.9469872229,1291080.2973637625
2017-07-24,1120121.105868402,1330997.6104136456,1290563.3262733163,1301324.6185104097,1293249.207571739
2017-07-25,1109788.4271025145,1327900.7390769604,1287751.1842906757,1299672.6900470757,1291287.317780518
2017-07-26,1102306.1483382958,1325241.9678053954,1283412.8423597452,1297268.3615972218,1288876.327990099
2017-07-27,1106225.4695757458,1326986.996598956,1286713.4004805293,1300843.633160849,1292319.738200483
2017-07-28,1111213.6908148646,1324371.0254576472,1285545.2586530317,1299117.504737959,1290614.948411669
2017-07-31,1116201.9120556528,1325236.8543814742,1287117.6168772564,1301428.076328552,1293038.4586236572
2017-08-01,1126890.9332981098,1329544.3833704425,1291526.9751532078,1305711.74793263,1297719.868836448
2017-08-02,1126890.9545422364,1331342.1124245566,1291857.7334808898,1306968.7195501928,1298993.1790500416
2017-08-03,1113351.5757880325,1324278.241543822,1285320.7918603062,1301841.2911812428,1293536.8892644376
2017-08-04,1105156.6970354982,1320930.6707282434,1283891.4502914615,1301407.5628257801,1292721.1994796365
2017-08-07,1113351.6182846334,1325735.9999778266,1285675.6087743596,1303881.4344838057,1295635.009695638
2017-08-08,1113707.9395354385,1324249.3292925758,1283637.7673090044,1302359.6061553215,1294047.3199124425
2017-08-09,1112639.0607879136,1321092.058672497,1282292.7258954002,1300366.777840328,1291882.3301300497
2017-08-10,1109788.682042059,1318325.488117595,1281902.9845335507,1297939.1495388262,1288998.84034846
2017-08-11,1084135.1032978746,1304040.0176278749,1271603.5432234607,1288163.8212508175,1278135.2505676732
2017-08-14,1100524.9245553608,1310537.8472033418,1276725.9019651336,1293975.1929763027,1284431.4607876895
2017-08-15,1104087.945814517,1317510.7768440007,1280272.8607585737,1298096.764715283,1288988.571008509
2017-08-16,1101950.1670753444,1313655.306549857,1276752.019603785,1295053.9364677593,1285973.1812301318
2017-08-17,1112282.8883378422,1316770.1363209155,1282037.5581407715,1298304.914993733,1289012.6452925573
2017-08-18,1112995.5096020112,1314447.6661571818,1281445.733828514,1296159.87026693,1287033.8776704676
2017-08-21,1118696.330867851,1315504.7960586604,1282039.6095457803,1296662.6255994802,1287528.610082356
2017-08-22,1120834.152135362,1317644.0260253572,1283217.185292572,1298448.9809913882,1289192.8425282256
2017-08-23,1124397.1734045444,1321060.1560572765,1285992.8610688918,1300224.436442659,1290754.9750080789
2017-08-24,1117271.194675398,1316657.886154424,1282988.236874742,1297755.4919532966,1288447.8075219188
2017-08-25,1140787.0159479235,1326790.8163168046,1292437.1127101248,1304296.047523306,1294648.5400697477
2017-08-28,1156464.2372221206,1329452.9465444232,1296392.3885750428,1306502.7031526917,1296900.8726515681
2017-08-29,1153613.8584979896,1327063.6768372857,1297171.964469498,1305947.2588414585,1296552.505267383
2017-08-30,1152188.6797755305,1326879.1071953962,1294261.7403934926,1304523.0145896112,1295081.937917195
2017-08-31,1149694.6010547434,1326339.9376187606,1292516.2163470294,1304162.670397154,1294736.3706010068
2017-09-01,1151476.1223356286,1329042.9681073837,1295425.6923301104,1307670.5262640924,1298263.803318821
2017-09-04,1156464.343618186,1329152.298661271,1297707.8683427381,1307891.4821904302,1298610.6360706403
2017-09-05,1161452.564902416,1330034.229280427,1298528.044384915,1307576.6381761725,1298260.6688564674
2017-09-06,1157176.9861883186,1327618.3599648573,1297212.7204566428,1306958.8942213238,1297816.001676305
2017-09-07,1151119.907475894,1324977.7907145668,1294370.996557924,1304459.350325889,1295370.0345301556
2017-09-08,1149694.7287651424,1325681.321529561,1295526.7726887616,1305520.0064898727,1296504.0674180223
2017-09-11,1151832.5500560638,1326358.5524098442,1295359.048849157,1307458.1627132795,1298440.2003399068
2017-09-12,1155395.571348658,1329972.5833554224,1296815.5250391131,1308716.318996114,1299432.533295813
2017-09-13,1156464.4926429258,1329568.3143663006,1296702.501258632,1308442.5753383809,1299208.466285743
2017-09-14,1151832.6139388669,1328383.4536624833,1294619.4625077161,1307518.129820085,1298047.5514696995
2017-09-15,1153970.4352364815,1326998.0706867988,1294464.1247335402,1306558.431071929,1296989.6518588103
2017-09-18,1159314.95653577,1330397.887822471,1295499.3869956878,1308744.3323238713,1299360.752247952
2017-09-19,1150407.477836732,1328773.305069509,1293743.7492941627,1307786.2335759122,1298179.7526371242
2017-09-20,1156820.8991393682,1331221.5224279207,1296208.311628967,1309295.134828051,1299914.1530263268
2017-09-21,1157177.220443678,1332572.939897716,1295211.6740001042,1308095.1360802888,1298600.05341556
2017-09-22,1153257.9417496626,1331533.0574789029,1295010.2364075766,1306994.0373326247,1297407.853804824
2017-09-25,1147557.1630573212,1329731.07517149,1293337.8988513872,1303987.138585059,1294208.7541941183
2017-09-26,1148269.7843666545,1328369.0929754868,1295281.661331539,1305814.039837592,1296118.6545834434
2017-09-27,1149338.705677662,1329794.7108909015,1294377.523848035,1306472.0410902232,1296885.2549727992
2017-09-28,1151476.5269903445,1332563.728917743,1294639.6864008775,1307380.9423429526,1297636.1553621853
2017-09-29,1156108.448304702,1336481.54705602,1298090.54899007,1310466.7435957808,1300749.7557516024
2017-10-09,1170716.769620734,1346199.4653057414,1304252.6116156147,1319015.9448487074,1309493.6561410497
2017-10-10,1172498.2909384416,1345329.5836669158,1303710.674277515,1318674.1461017323,1309165.1565305276
2017-10-11,1177842.8122578242,1349575.2021395522,1306465.9369757737,1320730.747354856,1311156.9569200363
2017-10-12,1183899.9335788824,1351855.8207236591,1309043.2997103932,1322447.4486080778,1312916.0573095758
2017-10-13,1186750.3549016158,1350394.139419245,1308581.4624813767,1321461.8498613983,1312163.4576991457
2017-10-16,1181762.176226025,1349951.6582263196,1308562.3252887272,1321386.451114817,1311872.658088746
2017-10-17,1181049.59755211,1350828.6771448907,1307789.4881324472,1321640.9523683346,1312035.2584783772
2017-10-18,1189600.818879871,1352866.3961749675,1309458.95101254,1321609.2536219505,1312140.9588680388
2017-10-19,1185681.5402093078,1353561.8677165587,1309672.213929008,1320572.586295665,1311044.5850977313
2017-10-20,1184968.9615404208,1355611.8521423768,1311102.3768818544,1322764.587866287,1313226.0889157883
2017-10-23,1189244.5828732103,1356897.5366141219,1311054.5398710817,1323544.3894370322,1313985.4927341454
2017-10-24,1198508.404207676,1358808.8211317977,1314324.6028966932,1324009.791007901,1314441.5965528027
2017-10-25,1203140.3255438185,1361457.6056954078,1315405.2659586915,1326194.7925788932,1316784.1003717599
2017-10-26,1213473.0468816375,1359986.1903049557,1315716.0290570797,1325173.7941500088,1315640.6041910173
2017-10-27,1220599.0682211337,1363746.1749604454,1317348.7921918603,1327142.595721248,1318028.408010575
2017-10-30,1214185.6895623065,1366617.0596618801,1317718.255363036,1327088.7972926106,1318167.0118304326
2017-10-31,1213116.8109051564,1365602.0444092632,1317345.6185706102,1327564.9988640966,1318402.3156505905
2017-11-01,1208128.6322496836,1364189.829202599,1314430.0818145857,1326927.4004357061,1317730.1194710485
2017-11-02,1210622.7535958881,1363138.8140418907,1313941.845094965,1325205.2020074392,1316066.6232918068
2017-11-03,1206703.4749437703,1361955.5989271419,1312160.5084117514,1323988.603579296,1314981.6271128654
2017-11-06,1219530.2962933301,1367176.283858356,1316213.0717649471,1327502.405151276,1318419.0309342241
2017-11-07,1233782.3176445677,1371262.1688355373,1321414.2351545559,1331269.0067233797,1322270.9347558834
2017-11-08,1230575.6389974828,1372328.8538586888,1322522.4985805799,1332007.408295607,1322933.438577843
2017-11-09,1241620.9603520762,1376601.8389278143,1326967.962043022,1336065.6098679577,1327108.9424001027
2017-11-10,1254804.0817083477,1379977.1240429175,1331504.3255418856,1338259.611440432,1329312.3462226628
2017-11-13,1258010.8030662974,1381415.7092040018,1332133.889077173,1337853.0130130297,1329086.3500455234
2017-11-14,1246609.2244259259,1377831.1944110713,1327949.5526488875,1334518.014585751,1325689.5538686845
2017-11-15,1235920.2457872324,1371248.279664129,1323318.6162570314,1328746.2161585963,1319655.5576921457
2017-11-16,1249815.9671502179,1372853.2376431788,1325083.4588216082,1330314.0114115651,1321306.3380559077
2017-11-17,1251597.488514882,1381346.19163656,1331851.0433836284,1334282.8141943687,1325636.078207284
2017-11-20,1263355.4098812253,1383721.3456970523,1335823.327952294,1335991.2169773912,1327565.218369674
2017-11-21,1292928.3312492475,1392080.1998246608,1342289.2125276052,1341259.819760632,1333383.0585430784
2017-11-22,1292572.0526189487,1394643.654019391,1343711.0971095625,1343014.8225440918,1335363.8987274985
2017-11-23,1244115.2739903298,1378210.9082812478,1328440.0816981671,1331157.4253277706,1322606.5389229353
2017-11-24,1245540.4953633898,1378624.062610237,1329009.4662934185,1332479.028111668,1323869.879129389
2017-11-27,1221668.4167381297,1373271.8170063633,1323326.8508953184,1328273.030895784,1319256.4193468608
2017-11-28,1228438.1381145495,1374651.6714696328,1324674.6355038665,1330221.633680119,1321324.4595753518
2017-11-29,1227012.9594926487,1378641.2260000496,1326935.0201190636,1333684.4364646727,1324914.1998148623
2017-11-30,1210266.8808724284,1370556.78059762,1319317.3047409102,1326653.6392494452,1317435.7400653935
2017-12-01,1211335.8022538878,1375264.3352623489,1320624.2893694069,1329193.4420344364,1320223.5803269467
2017-12-04,1217392.9236370279,1384498.1899942413,1325866.574004554,1336245.0448196467,1327628.220599522
2017-12-05,1226300.445021848,1380738.644793303,1326895.058646352,1331178.4476050758,1322157.2608831208
2017-12-06,1215255.1664083486,1367882.599659539,1315376.5432948018,1319773.6503907237,1310712.0011777438
2017-12-07,1198865.38779653,1366881.1545929548,1312494.2279499036,1318762.0531765907,1309246.0414833918
2017-12-08,1212761.1091863923,1372070.309593555,1314548.512611658,1322832.2559626766,1313736.2818000657
2017-12-11,1236633.2305779355,1381026.3646613457,1322406.4972800657,1329783.6587489813,1321229.0221277662
2017-12-12,1213473.7519711596,1374764.619796332,1315033.581955127,1325198.461535505,1316365.0624664945
2017-12-13,1223806.473366065,1378142.2749985186,1318246.7666368424,1328391.4643222478,1319725.9028162514
2017-12-14,1219174.5947626517,1377198.0750679115,1318621.0755652126,1329473.5624292092,1320724.5641770377
2017-12-15,1199934.41616092,1368337.4976492806,1311682.5617768483,1323286.1908294228,1314674.0421540607
2017-12-18,1200290.7375608694,1374552.5202559996,1315066.3480188344,1327226.619294736,1318909.720137211
2017-12-19,1219174.658962501,1384047.7428880706,1323438.1342911732,1334016.0478251544,1325523.9981264898
2017-12-20,1215967.980365814,1382084.3655454959,1321844.3205938672,1331344.1764206823,1322894.3761218977
2017-12-21,1233783.0017708095,1383251.688228277,1323875.2069269188,1332132.9050813257,1323431.9541234346
2017-12-22,1227013.3231774867,1383589.7109364162,1323629.2932903306,1332917.933807089,1324307.332131101
2017-12-25,1220243.6445858462,1381720.8336699156,1323528.5796841045,1332304.6625979778,1323662.8101448982
2017-12-26,1224519.2659958883,1384558.8564287766,1325020.2661082433,1333533.2914539974,1324797.1881648258
2017-12-27,1200290.8874076128,1375941.8792130018,1319110.752562749,1329104.4203751523,1320473.0661908844
2017-12-28,1213474.00882102,1375531.3020225929,1319820.1390476243,1328060.549361448,1319044.6442230754
2017-12-29,1218105.93023611,1379443.9248575522,1324507.4255628716,1332311.9784128894,1323047.9222613978
2018-01-02,1239483.9516528826,1386769.747717881,1333409.612108493,1340208.507529482,1330327.3003058531
2018-01-03,1247322.5730713385,1393776.2706035823,1338936.6986844912,1345584.2367112306,1335632.9783564415
2018-01-04,1251954.4944914773,1395488.1935146572,1339186.0852908685,1346511.7659581404,1336610.1564131633
2018-01-05,1257655.3159132996,1399685.1164511081,1343904.9719276272,1348915.2952702162,1338751.9344760196
2018-01-08,1263712.4373368055,1406808.239412937,1349144.4585947695,1353231.424647464,1343039.6125450102
2018-01-09,1275826.6587619947,1409298.8624001457,1351764.1452922982,1355481.054089888,1345243.490620136
2018-01-10,1282240.0801888676,1413115.6854127366,1354038.4320202156,1357229.683597494,1347082.4687013973
2018-01-11,1280102.3016174247,1411406.0084507114,1352777.9187785238,1356123.7131702863,1345958.3467887945
2018-01-12,1288297.2230476653,1418755.432514072,1360529.2055672253,1363987.4797082709,1354118.9720823283
2018-01-15,1285446.8444795904,1417897.1564673334,1359976.3923863228,1362006.884264603,1352100.156133927
2018-01-16,1300767.7659131994,1422328.2804460528,1364379.3792358185,1365876.988821293,1356461.1401999893
2018-01-17,1296135.8873484929,1420005.7044502317,1362877.1661157147,1363736.9933783412,1354438.1242805165
2018-01-18,1306112.3087854707,1427349.4284798729,1367185.4530260137,1367805.8979357472,1358910.0083755096
2018-01-19,1310387.9302241334,1428151.6525349775,1368525.439966718,1367657.1024935117,1358904.79248497
2018-01-22,1329984.4516644808,1433833.4766155484,1374352.7269378302,1372654.4070516343,1364264.4766088987
2018-01-23,1345661.6731065128,1446331.400721587,1384748.8139393525,1381315.111610115,1373534.3607472964
2018-01-24,1346730.59455023,1450092.6248530953,1388337.100971287,1386351.216168954,1378814.8449001648
2018-01-25,1336754.2159956326,1444564.7490100756,1385176.0880336368,1382093.1207281516,1374120.4290675048
2018-01-26,1344592.8374427203,1449207.87319253,1388690.3751264035,1386102.9252877072,1378785.1132493175
2018-01-29,1315019.9588914933,1445235.4974004598,1381885.76224959,1382341.1298476206,1374352.4974456043
2018-01-30,1299342.780341952,1435267.0216338676,1372589.7494031987,1374219.734407893,1365690.481656366
2018-01-31,1303974.7017940963,1431987.5458927553,1371220.1365872317,1369601.2389685237,1361104.665881604
2018-02-01,1293285.7232479264,1430065.7701771248,1368892.8238016916,1365350.8435295126,1356595.9501213194
2018-02-02,1302549.5447034426,1432276.6944869782,1372595.3110465806,1366819.94809086,1358495.0343755132
2018-02-05,1301124.3661606445,1425208.6188223176,1370054.8983219012,1359110.8526525656,1351096.6186441863
2018-02-06,1258368.387619533,1384621.0431831449,1344472.385627656,1331438.8572146303,1322474.7029273405
2018-02-07,1223451.0090801078,1382729.367569462,1334824.172963847,1326979.061777053,1316650.0872249766
2018-02-08,1211693.130542369,1377629.291981271,1327750.760330477,1324932.5663398344,1313955.6715370957
2018-02-09,1145777.652006317,1342808.4958585738,1301678.267447548,1304819.7147229745,1293619.9600836989
2018-02-12,1165374.1734719514,1353769.5975242492,1309259.369307453,1312793.2716084644,1300807.7084410738
2018-02-13,1182120.294939273,1366726.8991900552,1319813.871167504,1319970.328537717,1307451.6568101076
2018-02-14,1194590.8164082812,1373677.3008559924,1326249.6730277014,1325297.0855107359,1312399.4051908012
2018-02-22,1223807.4378789768,1388876.4025220606,1336561.5748880452,1332380.1425275246,1318808.553583155
2018-02-23,1231646.05935136,1394604.7041882593,1341127.1767485347,1336486.5995880861,1322637.0019871702
2018-02-26,1250173.68082543,1408098.5058545894,1351235.7786091706,1345422.0566924245,1330594.5504028478
2018-02-27,1229152.002301188,1405842.80752105,1345553.2804699528,1342387.1138405432,1327573.0988301886
2018-02-28,1214543.7237786334,1396438.709187642,1337356.0823308812,1336408.271032445,1322033.7472691936
2018-03-01,1224876.4452577666,1396536.310854365,1338403.1841919557,1338572.0282681338,1324202.0957198637
2018-03-02,1215256.3667385879,1388420.1125212186,1334692.8860531764,1335224.8855476126,1321348.5441821998
2018-03-05,1212049.688221097,1390115.8141882033,1336106.8879145435,1335795.9428708854,1321841.6926562027
2018-03-06,1233427.7097052948,1401218.3158553191,1344363.489776057,1342634.6002379553,1328108.6411418736
2018-03-07,1221669.8311911805,1396296.3175225658,1341431.0916377166,1339232.9576488263,1324979.6896392128
2018-03-08,1236278.1526787549,1402983.4191899435,1346197.0934995227,1343563.215103501,1328974.9381482222
2018-03-09,1246967.1741680177,1407621.7208574524,1348065.695361475,1345523.1726019832,1330498.0866689018
2018-03-12,1251242.7956589693,1417476.822525092,1353232.1972235735,1351606.3301442766,1335905.935201253
2018-03-13,1235565.6171516099,1412146.924192863,1348625.8990858186,1348963.7877303842,1333483.8837452766
2018-03-14,1230577.4386459393,1406355.525860765,1345244.1009482096,1344918.54536031,1329831.6323009736
2018-03-15,1241266.4601419582,1406906.2275287982,1345917.1028107475,1345493.9030340568,1330425.5808683448
2018-03-16,1225232.981639666,1402078.3797569622,1340685.1046734313,1342379.9554716286,1327200.2266073911
2018-03-19,1233071.603139063,1401367.715946305,1339582.5065362619,1342243.3886754804,1327201.5343238008
2018-03-20,1232359.0246401501,1396062.9522013597,1338023.4083992385,1340917.6219133758,1325564.5421665525
2018-03-21,1224876.7461429262,1394303.2885221315,1336119.0102623617,1339774.7551853168,1324290.0501356567
2018-03-22,1212049.9676473925,1389904.5249086258,1333619.8121256314,1339381.388491307,1323621.858231123
2018-03-23,1169650.289153549,1363932.5613608472,1316814.5139890474,1327853.3218313481,1310380.9664529613
2018-03-26,1163236.9106613952,1358246.9978788013,1312927.2158526098,1329682.7552054431,1312136.7748011816
2018-03-27,1175707.4321709315,1369795.4344624928,1319021.8177163189,1334533.3886135952,1317847.4832757937
2018-03-28,1147559.7536821584,1350063.7711119275,1304088.7195801742,1325111.6220558062,1307822.691876808
2018-03-29,1172500.7751950757,1357777.20782711,1309321.521444176,1324546.0555320797,1307858.500604234
2018-03-30,1170362.9967096834,1359182.744608046,1310272.8233083244,1327462.2890424174,1310876.3094580816
2018-04-02,1165731.118225982,1354866.68145474,1307228.3251726192,1325863.1225868228,1309123.5184383611
2018-04-03,1156823.6397439714,1342258.818367198,1300148.6270370602,1323638.5561652982,1306287.0275450822
2018-04-04,1153260.6612636517,1343127.9553454244,1300088.628901648,1322565.4897778463,1305139.336778255
2018-04-09,1155042.1827850232,1346177.6923894247,1301629.7307663825,1324712.0234244696,1307392.946137889
2018-04-10,1181764.704308086,1361752.4294992043,1314248.9326312635,1331700.9571051714,1314821.1556239945
2018-04-11,1183546.2258328402,1364092.066674768,1317855.8344962911,1333579.4908199538,1316581.5652365815
2018-04-12,1168937.9473592858,1358210.803916121,1313127.536361465,1331943.9245688198,1314681.4749756597
2018-04-13,1159317.8688874233,1360307.6412232684,1311594.1382267855,1332079.5583517717,1314985.3848412393
2018-04-16,1137583.5904172524,1350453.378596216,1303946.3400922527,1329733.5921688126,1312169.6948333299
2018-04-17,1117630.8119487735,1347302.372274968,1299545.9369178666,1327374.5255799447,1310222.9219319415
2018-04-18,1120481.2334819864,1355705.5592793915,1305019.439977722,1333466.1242676026,1316149.1625064092
2018-04-19,1139365.155016892,1359845.2463220868,1309499.3430378176,1335346.5229787326,1317683.5030919244
2018-04-20,1118343.4765534892,1349865.9334030559,1299850.7460981542,1329030.521713337,1311776.1436884867
2018-04-23,1124044.2980917795,1346121.7205223022,1297495.8491587308,1326049.920471417,1308871.5842960982
2018-04-24,1152192.0196317623,1360354.9076798288,1309374.4522195484,1332923.4192529751,1315053.9249147596
2018-04-25,1143997.1411734375,1350827.8948756387,1303365.0552806063,1329708.7180580134,1312253.765544471
2018-04-26,1116918.3627168057,1341408.5821097346,1294587.4583419047,1324946.5168865328,1308002.5061852338
2018-04-27,1119768.7842618667,1352191.46938212,1299689.0614034438,1329202.4157385356,1311816.4468370492
2018-05-02,1124044.405808621,1352638.7566927976,1300108.1644652234,1328877.1146140238,1311326.3874999175
2018-05-03,1131883.0273570686,1355008.4440417704,1303176.367527244,1330229.313512999,1312647.1281738398
2018-05-04,1125469.6489072095,1354283.9314290418,1302129.6705895045,1328872.5124354635,1311351.868858817
2018-05-07,1147203.970459044,1367011.7188546143,1312230.073652006,1334735.7113814184,1316706.30955485
2018-05-08,1165018.9920125722,1372647.5063184912,1317370.0767147483,1336985.810350866,1318574.6502619395
2018-05-09,1161099.713567794,1369858.9938206752,1314676.679777731,1334746.1093438081,1316374.5909800865
2018-05-10,1170363.5351247098,1378824.1813611698,1320952.9828409548,1338267.6083602468,1319531.7317092917
2018-05-11,1162168.6566833197,1378997.5689399776,1320414.1859044193,1338761.3074001835,1320064.772449556
2018-05-14,1174282.8782436238,1383396.6565571018,1323944.6889681239,1340876.9064636203,1321965.0132008807
2018-05-15,1179627.3998056222,1383600.0442125453,1323963.9920320697,1340029.2055505589,1321036.553963266
2018-05-16,1168225.8213693148,1378395.131906311,1318082.3950962564,1336498.0046610013,1317649.8947367133
2018-05-17,1156467.9429347024,1377746.1196384025,1315475.2279206838,1334122.073274949,1314844.8280812234
2018-05-18,1171432.5645017843,1383753.2074088221,1321343.5283315196,1337376.3742237268,1318446.0326806493
2018-05-21,1178202.2860705615,1391005.7952175732,1325491.0287423877,1340745.2751725789,1321856.8372804367
2018-05-22,1172501.5076410333,1387284.2830646588,1323149.529153288,1340370.7761215058,1321281.7418805854
2018-05-23,1154330.2292132003,1379088.0709500816,1316958.029564221,1336165.877070507,1316634.9464810959
2018-05-24,1143284.9507870628,1378264.6588738451,1315778.829975186,1337264.4780195828,1317444.2510819675
2018-05-25,1140078.2723626203,1379388.146835952,1317690.130386183,1338540.4789687332,1318581.4556832009
2018-05-28,1148629.4939398735,1381114.4348364053,1317721.9307972128,1337930.9799179584,1318214.9602847956
2018-05-29,1135802.7155188222,1376521.3228752082,1314587.8312082747,1334578.1808672582,1314664.4648867524
2018-05-30,1110149.137099467,1363525.0109523635,1304601.6316193687,1327677.4818166322,1307245.8694890707
2018-05-31,1137227.9586818076,1377719.3990678743,1316063.2320304953,1334491.3827660813,1314562.0740917504
2018-06-01,1127964.180265844,1373374.8872217438,1312288.9324416541,1332377.5837156046,1312446.4786947921
2018-06-04,1141147.301851577,1384927.3754139747,1318900.2328528452,1337187.8846652028,1317746.3832981954
2018-06-05,1152548.9234390059,1391911.96364457,1323408.533264069,1340018.3856148755,1320787.5879019606
2018-06-06,1150054.8450281313,1390591.151913533,1322479.7336753246,1339690.186564623,1320411.2925060873
2018-06-07,1149698.5666189536,1392626.5402208667,1322664.7340866125,1340687.4875144446,1321521.2971105762
2018-06-08,1131527.2882114723,1382012.028566574,1314309.834497933,1335238.4884643413,1315533.9017154267
2018-06-11,1135090.309805688,1386834.7169506578,1317489.7349092856,1337715.1894143126,1317951.506320639
2018-06-12,1148629.7314016006,1392831.305373121,1321982.6353206707,1339792.6903643587,1320314.8109262134
2018-06-13,1134734.0529992103,1391513.5938339673,1319873.135732088,1337361.3913144793,1317630.5155321495
2018-06-14,1131171.0745985173,1387849.7511931993,1318464.8724235378,1335702.6852446746,1315814.2868584478
2018-06-15,1129033.296199522,1392263.0726966623,1320797.8812150257,1336939.9056284488,1317355.1912581718
2018-06-19,1082714.3178022236,1370547.3943118344,1301841.1900072042,1321651.126013825,1303138.2956582417
2018-06-20,1082714.339406623,1373622.3160387236,1302416.598800074,1323443.4464008033,1304953.3000586573
2018-06-21,1072025.3610127205,1375453.5378773394,1300411.6075936349,1321823.8667893836,1303825.9044594185
2018-06-22,1077726.1826205156,1373800.9598276904,1300890.6163878867,1323203.9871795664,1304998.1088605258
2018-06-25,1059554.9042300088,1369009.2818897848,1296732.9251828296,1321516.9075713512,1303602.7132619787
2018-06-26,1047084.4258412005,1357879.6040636322,1288612.5339784636,1318351.3279647387,1300409.9176637777
2018-06-27,1017155.2474540903,1345472.526349241,1278706.7427747888,1312221.0483597287,1294619.3220659227
2018-06-28,1010029.2690686785,1336917.8487466204,1271185.051571805,1306160.3687563213,1288748.7264684134
2018-06-29,1042452.5906849651,1359521.1712557783,1289205.360369513,1321546.9891545172,1303602.2308712502
2018-07-02,1008960.4123029507,1342425.5938767241,1274530.169167912,1313215.609554316,1295893.235274433
2018-07-03,1004328.5339226351,1351500.0166094666,1278432.0779670025,1318021.7299557177,1300792.9396779616
2018-07-04,991501.7555440185,1343412.2394540145,1274268.9867667847,1314591.3503587225,1297461.5440818365
2018-07-05,981525.3771671009,1342000.6624103764,1272139.1955672582,1312973.670763331,1296246.3484860575
2018-07-06,991858.0987918827,1350500.8854785615,1278347.2043684234,1317026.091169543,1300262.1528906245
2018-07-09,1027131.8204183639,1371645.6086585782,1294038.2131702802,1326876.5115773585,1309646.7572955375
2018-07-10,1030338.5420465444,1376435.2319504353,1296243.9219728287,1327766.6319867775,1310533.361700797
2018-07-11,1009673.1636764247,1364472.8553541417,1287232.230776069,1321979.852397801,1305135.7661064027
2018-07-12,1039246.0853080046,1378383.9788697064,1298146.839580001,1329257.8728104278,1311874.270512354
2018-07-13,1041383.9069412848,1380847.573617138,1299433.0029246248,1330249.218884659,1312948.476358652
2018-07-16,1036039.4285762646,1377943.6489753786,1297791.6122764626,1330331.6340137445,1313110.2967495867
2018-07-17,1028200.8502129448,1372320.1243709754,1293682.2216290357,1327717.0491440187,1310646.0171421238
2018-07-18,1022500.0718513255,1378037.3998039311,1294876.1309823433,1327633.364275482,1310752.7375362632
2018-07-19,1023212.6934914064,1379622.4752742487,1296171.2403363863,1329979.5794081343,1313194.3579320055
2018-07-20,1047084.8151331879,1393083.9507819312,1308699.6496911643,1335811.994541976,1318327.0783293506
2018-07-23,1055279.7367766702,1398341.0263269811,1315207.4590466772,1339552.0096770069,1321659.5987282984
2018-07-24,1078795.5584218532,1410320.701909402,1323515.1684029256,1345363.6248132272,1327075.5191288495
2018-07-25,1078439.2800687372,1410988.3775291964,1323918.6777599093,1346121.039950637,1327836.7395310039
2018-07-26,1061693.2017173225,1408291.8531863675,1320884.787117628,1345726.1550892363,1327790.7599347613
2018-07-27,1058486.5233676091,1408816.328880918,1319749.8964760823,1345639.9702290255,1327832.680340122
2018-07-30,1051360.5450195968,1404564.6046128506,1317678.105835272,1343745.4853700043,1325936.4007470864
2018-07-31,1055992.4666732864,1400029.2803821692,1317329.2151951971,1342084.700512173,1323958.2211556546
2018-08-01,1027488.4883286774,1394013.9561888757,1309645.8245558578,1341025.7156555313,1323642.9415658265
2018-08-02,999697.1099857701,1381928.4320329735,1297826.6339172542,1334172.53080008,1317589.2619776025
2018-08-03,982594.731644565,1386928.9079144655,1298019.243279386,1336953.8459458188,1320828.5823909824
2018-08-06,970124.2533050616,1390799.7838333545,1297975.0526422537,1337999.7610927478,1322362.8028059665
2018-08-07,1003260.1749672607,1407274.8597896437,1312017.862005857,1345921.9762408668,1329599.823222555
2018-08-08,985445.196631162,1392136.7357833358,1300713.0713701965,1338958.9913901766,1322899.343640748
2018-08-09,1014305.5182967657,1397702.4118144338,1308121.7807352718,1341369.606540677,1324542.6640605454
2018-08-10,1016443.3399640721,1395713.994662941,1306366.0901010828,1339980.5810923676,1323080.4661619475
2018-08-13,1011098.8616330812,1389253.1016722983,1301920.4994676302,1337772.4206419443,1320572.7695934502
2018-08-14,1005754.383303793,1390731.8086822066,1300726.5088349134,1336617.8602967896,1319719.6730252227
2018-08-15,976537.8049762081,1382341.6156926658,1290453.0182029326,1331023.3000569113,1314367.976457265
2018-08-16,971549.6266503261,1372811.0227036758,1282449.9275716883,1323187.0399223182,1306640.5798895766
2018-08-17,953378.3483261473,1365651.5297152367,1273774.93694118,1316634.4798930183,1300336.1833221584
2018-08-20,965848.8700036721,1370463.2367273488,1279966.7463114082,1320824.8199690199,1304386.7867550098
2018-08-21,986157.9916829003,1375970.9437400117,1286735.0556823728,1324280.1601503312,1307614.5901881307
2018-08-22,984020.2133638323,1373797.3507532259,1284965.4650540734,1324216.1004369608,1307690.8936215215
2018-08-23,987583.2350464679,1379080.7577669912,1288626.174426511,1326752.5408289165,1310253.7970551825
2018-08-24,989364.7567308075,1381026.4647813076,1290729.3837996847,1327863.9813262068,1311385.1004891128
2018-08-27,1019650.2784168513,1395653.3717961754,1304108.1931735955,1335393.72192884,1318731.0039233135
2018-08-28,1016087.3001045991,1399356.5788115943,1306461.6025482423,1338595.1626368247,1321987.6073577835
2018-08-29,1011455.4217940513,1399677.6858275644,1305523.9119236262,1337857.9034501687,1321436.810792524
2018-08-30,999341.2434852079,1399053.6928440859,1303330.121299747,1337203.0443688803,1320946.314227534
2018-08-31,990077.4651780693,1395293.6998611588,1300966.4306766042,1336477.6853929681,1320210.4176628138
2018-09-03,987583.3868726352,1392591.4068787834,1298076.8400541984,1333418.8265224402,1317089.9210983638
2018-09-04,1001835.408568906,1399554.4138969593,1302905.5494325296,1334534.2677573047,1318291.024534184
2018-09-05,976894.4302668821,1387715.8209156867,1293262.7588115982,1329696.8090975701,1313412.027970274
2018-09-06,966561.751966563,1377733.9279349658,1286790.6681914034,1326639.6505432448,1310144.031406634
2018-09-07,974400.3736679492,1377921.735874796,1288707.5110519456,1327295.361034337,1310623.388323264
2018-09-10,957297.9953710409,1375387.1227918998,1284565.5162551373,1323915.867443806,1307829.287779449
2018-09-11,953022.4170758381,1373944.9097236926,1282847.721458738,1323452.2738537788,1307461.2872434496
2018-09-12,944827.5387823409,1375510.8966701753,1282912.2266627473,1323638.0802642554,1307969.5867152666
2018-09-13,957298.0604905497,1379168.483631349,1288202.8318671659,1327523.6866752359,1311315.5861949008
2018-09-14,959079.5822004642,1382941.670607215,1290669.3370719934,1329776.6930867198,1313686.3856823526
2018-09-17,948034.303912085,1378063.8575977746,1285527.8422772298,1325215.5994987078,1309521.6851776224
2018-09-18,970481.2256254118,1383008.6446030291,1292374.0474828754,1328188.2059111998,1311759.184680711
2018-09-19,986514.747340445,1393678.231622979,1301083.9526889299,1333737.5123241956,1316997.3841916192
2018-09-20,985802.169057185,1392872.618657626,1300450.1578953934,1334308.9187376953,1317603.7837103475
2018-09-21,1023569.9907756312,1414990.8057069713,1319423.8631022666,1345745.325151699,1328307.6832368965
2018-09-25,1011099.5124957843,1407998.3927710156,1313085.9683095485,1341556.931566207,1324391.8827712664
2018-09-26,1024638.9342176443,1416273.7798497605,1319945.2735172398,1346063.2379812188,1328749.1823134585
2018-09-27,1019294.4559412112,1413684.9669432067,1317770.5787253403,1342762.9443967347,1325578.0818634732
2018-09-28,1032121.2776664852,1423885.7540513559,1324319.58393385,1346186.750812755,1328982.981421311
2018-10-08,972619.1993934667,1392739.3411742088,1301928.489142769,1334963.3572292794,1318576.6809869725
2018-10-09,975113.3211221555,1392933.528311767,1301509.6943520978,1335023.163646308,1318721.7805604583
2018-10-10,974400.7428525517,1393254.715464031,1301032.7995618354,1333549.570063841,1317244.0801417693
2018-10-11,913117.1645846558,1344256.3026310026,1268099.0047719826,1311318.1764818782,1295633.8797309056
2018-10-12,934138.8863184677,1357103.0898126827,1280001.909982539,1321836.4829004197,1305789.9793278682
2018-10-15,917392.8080539874,1346753.0770090725,1273201.0526935053,1319096.1687594657,1303680.8395326578
2018-10-16,909910.5297912153,1343586.464220173,1269555.1529176843,1317223.8967214234,1302088.8643711738
2018-10-17,913829.8515301514,1358064.0514459857,1277447.1531418806,1323918.7247327298,1308108.98927451
2018-10-18,888888.8732707959,1345552.038686511,1267060.9533660945,1318164.0527933883,1303136.814242671
2018-10-19,917036.5950131488,1355818.2259417512,1279253.253590326,1324516.8809034028,1309043.9392756622
2018-10-22,976895.0167572104,1377344.0132117064,1300304.6538145754,1334984.9090627772,1318077.4643734887
2018-10-23,936633.1385029807,1354959.6004963785,1282835.9540388423,1325272.537271516,1309544.4895361555
2018-10-24,938414.6602504599,1358127.5877957682,1285338.6542631267,1326122.4655296218,1310350.314763667
2018-10-25,944115.481999648,1347044.575109877,1281474.3544874287,1321430.5938370998,1306215.4400560297
2018-10-26,932357.6037505455,1346678.7624387057,1280131.4547117485,1321167.4221939528,1306011.7654132475
2018-10-29,897796.5255031523,1331529.7497822556,1266033.0549360858,1314382.3506001856,1299846.6908353262
2018-10-30,910979.6472574683,1333302.1371405278,1268621.3551604408,1315075.5790558017,1300352.5163222707
2018-10-31,924162.7690134939,1345507.5245135236,1275846.8553848134,1319431.307560805,1303960.441874086
2018-11-01,932357.6907712293,1350829.7119012442,1279626.6556092037,1323826.4361151988,1308056.267490777
2018-11-02,980458.2125306744,1372088.6993036906,1297963.3558336117,1334384.4647189877,1317341.6931723491
2018-11-05,965137.3342918297,1362312.6867208641,1291339.6560580372,1330667.3933721757,1314124.1189188075
2018-11-06,957655.0560546949,1362664.4741527655,1290881.9562824804,1332613.7220747664,1316033.8447301572
2018-11-07,948034.9778192703,1362931.8615993964,1289532.3565069411,1333582.1508267634,1317105.870606403
2018-11-08,946966.0995855562,1372548.249060758,1293543.2567314194,1337640.8796281707,1320803.7965475505
2018-11-09,932357.8213535526,1362424.636536851,1284451.4569559158,1331570.2084789926,1315045.8225536044
2018-11-12,945184.6431232597,1369450.2500276768,1290021.7571804293,1334416.0082192328,1318487.3429045698
2018-11-13,957298.8648946773,1362567.651092505,1288113.7574049605,1330368.3465725596,1314657.4463892544
2018-11-14,943046.886667806,1357054.5521574167,1282956.6576295097,1329443.8849839098,1313596.0498742128
2018-11-15,958367.8084426458,1361476.4532224122,1289801.8578540762,1334765.523453288,1319012.1533594453
2018-11-16,961930.8302191966,1364833.2542874913,1292665.5580786606,1337483.461980699,1321820.8568449514
2018-11-19,975113.9519974589,1371685.6553526544,1299094.1583032627,1340503.6005661471,1324938.5603307313
2018-11-20,949104.0737774324,1349408.356417901,1283447.1585278823,1330033.6392096367,1313749.1638167854
2018-11-21,950172.9955591176,1345811.5574832312,1281972.6587525194,1328552.9779111727,1312200.8673031135
2018-11-22,946966.3173425146,1343256.2585486453,1280095.9589771745,1327665.7166707593,1311205.1707897154
2018-11-23,916680.8391276234,1326671.3596141431,1265310.659201847,1317651.5554884013,1300540.7742765911
2018-11-26,918462.3609144442,1329444.8606797247,1266659.259426537,1319378.6943641035,1302478.477763741
2018-11-27,917393.482702977,1332381.8617453899,1267255.059651245,1320890.8332978701,1304120.4812511653
2018-11-28,934495.9044932221,1341628.8628111389,1273489.4598759706,1324818.072289706,1308573.484738863
2018-11-29,923094.3262851797,1343792.3638769716,1273725.2601007135,1326616.411339615,1309864.8882268353
2018-11-30,934852.2480788497,1350156.164942888,1279041.7603254747,1329755.0504476028,1313210.4917150817
2018-12-03,964781.4698742324,1373467.3660088882,1295762.060550253,1340085.489613673,1324452.7952036022
2018-12-04,966562.991671328,1369284.967074972,1295187.1607750491,1338847.7288378305,1323055.5986923964
2018-12-05,961218.5134701362,1358936.6681411401,1290409.4609998632,1335236.9681200797,1319105.002181465
2018-12-06,937346.4352706578,1345337.1692073918,1281008.6612246947,1329310.5074604256,1312350.205670808
2018-12-07,934852.3570728924,1349982.570273727,1283584.4614495435,1331240.2468588727,1314293.409160425
2018-12-10,924163.3788768403,1335668.164140146,1277504.4381544106,1327240.5049954252,1310141.8614903165
2018-12-11,928795.3006825018,1341851.7440811284,1281096.9415522784,1330442.075494953,1312955.4865198233
2018-12-12,932714.6224898768,1348273.9240362511,1284607.0449504133,1332102.3460864648,1314257.9116063067
2018-12-13,952311.1442989657,1356673.7040055154,1291656.448348815,1334797.2167699672,1316555.8367497707
2018-12-14,932002.0661097683,1344747.583988923,1282378.1517474842,1327955.2875454675,1310290.5619502207
2018-12-17,930576.8879222849,1342883.2639864744,1282484.3551464204,1327323.5584129735,1309940.98720766
2018-12-18,916324.9097365157,1329781.2439981708,1275171.8585456235,1323040.229372492,1306501.9125220936
2018-12-19,904567.0315524606,1325620.7240240134,1272065.1619450937,1322517.4004240301,1306267.5378935263
2018-12-20,896372.1533701201,1311312.3040640038,1263152.5653448312,1316290.0715675955,1300700.363321962
2018-12-21,882476.4751894942,1306632.584118142,1260504.4687448358,1317502.842803195,1302254.7888074056
2018-12-24,884970.5970105828,1299252.06418643,1258874.8721451077,1315460.1141308357,1300824.8143498613
2018-12-25,878200.9188333862,1281885.5442688686,1250009.8755456468,1308747.3855505255,1295290.139949334
2018-12-26,872143.8406579046,1279889.024365459,1248450.178946453,1308233.257062271,1294863.9656058275
2018-12-27,869649.7624841381,1297429.4044762023,1255581.9823475264,1314514.9286660799,1299955.791319347
2018-12-28,872143.8843120869,1303063.5846010996,1261304.685748867,1320209.500361959,1305687.8170898966
2019-01-02,857179.3061417508,1291709.164740152,1251782.289150475,1314963.572149916,1300782.3429174807
2019-01-03,857179.3279731303,1290001.0448933605,1252888.8925523504,1317636.1440299577,1303756.468802104
2019-01-04,884614.4498062256,1300862.0250607266,1262344.2959544933,1322559.7160020918,1308230.1947437709
2019-01-07,889246.3716410365,1315944.105242251,1270795.7993569034,1328401.1880663247,1313132.420742486
2019-01-08,889246.3934775633,1321589.885437935,1272776.0027595807,1329289.2602226648,1313599.7467982534
2019-01-09,897441.315315806,1327359.1143877795,1276335.3570025258,1331426.7102111185,1315325.021171078
2019-01-10,898510.237155765,1322728.4171079493,1274183.0578871565,1329980.6150763286,1314170.1221707705
2019-01-11,906705.1589974404,1328154.8198283326,1276988.9587718572,1330499.0199419213,1314248.3231705416
2019-01-14,897085.080840832,1321651.9225489297,1272848.459656627,1326768.5248078967,1310936.2241703912
2019-01-15,918106.8026859403,1331477.0252697407,1280589.7605414663,1331584.5296742541,1315094.1251703193
2019-01-16,918106.8245327652,1335673.0279907654,1283056.9614263752,1333788.2345409938,1317131.026170326
2019-01-17,912049.746381307,1331618.9307120042,1280687.0623113539,1332758.439408116,1316405.5271704115
2019-01-18,931289.9682315658,1347047.8334334567,1291941.563196402,1339246.544275621,1322027.8281705752
2019-01-21,937347.0900835416,1351644.4361551232,1294409.9640815195,1340032.6491435082,1322412.2291708179
2019-01-22,923095.1119372346,1344049.9388770033,1287757.7649667067,1336168.2540117782,1318998.430171139
2019-01-23,920244.733792645,1340145.3415990975,1285904.8658519636,1335294.2588804306,1318309.0311715389
2019-01-24,928795.955649773,1343293.2443214057,1288834.06673729,1337136.1637494655,1319937.9321720172
2019-01-25,937347.1775086187,1348099.7470439277,1292328.4676226857,1338912.968618883,1321403.4331725745
2019-01-28,935921.9993691819,1347098.8497666633,1293463.7685081512,1340378.5734886834,1323126.4341732098
2019-01-29,940910.2212314634,1346597.2524896134,1295274.669393686,1340518.7783588665,1323433.935173924
2019-01-30,933427.9430954627,1343836.3552127772,1293402.1702792908,1340180.7832294323,1323353.736174717
2019-01-31,944116.9649611801,1355508.257936155,1300901.471164965,1344524.0881003807,1327069.9371755884
2019-02-01,963000.8868286159,1367986.960659747,1311482.272050709,1352940.292971712,1334867.7381765388
2019-02-11,979034.4086977702,1375839.463383553,1317329.9729365224,1355993.1978434261,1337453.3391775677
2019-02-12,987585.6305686431,1383500.3661075728,1323936.2738224056,1360269.502715523,1341445.5401786752
2019-02-13,1012170.3524412347,1397336.391351807,1334630.8512083583,1367196.4570880027,1348821.5248398613
2019-02-14,1013595.5743155451,1397452.374341378,1334651.4365706851,1366824.4645109077,1348529.9297533722
2019-02-15,993642.7961915745,1385912.157376763,1326345.4219475787,1362547.8719343957,1343188.7346672695
2019-02-18,1028203.9180693231,1405858.440457966,1343689.60733904,1374915.3793584672,1356843.7395815526
2019-02-19,1024997.239948791,1404839.0235849905,1342655.4927450705,1374254.2867831222,1356168.544496222
2019-02-20,1028203.9618299782,1403207.90675784,1343851.5781656709,1375409.0942083606,1357235.3494112776
2019-02-21,1026778.7837128849,1401227.689976518,1340328.5636008426,1373268.9016341823,1355089.5543267194
2019-02-22,1059558.4055975112,1409997.673241028,1347861.7490505867,1377971.0090605877,1360771.1592425476
2019-02-25,1148277.1274838578,1443065.1565513741,1378819.8345149043,1395892.4164875767,1381310.164158762
2019-02-26,1117991.6493719239,1431045.7399075595,1368221.1199937968,1388233.5239151495,1373058.1690753628
2019-02-27,1110865.67126171,1431103.823309588,1368005.6054872652,1388284.9313433059,1372753.9739923498
2019-02-28,1108371.5931532164,1429048.006757463,1365078.0909953106,1385062.938772046,1369600.9789097235
2019-03-01,1135094.1150464432,1442099.7902511882,1375115.6765179338,1390400.24620137,1375695.7838274834
2019-03-04,1148989.8369413908,1450910.1737907676,1379683.9620551367,1391325.6536312778,1377371.5887456299
2019-03-05,1160391.4588380582,1452248.257376204,1381241.7476069196,1392643.6610617694,1378950.3936641628
2019-03-06,1169655.280736447,1458317.3410075016,1387975.3331732843,1397736.368492845,1384466.1985830825
2019-03-07,1154690.7026365565,1451226.5246846639,1382059.6187542318,1394530.4759245045,1380724.2035023884
2019-03-08,1107659.1245383872,1423589.308407694,1359255.8043497633,1382463.783356748,1366571.208422081
2019-03-11,1125117.8464419388,1433781.3921765964,1368497.9899598793,1390161.8907895756,1374934.6133421601
2019-03-12,1134025.3683472117,1446346.475991374,1377184.8755845819,1397419.7982229872,1382852.418262626
2019-03-13,1126186.7902542062,1442281.7715320308,1374289.8592638716,1395337.676016983,1380277.1266034786
2019-03-14,1116566.712162922,1440572.0001078304,1370315.8231514734,1393334.8043495219,1377931.1661704422
2019-03-15,1134025.4340733597,1447614.3287251682,1376410.6871226807,1396570.3327235796,1381637.7057719491
2019-03-18,1174999.9559855193,1466256.9573840473,1392711.9511775002,1403805.8611391596,1389896.045408002
2019-03-19,1165023.5778994006,1465482.286084471,1392456.8153159386,1405033.389596265,1390938.585078604
2019-03-20,1165023.599815004,1464918.1148264427,1391868.6795380018,1404556.5180948994,1390456.5247837573
2019-03-21,1165736.22173233,1464772.2436099653,1394171.5438436973,1405535.8466350657,1391406.1645234649
2019-03-22,1167517.743651378,1473747.3724350424,1398434.8082330308,1409067.975216767,1395114.004297729
2019-03-25,1133669.2655721488,1452165.4013016773,1384491.8727060095,1401963.9038400075,1387030.2441065533
2019-03-26,1119773.5874946418,1448112.7302098733,1379278.23726264,1400215.4325047894,1384631.8839499396
2019-03-27,1131175.2094188582,1457915.7591596332,1387020.3019029282,1403993.7612111163,1388916.523827891
2019-03-28,1127612.231344797,1452461.9881509608,1383239.1666268809,1401451.889958992,1386119.7637404106
2019-03-29,1181769.8532724592,1472348.8171838592,1396695.8314345053,1405645.6187484188,1391708.7036875
2019-04-01,1217399.8752018444,1492149.2462583312,1413185.4963258076,1414101.3475794008,1401323.543669163
2019-04-02,1214905.7971329528,1493449.2753743809,1413706.161300794,1414878.2764519406,1402064.0836854018
2019-04-03,1233789.719065785,1502247.604532011,1421057.3263594715,1417946.6053660423,1405672.3237362194
2019-04-04,1250535.8410003404,1509220.833731225,1427778.0915018467,1420203.9343217085,1408280.0638216184
2019-04-08,1241272.0629366199,1511241.562972026,1428855.956727926,1420675.8633189427,1408715.7039416013
2019-04-09,1249823.2848746232,1511561.0922544175,1429520.522037716,1421336.3923577482,1409495.8440961712
2019-04-10,1251961.10681435,1507150.5215784025,1427421.7874312233,1418498.121438128,1406611.6842853306
2019-04-11,1227020.1287558014,1504122.8735839843,1423680.2240684545,1418515.3309400855,1406023.4880690821
2019-04-12,1222031.950698977,1500136.214142165,1417742.1504689343,1414718.7353039812,1402168.4888461353
2019-04-15,1213124.472643877,1498063.3547664008,1414084.7769422154,1412150.2396682198,1399608.68962325
2019-04-16,1255880.4945905015,1512094.995456697,1426177.9034883035,1417859.7440328014,1406147.7904004252
2019-04-17,1252317.5165388507,1511933.0362130587,1424972.8301072042,1417323.948397726,1405587.691177662
2019-04-18,1249823.4384889249,1506357.4770354915,1419569.456798923,1413199.0527629936,1401183.1919549596
2019-04-19,1271201.4604407237,1513164.4179240002,1426047.383563466,1417617.1571286044,1405865.4927323184
2019-04-22,1234502.5823942476,1500951.3588785897,1415036.4104008384,1414234.7614945583,1401770.793509738
2019-04-23,1232008.504349497,1499562.1998992658,1411427.6373110465,1411884.365860855,1399330.5942872188
2019-04-24,1234146.3263064716,1506807.4409860333,1415508.5642940956,1414226.670227495,1402198.495064761
2019-04-25,1204573.4482651716,1496732.0821388979,1406151.391349992,1411113.474594478,1398281.0958423642
2019-04-26,1185333.2702255973,1492072.9233578641,1401274.1184787408,1410547.0789618043,1397375.4966200283
2019-04-29,1190677.792187749,1494953.8646429377,1401465.7456803478,1410914.4833294738,1397859.5973977537
2019-04-30,1191390.4141516262,1498894.6059941235,1405957.072954819,1413408.6876974865,1400376.0981755399
2019-05-06,1111935.5361172296,1460228.9474114268,1375418.30030216,1397169.0920658424,1381911.8989533875
2019-05-07,1124049.758084559,1471925.088894853,1383637.2277223766,1402965.3964345416,1388145.799731296
2019-05-08,1106947.380053615,1457144.430444407,1374966.1552154745,1397060.9008035844,1381475.000509266
2019-05-09,1088419.8020243973,1447977.5720600942,1367230.4827814593,1393397.30517297,1377326.301287297
2019-05-10,1128681.723996906,1462326.4137419197,1380654.1104203367,1399019.0095426994,1383753.302065389
2019-05-13,1104453.345971142,1454591.8554898885,1374606.238132113,1397442.2139127722,1381665.302843542
2019-05-14,1098039.9679471042,1443756.3809040063,1370314.3166767932,1394619.2382231883,1378291.7519817566
2019-05-15,1125831.3899247935,1458713.3936254077,1381331.3238686256,1400255.9408902216,1383769.2412491546
2019-05-16,1132244.8119042101,1463337.1063478088,1385967.1310610238,1403286.0435574644,1386658.0305392845
2019-05-17,1102315.6338853538,1457179.9190712098,1377202.738253987,1401774.946224917,1386180.8198521484
2019-05-20,1088063.6558682248,1451599.9317956106,1371097.045447515,1397902.9488925792,1382541.0091877477
2019-05-21,1104097.1778528236,1454238.8445210112,1375073.5526416088,1398218.951560451,1382370.6985460848
2019-05-22,1100890.4998391499,1453186.9572474123,1374039.359836268,1397125.0542285324,1381422.787927161
2019-05-23,1080225.1218272042,1442767.0699748131,1366350.1670314923,1392514.6568968233,1376949.0773309781
2019-05-24,1082362.943816986,1441583.2827032143,1367269.074227282,1393441.259565324,1377632.2667575378
2019-05-27,1097683.8658084963,1445955.0954326156,1371943.4814236374,1393752.4622340347,1377694.7562068424
2019-05-28,1103740.9878017346,1449231.0081630172,1374223.9886205585,1395475.4649029549,1379466.8456788932
2019-05-29,1104453.6097967015,1444410.8208944192,1372858.5958180449,1393733.3675720848,1377152.535173692
2019-05-30,1103741.0317933965,1444250.133626822,1372008.203016097,1393456.6702414243,1376840.624691241
2019-05-31,1097327.6537918202,1439506.846360225,1371419.8102147144,1393679.0729109738,1376780.3142315417
2019-06-03,1100178.0757919727,1434034.3590946288,1371082.217413898,1393835.275580733,1376580.1037945955
2019-06-04,1088420.197793854,1428373.1718300332,1368891.7246136472,1392705.9782507021,1375632.293380405
2019-06-05,1085569.8197974644,1440086.684566439,1376341.231813962,1399769.5809208811,1383392.2829889716
2019-06-06,1074524.541802804,1436595.297303845,1371904.8390148429,1397596.6835912697,1381756.0726202969
2019-06-10,1090914.363809873,1454699.810042252,1382629.3462162896,1406985.3862618683,1391628.862274383
2019-06-11,1131176.2858186709,1470482.0227816603,1395660.9534183021,1411222.5889326767,1395247.1519512315
2019-06-12,1121199.9078291988,1463886.56956207,1393232.8790808807,1409699.934843695,1393729.7978108441
2019-06-13,1118705.8298414564,1461526.5777718045,1391727.584666626,1409113.4486911162,1393129.4055434305
2019-06-14,1110867.2518554437,1460157.085982184,1392585.8902528104,1411838.0625632005,1395905.1132766244
2019-06-17,1111936.173871161,1462498.4941932089,1391592.695839434,1411135.6764599509,1395142.221010426
2019-06-18,1114786.5958886086,1464292.702404879,1394453.4014264964,1413514.1903813686,1397482.8287448355
2019-06-19,1134026.8179077862,1474855.0106171945,1401357.707013998,1418610.1043274559,1402582.5364798526
2019-06-20,1172507.239928694,1491443.7188301552,1420313.7126019385,1429059.218298215,1413363.9442154777
2019-06-21,1175001.3619513328,1492812.7270437614,1423609.9181903182,1432889.432293647,1417061.9519517107
2019-06-24,1177139.1839757017,1494120.035258013,1426016.523779137,1434757.3463137546,1418970.6596885514
2019-06-25,1163243.5060018017,1486029.4434729104,1424201.629368395,1434449.860358539,1418718.0674260005
2019-06-26,1163599.8280296326,1482171.051688453,1418531.6349580924,1429723.6744280031,1413772.4751640575
2019-06-27,1178564.4500591946,1490312.5599046412,1424408.0405482287,1433134.4885221482,1417210.1829027224
2019-06-28,1178208.1720904878,1488152.2681214754,1423409.3461388047,1431844.8026409764,1416005.3906419957
2019-07-01,1212056.694123512,1509649.6763389553,1433740.5517298197,1438450.7167844896,1422786.498381877
2019-07-02,1214194.516158268,1510094.8845570807,1437514.2573212746,1440461.1309526896,1424823.0061223668
2019-07-03,1202436.6381947557,1511936.092775852,1444509.2629131684,1447691.5451455784,1432120.3138634646
2019-07-04,1193172.8602329749,1512141.1009952691,1440840.6685055017,1445658.0593631584,1430114.5216051708
2019-07-05,1200298.882272926,1514757.1092153324,1443408.3740982746,1446637.6736054309,1431147.8293474854
2019-07-08,1168231.904314609,1497587.6174360416,1427600.7796914869,1437093.7878723983,1421543.4370904085
2019-07-09,1165025.2263580244,1494110.0256573965,1423623.285285139,1433746.502164062,1418130.74483394
2019-07-10,1165381.548403172,1495138.7338793979,1422884.9997592305,1434041.8491004247,1418587.8159780803
2019-07-11,1165737.870450052,1500378.0421020451,1429135.9463345227,1438933.3531907,1423891.1255711732
2019-07-12,1176783.1924986646,1504620.9503253389,1431496.2929370503,1440072.257281297,1424995.0352986143
2019-07-15,1181771.4145490099,1508942.1585492785,1434998.239566816,1443190.5613722154,1428229.8451604147
2019-07-16,1176070.6366010879,1508403.3667738645,1434131.9862238215,1443292.1654634555,1428270.755156584
2019-07-17,1173932.8586548988,1504951.774999097,1430943.1329080688,1441158.8695550167,1425967.1652871335
2019-07-18,1165025.380710443,1495372.7832249757,1426357.1796195605,1437582.1736468996,1422384.9755520737
2019-07-19,1179277.4027677204,1505625.1914515006,1436564.0263582987,1445070.1777391045,1430277.885951415
2019-07-22,1168588.424826731,1497432.4996786725,1428765.873124285,1439035.7818316303,1424048.8964851673
2019-07-23,1171795.1468874752,1502976.9079064906,1430849.9199175218,1441213.6859244779,1426187.9071533424
2019-07-24,1182840.468949953,1509564.7161349554,1437138.3667380114,1445008.7900176474,1430133.6179559499
2019-07-25,1195310.9910141646,1516875.4243640667,1442876.6135857562,1448106.1941111383,1433442.028893001
2019-07-26,1197092.5130801103,1516660.332593825,1442755.0604607575,1446875.2982049512,1432076.4399645058
2019-07-29,1194954.73514779,1518772.6408242295,1444159.7073630183,1446737.9022990856,1432035.0511704748
2019-07-30,1201368.1572172039,1521461.1490552812,1447888.3542925403,1449202.0063935416,1434547.3625109193
2019-07-31,1191391.7792883518,1516999.8572869797,1444708.6012493258,1446802.5104883197,1432122.4739858492
2019-08-01,1178565.0013612346,1506437.165519325,1433801.3482333769,1440470.8145834196,1425261.6855952754
2019-08-02,1157543.3234358518,1498979.9737523173,1431582.2952446954,1439557.3186788408,1424537.0973392082
2019-08-05,1134027.5455122036,1488218.4819859564,1429713.7422832842,1440485.8227745842,1425569.5092176583
2019-08-06,1120131.8675902903,1471851.8902202428,1418905.9893491447,1432985.3268706494,1417747.7212306364
2019-08-07,1111580.6896701122,1470435.0984551762,1420497.3244422795,1432542.9237270365,1417815.6985781526
2019-08-08,1130820.911751669,1480895.8066907567,1430169.8574288683,1438565.1349272556,1423537.542348531
2019-08-09,1120488.2338349612,1486311.2149269842,1433648.0904809171,1442605.0461283543,1427715.786138066
2019-08-12,1141509.9559199887,1495836.7231638592,1441265.923598432,1448263.2573303336,1432931.029946759
2019-08-13,1130108.378006752,1483953.9314013815,1438791.3567814166,1442812.768533193,1428102.273774612
2019-08-14,1135096.6000952509,1491043.3396395512,1437034.7900298773,1443258.679736933,1428257.417621626
2019-08-15,1140441.1221854854,1484075.6478783682,1437685.4233438186,1441760.5909415535,1426642.061487803
2019-08-16,1146141.9442774563,1484879.6561178325,1438746.356723246,1442695.7021470543,1427426.3053731439
2019-08-19,1178208.966371163,1503266.4643579447,1451844.8901681642,1452598.8133534356,1436449.9492776506
2019-08-20,1172508.188466606,1505212.372598704,1451702.9236785786,1453088.5245606978,1436907.8932013244
2019-08-21,1172151.9105637851,1502343.4808401112,1450558.7572544946,1452332.5357688405,1436136.237144167
2019-08-22,1175002.3326627011,1505615.2890821658,1452381.790895917,1453806.7469778643,1437677.5811061799
2019-08-23,1184622.4547633536,1509041.0973248682,1454680.524602851,1455145.4581877687,1438771.9250873644
2019-08-26,1169301.576865743,1495799.8055682182,1454485.0583753018,1451885.1693985541,1436163.7690877225
2019-08-27,1183553.598969869,1507958.4138122164,1464024.6922132745,1458399.5806102206,1442238.413107255
2019-08-28,1179278.021075732,1504981.3220568623,1461519.9261167748,1457164.891822768,1441117.3571459637
2019-08-29,1175358.7431833325,1503403.830302156,1462212.460085807,1458009.9030361967,1442129.6012038505
2019-08-30,1178921.7652926703,1507636.1385480976,1459689.6941203764,1458055.7142505064,1442098.0452809164
2019-09-02,1194242.6874037455,1513401.4467946875,1465084.3282204885,1461922.6254656974,1445446.689377163
2019-09-03,1195667.9095165583,1513309.0550419253,1466495.8623861484,1462103.53668177,1445552.133492592
2019-09-04,1213126.631631109,1523680.5754098112,1476198.4061973614,1470552.7466187237,1454584.4976872047
2019-09-05,1226309.7537473973,1532142.6839972127,1484117.1084918673,1475902.7506537947,1460270.699258722
2019-09-06,1235929.8758654236,1541310.3925852892,1484310.310794412,1480106.254689183,1464276.6008303626
2019-09-09,1241630.697985188,1544819.801174041,1487902.0131049962,1483230.9587248885,1467936.6024021266
2019-09-10,1237711.420106691,1538825.3097634674,1480721.7154236205,1478367.3627609108,1462924.2039740141
2019-09-11,1227378.7422299322,1536299.6183535687,1478914.1177502854,1479199.3667972502,1463595.2055460254
2019-09-12,1241987.0643549121,1544887.526944345,1485115.7200849918,1484322.070833907,1469049.20711816
2019-09-16,1236998.8864816306,1540156.6355357969,1483102.0224277405,1480213.774870881,1464991.0086904182
2019-09-17,1210989.0086100881,1532595.8441279235,1474145.6247785313,1474473.1789081725,1458323.8102628002
2019-09-18,1217046.1307402842,1535582.2527207255,1477017.2271373651,1476032.982945781,1460013.0118353055
2019-09-19,1223815.8528722196,1537597.9613142028,1478505.6295042434,1476620.6869837067,1460815.7134079342
2019-09-20,1225953.6750058942,1538836.6699083552,1480197.831879166,1477490.99102195,1461731.2149806868
2019-09-23,1213483.1971413083,1532571.3785031831,1476250.6342621334,1474954.1950605104,1458848.2165535628
2019-09-24,1214552.1192784617,1532473.5870986865,1477541.336653147,1474914.3990993882,1458903.6181265628
2019-09-25,1204932.0414173547,1522178.095694865,1471324.9390522065,1468305.5031385834,1451844.619699686
2019-09-26,1195311.9635579877,1522807.4042917197,1467753.0414593136,1465822.407178096,1448775.7212729328
2019-09-27,1198518.6857003607,1520826.6128892496,1464160.843874468,1464196.5112179262,1447177.0228463034
2019-09-30,1181772.6078444736,1514579.921487455,1458596.5462976708,1462010.2152580738,1444354.4244197975
2019-10-08,1190680.1299903267,1515885.2300863364,1460220.0487289224,1462495.519298539,1445088.9259934153
2019-10-09,1194599.45213792,1513714.3386858935,1464346.2511682238,1463390.0233393216,1446395.727567157
2019-10-10,1204575.8742872542,1518040.447286126,1466738.8536155752,1465739.8910004217,1448392.3367810221
2019-10-11,1221678.2964383285,1529335.0558870346,1474295.5560709774,1472279.1950861313,1454542.3808510415
2019-10-14,1232011.0185911437,1537069.764488619,1477405.358534431,1475263.199172162,1457208.6249638165
2019-10-15,1227379.1407456999,1536071.4730908796,1476191.561005937,1473993.803258514,1456156.8691193506
2019-10-16,1222390.9629019971,1537471.5816938162,1475095.0634854953,1474344.907345187,1456587.513317647
2019-10-17,1224528.7850600355,1535601.9902974288,1475124.5659731072,1474814.3114321812,1457030.2575587092
2019-10-18,1203863.407219815,1527360.8989017175,1467039.068468773,1469324.715519497,1452000.9018425408
2019-10-21,1207070.129381336,1525699.8075066821,1466118.6709724935,1467090.0196071332,1449777.4461691447
2019-10-22,1212414.6515445986,1531178.2161123233,1468909.673484269,1470423.723695091,1452839.8905385244
2019-10-23,1204932.3737096027,1525044.6247186405,1466012.2760041007,1466772.72778337,1449474.3349506836
2019-10-24,1206713.895876349,1528916.1333256345,1467926.878531989,1468959.9318719706,1451608.1794056252
2019-10-25,1215265.118044837,1531804.8419333044,1472546.281067934,1471726.4359608921,1454079.523903353
2019-10-28,1223460.040215067,1537669.2505416507,1476049.183611937,1475515.640050135,1457396.7684438697
2019-10-29,1218828.1623870397,1537998.859150674,1472663.3861639986,1472990.8441396994,1455087.4130271794
2019-10-30,1209564.3845607543,1530593.0677603732,1465969.588724119,1467706.3482295852,1450178.557653285
2019-10-31,1208851.8067362118,1530722.9763707493,1465783.8912922991,1467826.4523197922,1450352.2023221902
2019-11-01,1237712.1289134116,1539842.3849818022,1476042.0938685397,1474824.156410321,1456850.747033898
2019-11-04,1242344.0510923546,1544438.8935935316,1478732.696452841,1478334.3605011709,1460179.091788412
2019-11-05,1250538.9732730403,1549944.7022059376,1481969.999045204,1481866.3645923422,1463503.1365857355
2019-11-06,1244481.8954554691,1544602.5108190207,1475177.5016456293,1478222.8686838353,1460273.781425872
2019-11-07,1246263.4176396409,1545485.7191527805,1477077.5655741172,1478809.4656156497,1460631.9469488245
2019-11-08,1240562.6398255564,1541906.795572851,1470000.8029372294,1474994.0706738178,1456955.7523277241
2019-11-11,1216690.5620132152,1534234.3720617953,1461327.7403189945,1467715.4757323836,1449983.257707046
2019-11-12,1214909.0842026176,1536810.548619618,1460625.277719414,1469336.6807913468,1451782.663086791
2019-11-13,1213840.206393764,1534870.8252463252,1461104.6151384898,1467519.8858507075,1449818.4684669587
2019-11-14,1214909.1285866539,1535826.701941922,1461983.9525762233,1467650.3909104657,1449880.8738475495
2019-11-15,1208139.4507812879,1535102.3787064138,1459855.6900326158,1467255.4959706217,1449685.3792285626
2019-11-18,1218115.8729776663,1544774.2555398063,1467107.4275076683,1474851.7010311752,1457361.3846099987
2019-11-19,1232367.895175789,1554267.3324421044,1475733.4650013836,1483265.8060921265,1465759.1899918579
2019-11-20,1217759.6173756556,1545300.409413314,1469982.8025137617,1477648.111153476,1460039.99537414
2019-11-21,1210633.6395772672,1540841.98645344,1466811.2400448048,1474125.2162152224,1456277.000756845
2019-11-22,1195669.0617806236,1539091.8635624885,1464247.5775945145,1472529.921277367,1454845.506139973
2019-11-25,1205645.4839857246,1546751.7407404645,1468886.6151628918,1476629.5263399095,1459073.1115235242
2019-11-26,1207783.3061925708,1552116.0179873735,1471191.9527499385,1478903.9314028495,1461657.0169074982
2019-11-27,1205645.528401162,1551104.395303221,1470593.390355656,1479034.7364661873,1461721.5222918952
2019-11-28,1203507.7506114985,1552545.172688012,1470203.1279800455,1478911.0415299237,1461722.2276767157
2019-11-29,1188186.8728235806,1549698.1501417526,1467864.465623109,1475839.7465940574,1458410.3330619591
2019-12-02,1191037.2950374081,1556768.0276644477,1472674.3032848476,1481132.4516585893,1463831.838447626
2019-12-03,1196738.1172529813,1552024.2052561026,1471812.5409652628,1479456.0567235192,1461834.143833716
2019-12-04,1197450.7394703,1544480.582916723,1471337.078664356,1476553.5617888472,1458647.349220229
2019-12-05,1207783.4616893649,1549350.7149663148,1474265.7716821288,1479334.098754573,1461405.1569671656
2019-12-06,1216334.6839101757,1550920.119006757,1473863.0070647188,1480782.0398229656,1462698.0806650023
2019-12-09,1211702.8061327331,1555424.0230475166,1474556.1424736648,1482289.880894586,1464299.3043647013
2019-12-10,1212771.7283570366,1554056.7270885936,1474589.577908969,1481884.0219694336,1463715.128066263
2019-12-11,1214909.5505830867,1555948.6311299885,1476800.2133706335,1483240.7630475094,1464843.3517696871
2019-12-12,1210990.2728108834,1558028.435171701,1478534.94885866,1486014.9041288132,1467585.7754749737
2019-12-13,1239137.9950404265,1569976.8392137308,1486041.9843730507,1493158.5452133452,1474113.2991821233
2019-12-16,1243413.617271717,1575782.9432560785,1492736.519913808,1498792.086301106,1479499.422891136
2019-12-17,1265504.2395047545,1585821.6472987437,1500365.7554809337,1505965.4273920956,1486245.146602012
2019-12-18,1260159.761739539,1580850.6513417268,1497531.8910744297,1504273.4684863144,1484375.0703147512
2019-12-19,1257665.683976071,1579852.7553850275,1497187.6266942988,1503717.6095837625,1483761.9940293538
2019-12-20,1256240.5062143502,1582700.759428646,1498485.7623405424,1505524.4506844403,1485845.9177458202
2019-12-23,1237712.928454377,1579010.9634725822,1494261.2980131626,1503069.991788348,1483940.2414641501
2019-12-24,1245195.250696152,1584598.1675168364,1500117.0337121615,1509198.132895486,1489913.265184344
2019-12-25,1247689.3729396744,1582790.7715614082,1500817.5694375415,1508660.1740058542,1489301.2889064022
2019-12-26,1258022.095184945,1591818.5756062975,1508132.1051893043,1515360.215119453,1495658.4126303245
2019-12-27,1256596.9174319634,1596341.0796515052,1511483.040967452,1518880.2562362829,1499241.636356111
2019-12-30,1277262.3396807306,1602154.1836970306,1517301.5767719874,1522845.5973563439,1502698.060083762
2019-12-31,1284744.661931246,1604218.5877428742,1522144.8126029114,1524773.7384796361,1504425.1838132779
2020-01-02,1303628.5841835097,1615583.6917890352,1529258.6484602268,1530843.2796061602,1510077.707544658
2020-01-03,1300065.6064375227,1617189.2511955146,1532440.1016839356,1533641.8151759163,1512603.5585579036
2020-01-06,1294364.8286932842,1607878.852385509,1532505.5981889446,1531899.1689802508,1510499.3802676664
2020-01-07,1305766.4509507944,1616426.6535834556,1536512.1947644055,1536357.2228359643,1515580.601979135
2020-01-08,1291158.1732100542,1606364.3547893546,1534002.0914103235,1531159.376743061,1509490.8236923101
2020-01-09,1306835.3954710625,1620901.456003207,1535689.2881267045,1536713.830701545,1515991.2454071916
2020-01-10,1306479.117733821,1628526.5572250134,1539784.7849135539,1542091.6847114204,1521336.8671237791
2020-01-13,1322512.6399983286,1631855.7584547743,1543383.8817708774,1545773.838772691,1525481.6888420735
2020-01-14,1316099.2622645858,1637532.5596924901,1543709.57869868,1546182.1928853614,1525979.6105620747
2020-01-15,1304697.684532593,1634488.1609381617,1542787.8756969678,1545284.9470494348,1524758.4322837826
2020-01-16,1302559.90680235,1633386.06219179,1541592.4727657463,1544483.3012649156,1524078.3540071975
2020-01-17,1304341.4290738571,1636078.563453375,1542127.3699050208,1546077.0555318082,1525476.5757323198
2020-01-20,1315030.4513471145,1634180.6647229176,1542302.267114797,1546819.1098501158,1526371.7974591493
2020-01-21,1287951.673622122,1623754.2660004185,1535679.6643950802,1541553.2642198433,1519666.7191876858
2020-01-22,1292939.8958988804,1627732.4672858785,1535066.6617458763,1544122.3186409944,1522767.1409179303
2020-01-23,1249115.0181773892,1618168.068579298,1526596.8591671905,1538170.7731135732,1515026.5626498822
2020-02-03,1129041.9404576488,1558446.3698806774,1484224.2566590286,1509289.8276375837,1480480.384383542
2020-02-04,1168591.262739659,1576921.0711900177,1495006.454221396,1515384.78221303,1488570.2061189099
2020-02-05,1181774.3850234204,1596861.1725073194,1506505.2518542982,1527517.9368399158,1501563.8278559856
2020-02-06,1213841.407308933,1614310.6738325832,1515905.949557741,1539785.5915182456,1515049.4495947696
2020-02-07,1210634.729596197,1616947.3751658094,1518116.7473317299,1543006.346248023,1518183.871335262
2020-02-10,1215266.6518852124,1626344.409706999,1526912.5203362699,1549034.4086292528,1523351.3901174627
2020-02-11,1230231.2741759794,1644228.7121517535,1537194.7306875049,1560567.308983563,1534729.4995861717
2020-02-12,1240207.696468498,1657342.3145967,1543993.1410395533,1571018.209337901,1545014.6090556248
2020-02-13,1232725.4187627684,1677724.1170418388,1553284.3513924154,1585518.6096922671,1560450.9185258218
2020-02-14,1242345.541058791,1658173.61948717,1545974.1617460907,1571131.0100466611,1545285.927996763
2020-02-17,1273343.6633565656,1668853.221932693,1556842.8721005798,1580694.310401083,1553616.8374684488
2020-02-18,1264436.1856560924,1654435.6243784083,1550357.282455883,1571765.2107555324,1544564.1469408786
2020-02-19,1264792.5079573719,1651402.9268243157,1551566.2928119996,1572054.61111001,1544786.4564140532
2020-02-20,1297215.8302604037,1664931.3292704152,1563535.1031689302,1580883.0114645152,1552792.5658879718
2020-02-21,1302204.0525651881,1659753.0317167074,1567569.6135266745,1581021.8118190486,1552585.4753626352
2020-02-24,1290446.1748717257,1640295.2341631914,1562028.6238852327,1571767.1121736097,1543590.784838043
2020-02-25,1287595.7971800158,1642907.136609868,1555703.9342446052,1570511.3125281984,1542882.0943141957
2020-02-26,1275481.6194900593,1630788.9390567366,1550547.0446047916,1558773.912882815,1531372.3037910927
2020-02-27,1275837.941801856,1627184.5415037973,1549371.4549657924,1556813.1132374597,1529256.7132687345
2020-02-28,1226668.5641154062,1590767.1439510507,1521546.2653276073,1528101.2135921323,1501977.5227471213
2020-03-02,1277619.4864307097,1624989.7463984964,1541182.6756902363,1546145.4139468325,1518525.8322262529
2020-03-03,1276550.6087477666,1626394.0488461342,1541794.6860536798,1547449.4143015607,1519718.8417061297
2020-03-04,1286883.331066578,1629861.0512939645,1551285.6964179375,1551341.814656317,1523398.951186751
2020-03-05,1321800.7533871427,1643474.053741987,1562315.80678301,1562470.715011101,1533582.6606681175
2020-03-06,1293653.0757094617,1625737.9561902022,1555320.4171488967,1552605.915365913,1524533.370150229
2020-03-09,1246977.7980335348,1582982.8519186093,1526822.4715555983,1522162.9595807528,1495366.144833086
2020-03-10,1278332.2203593624,1609437.258005164,1540909.8360696163,1536523.6710653722,1509065.1808625143
2020-03-11,1254460.1426869442,1590146.464092197,1530642.1006122797,1525083.4825666114,1498162.816957642
2020-03-12,1232013.2650162806,1564440.0701797083,1511335.5651835906,1505002.194084471,1478975.7531184745
2020-03-13,1210991.5873473722,1550662.8762676977,1492200.4297835515,1488186.405618953,1462268.8893450166
2020-03-16,1152914.7096802182,1512033.2823561658,1458888.6944121646,1456913.0171700586,1431143.9256372734
2020-03-17,1141156.8320148196,1508022.1884451122,1443852.9590694315,1445911.6287377886,1419934.26199525
2020-03-18,1119066.2543511759,1488033.894534537,1434929.4237553552,1433844.5403221447,1408663.598418952
2020-03-19,1106595.7766892875,1481884.9006244405,1426569.488469938,1427660.4519231285,1402553.2349083843
2020-03-20,1123698.1990291546,1503436.4067148226,1442841.2532131814,1447248.5635407404,1421143.0714635518
2020-03-23,1081654.8213707774,1466712.9128056832,1417514.3179850883,1424671.4751749826,1399209.0080844602
2020-03-24,1111940.343714156,1497016.8188970229,1449176.582785661,1454430.186825856,1428188.6447711145
2020-03-25,1145788.8660592902,1527380.2249888408,1474134.2476149013,1477365.5984933618,1450527.3815235195
2020-03-26,1137593.9884061806,1516718.2310811374,1467237.612472812,1472461.7101775017,1445785.2183416807
2020-03-27,1143651.1107548268,1516899.437173913,1471678.8773593947,1474626.3218782765,1448102.4552256032
2020-03-30,1131536.9331052296,1504742.6432671675,1461927.8422746519,1466115.3335956882,1439665.2921752925
2020-03-31,1132605.8554573886,1508731.6493609005,1464499.9072185864,1469944.3453297375,1443162.029190753
2020-04-01,1134031.0778113042,1501282.3554551126,1456955.1721911996,1461978.857080426,1435603.0662719905
2020-04-02,1151846.1001669767,1513542.8615498035,1466623.6371924945,1472226.3688477546,1445923.1034190098
2020-04-03,1142582.3225244058,1504924.3676449733,1463011.6022224724,1467489.8806317253,1441404.4406318164
2020-04-07,1172155.2448835915,1535629.8351806223,1490852.3958611367,1496883.6331123388,1469176.7119504153
2020-04-08,1166810.7672445348,1534293.9365193308,1488931.6016368049,1495781.96745979,1468499.8879318705
2020-04-09,1170730.0896072353,1543381.2378581448,1494585.9074129264,1503301.4018649496,1474770.1647051459
2020-04-10,1166454.5119716933,1535484.2391970637,1489878.1131895024,1497903.8363278224,1470271.242270304
2020-04-13,1158972.2343379082,1529423.940536088,1485908.3189665321,1494122.8708484129,1467348.7206274068
2020-04-14,1181062.8567058812,1546723.5418752178,1500695.524744016,1507477.4054267257,1478502.899776517
2020-04-15,1173224.2790756118,1553670.1432144525,1503551.1305219536,1510497.2400627653,1481434.7797176964
2020-04-16,1173936.9014471006,1552584.0445537926,1503919.3363003454,1510735.5747565364,1481685.7604510074
2020-04-17,1186051.1238203472,1568608.5458932377,1509444.0420791912,1516550.1095080432,1486246.9419765123
2020-04-20,1191751.9461953521,1570101.8472327883,1509806.1478584914,1517675.6443172903,1487071.0242942732
2020-04-21,1177499.9685721155,1558938.5485724441,1504067.8536382455,1511254.8791842824,1482003.8074043526
2020-04-22,1189614.1909506372,1566413.3499122052,1509396.5594184538,1516707.214109024,1487020.5913068124
2020-04-23,1187120.1133309177,1572160.0512520715,1516321.1651991166,1522972.0490915198,1492833.2760017153
2020-04-24,1175718.5357129565,1564904.4525920432,1512487.3709802334,1519579.984131774,1490353.3614891232
2020-04-27,1181775.6580967547,1580979.3539321201,1519996.2767618045,1527120.8192297912,1496603.3477690986
2020-04-28,1190326.8804823116,1589432.8552723024,1522380.28254383,1530269.7543855764,1499429.1348417038
2020-04-29,1197452.9028696278,1603792.25661259,1534257.6883263101,1539173.0895991332,1507076.922707001
2020-04-30,1217762.0252587032,1619699.2579529828,1547610.6941092445,1551824.8248704672,1517401.2113650525
2020-05-06,1221325.0476495384,1617012.5592934813,1545608.5998926333,1546932.5601995823,1512929.7008159205
2020-05-07,1218830.9700421328,1610969.1606340848,1539583.3056764766,1539607.5955864831,1506241.9910596674
2020-05-08,1233795.592436487,1619764.5174947935,1548788.9810607743,1546961.6369511744,1512570.002896356
2020-05-11,1231301.514832601,1615913.2569837018,1545019.7925647055,1544774.1912772032,1510532.7489994562
2020-05-12,1230945.237230475,1607257.196585732,1540025.704155984,1541251.7456389354,1507439.7962613779
2020-05-13,1234151.9596301094,1604475.6363008933,1539594.115834617,1541601.1000363734,1507600.8446822127
2020-05-14,1222394.0820315038,1592474.3761291946,1533043.727600611,1536234.7544695204,1502923.5942620514
2020-05-15,1215624.4044346588,1596070.1160706447,1537558.8394539733,1540303.4089383788,1506498.9450009845
2020-05-18,1219900.026839574,1600651.7561252525,1544751.05139471,1542839.3634429518,1508776.696899104
2020-05-19,1230232.7492462504,1615369.796293027,1549176.5634228291,1548456.0179832417,1513969.2499565003
2020-05-20,1224531.9716546873,1605215.736573977,1544141.6755383369,1542513.1725592518,1508761.6041732647
2020-05-21,1215268.1940648851,1602861.976968111,1539483.58774124,1538722.427170985,1505536.1595494885
2020-05-22,1184626.416476844,1585073.9174754387,1526804.2000315455,1528565.7818184434,1496742.8160852627
2020-05-25,1185339.0388905646,1595210.8580959684,1530482.2124092602,1529601.8365016305,1498053.2737806784
2020-05-26,1201728.8613060461,1605677.2988297092,1537310.324874391,1534487.6912205487,1502525.4326358268
2020-05-27,1195315.4837232893,1603053.9396766704,1533012.637426945,1529432.045975201,1498159.892650799
2020-05-28,1197097.0061422943,1607250.4806368598,1537800.5500669286,1533431.9007655904,1501577.1538256858
2020-05-29,1202797.8285630608,1602318.2217102873,1534764.3627943492,1531445.855591719,1499943.6161605788
2020-06-01,1239140.4509855893,1615834.6628969614,1548850.6756092133,1544587.0104535904,1511124.6796555691
2020-06-02,1243059.77340988,1614376.3041968911,1547045.388511528,1541206.3653512073,1508241.8443107482
2020-06-03,1242703.4958359331,1619251.3456100852,1547148.2015013,1541029.7202845719,1508187.6101262064
2020-06-04,1243416.118263748,1622914.7871365529,1547399.8145785362,1540826.3752536876,1508122.4771020352
2020-06-05,1251611.040693326,1623417.5481763028,1546925.3135432438,1540741.5324985571,1508256.1867183263
2020-06-08,1258380.7631246662,1631780.7668014134,1550991.4538524314,1544320.4351808575,1511152.7950549969
2020-06-09,1268000.885557769,1638768.5854672801,1555776.7942355128,1549820.7378633686,1515999.5051683425
2020-06-10,1264794.2079926352,1633682.6041739061,1553958.2346924946,1547393.3405460906,1514246.6170585025
2020-06-11,1251611.1304292644,1622427.8229212945,1548677.0752233823,1542540.4432290236,1509738.9307256164
2020-06-12,1255174.1528676564,1612357.5417094487,1544421.5158281813,1537705.0459121673,1505043.4461698239
2020-06-15,1234865.075307812,1596154.760538372,1533394.4565068977,1529450.6485955217,1497771.863391265
2020-06-16,1256955.6977497311,1621088.0794080675,1547354.8972595374,1540980.1512790872,1508421.6823900791
2020-06-17,1258380.9201934137,1623575.198318538,1548167.4380861057,1541692.6539628634,1509518.903166406
2020-06-18,1269426.24263886,1624648.4172697873,1550681.5789866091,1542823.2566468506,1510217.3257203854
2020-06-19,1287953.8650860703,1628663.7362618183,1554254.6199610531,1546685.459331049,1513750.0500521567
2020-06-22,1289379.0875350444,1624429.6552946342,1554476.7610094436,1545877.8620154578,1512881.6761618597
2020-06-23,1296148.809985783,1625637.2743682384,1553511.3021317862,1544995.1647000778,1512701.504049634
2020-06-24,1308975.6324382853,1632621.193482634,1561239.3433280871,1551316.3673849087,1517673.9337156203
2020-06-29,1296148.8548925526,1616613.1126378241,1551779.6845983514,1542754.1700699506,1509925.265159957
2020-06-30,1313963.8773485841,1623358.031833812,1557723.8259425857,1547322.4727552037,1513800.4983827847
2020-07-01,1347456.0998063807,1641110.951070601,1574024.4673607955,1558949.1754406677,1523367.1333842427
2020-07-02,1382373.5222659416,1660143.2703481936,1588443.5088529864,1573213.4781263429,1535118.970164471
2020-07-03,1413371.644727268,1671904.089666594,1599870.8504191646,1584064.9808122288,1544352.5087236096
2020-07-06,1529881.7671903593,1721013.109025805,1644128.8920593355,1620764.983498326,1574818.049061798
2020-07-07,1512779.389655216,1709717.61102583,1634720.3644735052,1613494.7454846343,1566238.248579176
2020-07-08,1534870.0121218378,1714987.8751873337,1641923.6427727495,1619862.67585343,1573512.7519031686
2020-07-09,1561236.2345902254,1722632.7394010304,1650108.321078147,1628848.5062246127,1583114.5552745736
2020-07-10,1530238.1570603785,1708879.8036669244,1636490.3993896982,1619927.2365981818,1573292.9586933944
2020-07-13,1565868.1795322974,1731470.1679850195,1653345.0777074036,1635981.4669741383,1590305.5621596347
2020-07-14,1550547.3020059825,1723824.2323553201,1648525.5560312632,1629520.2973524812,1583188.4656732986
2020-07-15,1529881.9244814336,1721061.0967778305,1644006.4343612778,1624889.6277332117,1577553.1692343892
2020-07-16,1448645.546958651,1695383.161252554,1621085.7126974487,1603820.2581163296,1554407.972842911
2020-07-17,1466104.2694376344,1701919.9257794956,1623669.191039775,1605199.6885018353,1556047.8764988673
2020-07-20,1509572.8919183845,1718480.6903586588,1641900.8693882579,1618130.3188897287,1570544.1802022615
2020-07-21,1513848.5144009015,1732861.3549900479,1650960.3477428984,1628954.2492800104,1581012.2839530983
2020-07-22,1532732.436885185,1735254.0196736671,1660720.2261036956,1637942.1796726803,1590124.9877513803
2020-07-23,1523468.6593712356,1734499.5844095205,1659852.1044706511,1639101.6100677382,1590686.491597112
2020-07-24,1447933.0818590529,1698075.7491976118,1633988.5828437652,1614640.4404651849,1564808.695490297
2020-07-27,1457909.504348638,1700071.2140379457,1641244.861223038,1621860.2708650203,1572003.7994309387
2020-07-28,1470380.02683999,1706386.378930526,1645433.3396084704,1625490.201267245,1576070.103419041
2020-07-29,1517411.6493331096,1716106.543875357,1655884.8180000626,1634765.4316718588,1586493.5074546079
2020-07-30,1504941.1718279968,1714188.4088724426,1651709.2963978155,1630364.1620788616,1581948.0115376425
2020-07-31,1517767.994324652,1722736.9739217868,1659999.9748017287,1637358.0924882542,1589338.6156681492
2020-08-03,1544490.5168230748,1734797.2390233937,1670376.6532118039,1644461.3229000363,1597336.7198461315
2020-08-04,1545915.7393232659,1741168.5041772681,1674034.7334280405,1649612.3647742085,1602287.454551593
2020-08-05,1546628.3618252247,1739985.6693834132,1679562.970161192,1656518.8136237308,1610170.1720521173
2020-08-06,1540214.9843289524,1741380.7346418337,1682190.9069915318,1657870.8625242428,1611978.6896090263
2020-08-07,1523112.606834448,1743816.7999525333,1683151.4439190682,1658280.5114757486,1612630.6072223245
2020-08-10,1528813.4293417125,1749953.8653155162,1686771.1809438083,1659823.6604782525,1613959.524892016
2020-08-11,1512067.351850746,1743996.8307307868,1675984.41806576,1650505.209531758,1603724.942618106
2020-08-12,1500665.7743615478,1734144.4961983494,1652175.4552849308,1629380.4586362692,1580805.8604005983
2020-08-13,1495321.2968741187,1745672.161718207,1662931.1926013285,1639567.4077917906,1591335.3782394975
2020-08-14,1527744.619388459,1752735.027290365,1671866.6300149607,1646844.0569983257,1598824.896134808
2020-08-17,1563018.3419045687,1767772.2929148264,1688518.3675258346,1657989.0062558784,1610027.814086534
2020-08-18,1560524.2644224477,1767611.8585915961,1694379.8051339583,1663928.6555644532,1616697.3320946803
2020-08-19,1533445.486942096,1766182.1243206782,1687833.4428393398,1657620.404924054,1610119.9501592515
2020-08-20,1515274.2094635142,1756077.0901020765,1674552.780641986,1644561.4543346844,1596678.3682802515
2020-08-21,1529882.5319867025,1766930.7559357951,1681088.8185419047,1651629.5037963488,1603689.8864576854
2020-08-24,1540571.5545116605,1783646.8218218384,1688018.5565391039,1659444.1533090514,1611120.104691557
2020-08-25,1543778.2770383884,1801614.28776021,1695810.794633591,1667521.6028727954,1619452.3229818707
2020-08-26,1522756.599566887,1783283.5537509145,1682260.5328253736,1656596.4524875856,1608505.7413286313
2020-08-27,1535583.4220971558,1800845.0197939556,1693926.8711144596,1667070.8021534258,1619658.1597318433
2020-08-28,1577270.5446291952,1819864.285889338,1708096.5095008565,1677642.4518703197,1630271.0781915109
2020-08-31,1561949.667163005,1836723.5520370654,1715375.9479845718,1685582.701638272,1638298.5967076386
2020-09-01,1574063.889698586,1833432.6024771417,1718491.0821056133,1686399.7792572859,1638970.391000231
2020-09-02,1572638.712235938,1847989.6197771113,1722057.6889410196,1690287.2743493102,1643817.601415258
2020-09-03,1565512.7347750608,1867523.13713345,1725783.2958712648,1696461.3694723826,1651003.2118861126
2020-09-04,1545916.2573159551,1817530.354546162,1699778.3028963571,1671771.664626506,1624667.6224127996
2020-09-07,1511355.1798586205,1775492.5720152517,1675649.910016303,1648524.2598116822,1600255.9329953233
2020-09-08,1519906.4024030576,1798031.6895407238,1688436.2172311104,1660687.5550279145,1613089.7436336882
2020-09-09,1480357.1249492662,1765444.407122583,1669160.1245407867,1643058.7502752044,1594556.1543278983
2020-09-10,1481782.347497247,1775085.3247608328,1675046.9319453393,1648071.145553555,1599784.6650779585
2020-09-11,1494609.1700469991,1769537.0424554783,1672498.4394447757,1645658.1408629685,1597136.475883873
2020-09-14,1504229.292598524,1777246.5602065239,1676307.8470391037,1649154.8362034473,1601028.986745646
2020-09-15,1516699.8151518204,1790036.6780139736,1685021.4547283298,1655394.8315749941,1607707.097663282
2020-09-16,1506723.4377068894,1790553.7958778322,1684396.4625124629,1655428.6269776109,1607746.8086367855
2020-09-17,1496390.760263731,1773529.7137981043,1674190.370391509,1645548.1224113007,1597459.8196661607
2020-09-18,1539503.0828223452,1795219.4317747941,1690999.8783654766,1657654.1178760654,1609926.7307514125
2020-09-21,1519906.605382732,1783758.149807906,1684343.3864343723,1652209.9133719078,1604134.5418925444
2020-09-22,1499597.5279448922,1769878.3678974446,1668916.6945982045,1641501.90889883,1593469.3530895617
2020-09-23,1504585.750508825,1776041.0860434142,1668302.10285698,1642118.8044568347,1594586.564342468
2020-09-24,1477150.6730745307,1750007.804245819,1648473.0112107063,1625623.3000459245,1577738.675651268
2020-09-25,1478219.5956420102,1748817.9225046642,1650165.0196593911,1625649.9956661016,1577673.7870159664
2020-09-28,1481782.6182112633,1757205.9408199536,1653642.2282030422,1628165.3913173685,1580531.7984365677
2020-09-29,1485701.9407822897,1761307.8673916915,1658825.462441666,1631158.6717597272,1583728.2957530755
2020-09-30,1480713.7633550898,1756860.0728350654,1655888.6649377157,1629898.3756153674,1582563.578737779
2020-10-09,1513849.6859296642,1780134.6782788672,1671121.8674339615,1640876.679479169,1592152.0617368626
2020-10-12,1566582.1085060122,1799756.9837230965,1690508.4699304034,1656655.2833511329,1606574.744750327
2020-10-13,1572282.9310841342,1806033.0891677537,1692378.3724270414,1657782.1872312592,1607292.5277781738
2020-10-14,1563731.753664031,1800757.694612839,1685626.1749238758,1654947.1911195489,1604671.3108204033
2020-10-15,1559456.176245702,1787015.9000583524,1677698.6774209065,1647357.695016003,1597933.6938770178
2020-10-16,1554467.9988291478,1788627.0055042934,1679515.2799181333,1650124.9989206216,1600634.1769480174
2020-10-19,1543422.721414368,1790100.6109506625,1679456.6824155564,1651447.8028334058,1601957.7600334038
2020-10-20,1554111.744001363,1785605.6163974595,1677192.2849131755,1650190.9067543556,1600921.8431331776
2020-10-21,1556249.5665901334,1786812.9218446845,1678857.787410991,1651915.7106834722,1602618.8262473405
2020-10-22,1550548.7891806785,1778875.4272923376,1674557.0899090027,1649783.114620756,1600895.2093758935
2020-10-23,1530596.011772999,1772747.5327404188,1668091.8924072112,1645360.4185662074,1596757.6925188377
2020-10-26,1517769.2343670954,1761524.2381889282,1659329.8949056156,1640046.8225198279,1591861.575676174
2020-10-27,1522757.4569629666,1760263.0436378657,1661461.5974042164,1641590.9264816176,1593538.6588479036
2020-10-28,1537009.4795606139,1757266.8490872316,1661501.5999030136,1640934.5304515767,1593017.642034028
2020-10-29,1552686.7021600371,1755215.8545370256,1659966.4024020073,1637845.7344297064,1590456.825234548
2020-10-30,1520263.4247612362,1739850.0599872477,1648072.2049011972,1627702.0384160075,1581569.708449465
2020-11-02,1530239.8473642112,1747146.9654378982,1655690.107400583,1634774.34241048,1588184.7916787798
2020-11-03,1548411.1699689627,1766706.0708889773,1668473.109900166,1645601.446413125,1597647.2749224936
2020-11-04,1561594.2925754904,1789752.7442604846,1683307.2018399453,1654047.241923943,1605552.2236606074
2020-11-05,1588673.115183795,1804189.5502521354,1694694.3030110053,1663444.3657017506,1614461.726334355
2020-11-06,1589385.7377938759,1797592.5562442571,1694812.604182158,1662764.5895442946,1613813.0290083124
2020-11-09,1623946.8604057338,1820367.3622368497,1710356.005353402,1672876.61345158,1623217.33168248
2020-11-10,1614326.7830193685,1808465.6682299129,1697095.5065247384,1666184.2374236125,1617155.2343568578
2020-11-11,1597580.7056347802,1804894.2742234475,1694442.5076961666,1664097.8614603966,1615056.1370314457
2020-11-12,1596511.8282519698,1807560.580217453,1695791.1088676874,1665239.1855619375,1616039.7397062439
2020-11-13,1578340.5508709361,1797794.6862119292,1688736.7100392997,1659717.6097282404,1610613.142381252
2020-11-16,1597224.47349168,1814620.892206877,1702261.7112110043,1668468.5339593105,1618588.345056471
2020-11-17,1594017.7961142017,1809737.9982022955,1699766.3123828007,1666213.8582551526,1616436.7477318996
2020-11-18,1591523.7187385012,1805168.8041981854,1696280.0135546897,1663932.782615772,1614266.6504075385
2020-11-19,1606488.3413645783,1804136.3101945464,1694430.4147266704,1663395.7070411737,1614002.453083388
2020-11-20,1611832.8639924338,1807687.0161913785,1697878.5158987432,1665578.931531363,1615947.5557594474
2020-11-23,1632498.2866220674,1816832.7221886818,1708060.4170709085,1674078.7560863446,1624157.1584357175
2020-11-24,1621096.7092534797,1817847.6281864569,1700920.6182431658,1670652.880706124,1620833.7611121978
2020-11-25,1599006.1318866701,1814005.334184703,1692905.419415515,1664910.8053907058,1615375.863788888
2020-11-26,1601500.254521639,1814021.1401834204,1692757.820587956,1665250.1301400955,1615867.566465789
2020-11-27,1626797.5771583873,1819334.6461826093,1698639.4217604897,1670427.7549542983,1621106.6691429003
2020-11-30,1617890.0997969138,1814668.6521822696,1689137.4229331154,1664274.779833319,1615343.171820222
2020-12-01,1657439.4224372194,1827014.2581824013,1699529.3241058332,1669826.7047771623,1620584.8744977538
2020-12-02,1653520.1450793045,1827780.7853430046,1703261.7019586433,1670334.3291658342,1620822.7427154963
2020-12-03,1652807.5677231688,1823584.547759811,1702343.5331537125,1670182.50800314,1620226.3510802907
2020-12-04,1656726.8903688127,1822047.4102993994,1702277.5643905257,1671449.3869566603,1621365.6594457428
2020-12-07,1641049.7130162364,1811303.87296178,1692660.9956690862,1664099.6660264037,1613798.4678118522
2020-12-08,1635348.9356654396,1808978.9357469627,1694676.426989397,1665159.9452123798,1614331.2761786191
2020-12-09,1613970.9583164223,1802980.6986549566,1686589.8583514616,1660593.7245145978,1609561.9845460434
2020-12-10,1610407.9809691855,1798527.0616857717,1682668.6897552835,1658207.3039330665,1607621.7929141254
2020-12-11,1590455.2036237288,1792786.3248394171,1677565.7212008655,1653777.0834677953,1603059.4012828646
2020-12-14,1606132.426280052,1790610.488115903,1675253.7526882112,1652795.3631187933,1601938.109652262
2020-12-15,1611476.9489381562,1788968.7515152388,1676740.584217324,1654657.3428860696,1603431.8180223168
2020-12-16,1615039.9715980408,1796218.5150374344,1682076.5157882066,1657375.1227696333,1605913.4263930293
2020-12-17,1640337.294259706,1804715.7786824994,1690691.047400863,1662639.1027694934,1611368.3347643996
2020-12-18,1630004.6169231522,1807077.0424504431,1693635.3790552958,1663011.0828856595,1611612.6431364282
2020-12-21,1646038.1395883793,1812560.2063412757,1700900.510751509,1669413.8631181403,1617743.0515091142
2020-12-22,1618603.0622553877,1796687.2703550062,1684842.9424895053,1659475.243466945,1607639.0598824583
2020-12-23,1633211.3849241775,1801091.634491645,1687911.9742692881,1663155.6239320831,1611429.0682564606
2020-12-24,1633211.4075947485,1799756.298751201,1687738.4060908612,1660856.0045135631,1608973.2766311208
2020-12-25,1648176.030267101,1806271.6631336845,1694340.8379542269,1665256.4852113947,1613340.5850064391
2020-12-28,1653164.2529412354,1807710.127639105,1694594.0698593894,1662542.8660255868,1610572.693382416
2020-12-29,1647463.4756171515,1808894.692267472,1691943.0018063516,1662841.2469561487,1610783.8017590505
2020-12-30,1670266.6982948496,1811748.2295787951,1695211.323715117,1667622.5434030893,1615110.8048563434
2020-12-31,1709103.4209743298,1819918.0363865755,1704042.7241099053,1674455.1449074724,1621263.3317956433
2021-01-04,1725849.5436555922,1818585.6431948908,1708071.6245047245,1675707.846411974,1622069.4587370602
2021-01-05,1761123.2663386373,1814300.1500037413,1708978.8248995752,1676988.4479165936,1623139.285680594
2021-01-06,1778581.9890234645,1817560.4568131268,1713131.6252944567,1681049.9494213315,1627060.2126262453
2021-01-07,1820269.1117100748,1827026.4636230476,1718465.025689369,1683457.3509261876,1629597.4395740142
2021-01-08,1810292.734398468,1835581.2704335034,1720635.9260843126,1688437.5524311622,1634222.0665239007
2021-01-11,1787845.8570886438,1826008.9772444943,1705312.1264792872,1680361.0539362547,1626879.3934759053
2021-01-12,1844853.8797806026,1837752.8840560205,1718760.8268742927,1689641.5554414657,1635297.1204300276
2021-01-13,1837015.302474345,1836910.890868082,1718405.1272693293,1689171.656946795,1635005.3473862682
2021-01-14,1800316.4251698707,1834943.497680679,1713604.9276643968,1689350.4584522427,1635455.574344627
2021-01-15,1794259.3478671801,1831547.604493811,1713153.1280594957,1688326.4599578085,1634177.3013051045
2021-01-18,1815281.070566273,1833422.5113074784,1715403.4284546254,1691658.9614634926,1636844.7282677006
2021-01-19,1788558.5932671495,1832999.318121682,1712904.0288497861,1694572.062969295,1639367.3552324157
2021-01-20,1799247.6159698104,1837368.2249364203,1716853.9292449781,1700412.164475216,1644773.0821992496
2021-01-21,1832739.838674255,1856017.9317516943,1731108.729640201,1708674.5659812551,1652750.509168203
2021-01-22,1833808.761380484,1851464.5385675041,1726450.530035455,1705400.6674874127,1649853.9361392756
2021-01-25,1857324.584088497,1854491.1453838493,1726224.23043074,1709045.1689936887,1653393.0631124675
2021-01-26,1814568.606798295,1839379.8522007305,1714705.930826056,1696134.8705000828,1641335.7900877793
2021-01-27,1818131.6295098776,1845545.559018147,1716502.6312214034,1698271.0720065953,1643410.417065211
2021-01-28,1769674.852223245,1814259.0477960992,1694815.6111767816,1679820.9157332266,1625321.4114447627
2021-01-29,1756491.7749383973,1809947.8047372138,1691976.6459180787,1676208.8242137781,1621458.6178817686
2021-02-01,1778938.6976553344,1813937.2617456708,1699710.4806856816,1681823.1326949962,1627091.9243192808
2021-02-02,1807442.7203740568,1832183.918821476,1708820.9154795923,1691304.8411768808,1637049.9307572986
2021-02-03,1805304.9430945646,1835980.6759646344,1706744.2502998125,1691285.2496594319,1637199.7371958224
2021-02-04,1801385.665816858,1829733.2331751508,1700521.9851463444,1686167.6581426496,1632150.7436348523
2021-02-05,1804236.0885409368,1840297.5904530315,1703593.7200191906,1687054.866626534,1633140.3500743879
2021-02-08,1829889.7112668017,1846790.0477982815,1710970.0549183525,1690715.575111085,1636837.4565144298
2021-02-09,1879059.1339944522,1858233.8052109058,1723485.5898438327,1697960.683596303,1644126.8629549777
2021-02-10,1920033.6567238888,1869286.7626909097,1733620.7247956328,1706519.1920821876,1652994.8693960318
2021-02-18,1904712.7794551118,1874252.020238299,1731723.3597737548,1708985.300568739,1655806.975837592
2021-02-19,1916114.4021881209,1882315.477853078,1738790.1947782012,1712971.9090559573,1659605.9822796586
2021-02-22,1842360.3249229167,1874265.835535253,1735603.0298089744,1709902.217543843,1655563.9887222312
2021-02-23,1837015.847659499,1865872.9932848287,1732290.1648660754,1707761.1260323955,1653290.89516531
2021-02-24,1784639.7703978678,1847927.351101811,1718208.399949507,1696100.534521615,1640894.2016088958
2021-02-25,1802811.0931380237,1866221.0089862044,1728517.235059271,1703896.7430115016,1648879.8080529873
2021-02-26,1749722.415879967,1830517.1669380146,1700044.9701953698,1679960.6515020553,1624687.8144975854
2021-03-01,1781433.138623697,1848441.6249572472,1711844.6053578053,1689345.759993276,1634310.12094269
2021-03-02,1756848.4613692143,1852964.3830439067,1708714.7405465795,1691495.0684851645,1636394.6273883006
2021-03-03,1794259.9841165193,1866099.2411979993,1722502.175761694,1699775.7769777202,1644717.0338344183
2021-03-04,1734757.906865612,1841561.3910995296,1704083.6572431517,1684626.3991509432,1629139.2788410424
2021-03-05,1727275.6296164922,1831032.6534545817,1695078.399548602,1680602.5048142055,1624953.593382146
2021-03-08,1661003.85236916,1826122.3159245527,1690054.1418730938,1677111.8105093467,1621246.7079636846
2021-03-09,1625017.575123616,1818698.978509452,1682032.9842166281,1670338.8162363698,1614526.6225856612
2021-03-10,1632499.8978798606,1824900.9412092883,1687271.0265792075,1673636.8219952767,1617408.8372480797
2021-03-11,1678462.6206378932,1844578.3040240707,1704547.2689608329,1686208.0277860698,1630571.3519509428
2021-03-12,1683094.5433977142,1851157.1669538084,1706013.0113615058,1687068.9336087524,1631830.166694254
2021-03-15,1646751.966159324,1848947.8299985104,1706087.1537812275,1685542.4394633265,1630330.7814780162
2021-03-16,1658509.888922722,1857300.4931581856,1710856.29622,1689056.4453497946,1634016.5963022327
2021-03-17,1666704.8116879093,1855428.2564328432,1710952.4386778243,1689907.651268159,1634675.7111669064
2021-03-18,1680956.8344548855,1859798.2198224922,1715772.5811547025,1694348.257218423,1639135.5260720407
2021-03-19,1631431.157223651,1836394.8833271414,1699311.9236506354,1682065.963200588,1626629.741017639
2021-03-22,1651740.2799942056,1846010.6469468002,1705441.266165625,1686826.2692146576,1631696.3560037042
2021-03-23,1635706.8027665494,1844746.8106814774,1703554.6086996724,1684428.1752606337,1628922.1710302394
2021-03-24,1608628.0255406832,1833173.7745311821,1693236.4512527797,1678049.1813385186,1621935.3860972482
2021-03-25,1607202.8483166064,1829566.1384959235,1692732.593824948,1677427.2874483154,1621245.3012047333
2021-03-26,1644258.0710943195,1843935.5025757102,1702758.5364161786,1684241.293590026,1628658.8163526983
2021-03-29,1647821.0938738226,1851412.1667705518,1708660.9790264731,1686740.9997636536,1631462.431541146
2021-03-30,1663498.3166551162,1857437.131080457,1709934.5216558333,1689640.2059692,1634567.2467700797
2021-03-31,1650315.2394381994,1853229.3955054348,1703712.4643042607,1686337.0122066683,1631310.9620395028
2021-04-01,1672405.8622230734,1868664.3947654944,1718461.9394917563,1696143.4847360605,1640669.023989418
2021-04-02,1689864.5850097379,1875626.8866098726,1725439.2590075005,1701994.6092991913,1646271.6951466617
2021-04-06,1679888.2077981932,1882597.8785243365,1726540.178524779,1703408.0338799693,1648022.6663487896
2021-04-07,1667417.7305884392,1882285.9705088912,1727855.6980435909,1702869.858478396,1647706.0375958055
2021-04-08,1671337.0533804763,1886185.8625635426,1729999.4175639367,1704156.0830944728,1648985.7088877128
2021-04-09,1646039.776174304,1884088.454688296,1728671.6370858166,1703349.9077282008,1648512.9802245148
2021-04-12,1616110.5989699233,1885113.646883157,1726674.9566092305,1702344.5323795818,1648093.9516062154
2021-04-13,1613616.521767334,1881373.839148131,1720886.7761341785,1701075.6570486168,1646814.923032818
2021-04-14,1623592.9445665365,1888888.531483224,1728192.3956606614,1706273.8817353076,1651802.9945043263
2021-04-15,1613616.5673675302,1884163.6238884407,1725377.4151886783,1704197.6064396554,1649827.8660207433
2021-04-16,1619317.390170316,1895047.6163637869,1735378.7347182303,1711577.6311616616,1657010.8375820732
2021-04-19,1664211.2129748936,1903948.1089092686,1745191.7542493164,1716208.4559013275,1661086.1091883192
2021-04-20,1661360.8357812634,1895938.7015248907,1738484.173781938,1712244.2806586546,1657085.3808394845
2021-04-21,1665636.4585894258,1892782.394210659,1740280.393316094,1712316.2054336441,1657084.7525355734
2021-04-22,1664211.28139938,1897210.286966579,1742605.9128517853,1714054.030226298,1658879.9242765887
2021-04-23,1682382.604211127,1895289.879792656,1743047.4323890118,1715902.8550366168,1660218.8960625345
2021-04-26,1659579.4270246667,1895349.872688896,1739012.4519277734,1713844.6798646022,1658632.167893414
2021-04-27,1664211.3498399989,1897665.7656553038,1739578.971468071,1714020.304710256,1658880.7397692306
2021-04-28,1677750.7726571243,1898401.4586918857,1739305.191009904,1713574.229573579,1658285.811689988
2021-04-29,1694140.5954760425,1905747.5517986468,1745814.2105532726,1716973.354454573,1661564.88365569
2021-04-30,1678107.1182967543,1897799.5702555925,1738311.176178177,1713523.7989932394,1658147.6644663399
2021-05-06,1654235.0411192593,1891081.5413398708,1739803.378415976,1712734.6063880033,1656816.6768878268
2021-05-07,1632500.7639435579,1892240.6124454523,1743486.9806539505,1713731.5137833483,1657874.0893102898
2021-05-10,1632144.48676965,1900901.3835723386,1751113.182892101,1717178.5211792744,1661389.201733729
2021-05-11,1641408.309597536,1887814.1547205315,1744469.2851304275,1712011.928575782,1655348.5141581446
2021-05-12,1652453.6324272156,1889157.4258900327,1747132.8873689296,1714335.9359728706,1657573.0265835365
2021-05-13,1632857.1552586895,1869858.0970808433,1732526.189607608,1703799.5433705405,1646569.439009905
2021-05-14,1677750.978091958,1885712.2682929656,1745198.691846462,1711638.3507687917,1655005.7514372498
2021-05-17,1699485.3009270204,1894689.7395264013,1753847.594085492,1718071.0581676248,1661676.9638655714
2021-05-18,1700197.9237638772,1898052.9107811516,1757924.9963246982,1721145.5655670387,1664883.3762948695
2021-05-19,1695209.7466025287,1885135.7820572187,1751389.1985640805,1717610.3729670343,1660610.4887251446
2021-05-20,1700197.9694429755,1881556.4533546038,1747808.3008036383,1717360.6803676116,1660272.4011563964
2021-05-21,1680601.4922852167,1888875.5246733092,1750720.4030433723,1721149.6877687701,1664460.013588625
2021-05-24,1690577.915129253,1889673.3960133356,1752666.4052832823,1721818.9951705106,1665127.3260218306
2021-05-25,1749011.1379750848,1907418.9673746857,1765104.8075233684,1727343.0025728326,1671144.0384560134
2021-05-26,1749367.4608227115,1908715.4387573604,1769994.9097636302,1730090.5099757363,1673702.7508911733
2021-05-27,1756137.1836721338,1907303.510161362,1768658.0120040686,1728654.4173792219,1672161.2633273106
2021-05-28,1750792.706523352,1907669.2815866915,1766053.8142446827,1727682.8247832889,1671337.6757644247
2021-05-31,1752930.5293763655,1905684.253033351,1766865.016485473,1727268.4321879381,1671094.7882025165
2021-06-01,1755780.9522311753,1911015.8245013424,1773209.5187264392,1732397.7395931692,1676091.900641586
2021-06-02,1740460.0750877813,1905765.1345506667,1764784.1706475818,1727046.0831189821,1670468.6265616326
2021-06-03,1725851.7979461828,1906552.2183635612,1763509.829423505,1725479.3903710456,1668740.645644144
2021-06-04,1737609.7208063812,1905274.9021909006,1760683.0882433397,1724024.2976236793,1667223.1647281547
2021-06-07,1735471.9436683757,1910224.486032686,1763953.9471070892,1726047.6048768826,1669153.3838136652
2021-06-08,1720507.3665321672,1907403.0698889187,1762331.3060147571,1725224.812130656,1668370.6029006755
2021-06-09,1723357.7893977552,1910422.6537595997,1764623.8649663466,1725784.2193849992,1668898.221989186
2021-06-10,1735472.0122651402,1912174.8376447302,1766367.6239618615,1727523.626639913,1670751.1410791965
2021-06-11,1718013.3351343218,1913193.4215443109,1767382.2830013046,1728179.6338953965,1671317.8601707069
2021-06-15,1696991.6580053011,1913797.705458344,1760477.64208468,1724041.4411514504,1666402.779263718
2021-06-16,1671694.3808780778,1906964.9893868295,1755452.6012119912,1720559.4484080744,1662929.5983582295
2021-06-17,1675613.7037526518,1903807.3733297691,1749317.060383241,1717426.0556652688,1659607.917454241
2021-06-18,1677395.226629023,1912158.257287164,1750680.7195984335,1721746.9629230334,1663213.3365517536
2021-06-21,1674901.1495071924,1905033.5412590152,1747415.6788575717,1720130.5701813682,1661940.955650767
2021-06-22,1684164.9723871595,1916840.8252453238,1755834.1381606592,1725753.1774402736,1667311.7747512811
2021-06-23,1695210.2952689244,1930571.3092460907,1765445.6975076995,1733760.9846997494,1674874.1938532966
2021-06-24,1699842.2181524877,1931633.5932613176,1765616.7568986963,1732387.2919597959,1673476.6129568128
2021-06-25,1728702.5410378496,1939824.577291005,1772100.2163336528,1737911.2992204123,1678846.7320618306
2021-06-28,1731909.2639250096,1937512.2613351548,1769809.7758125723,1738035.5064815998,1678916.1511683494
2021-06-29,1712669.0868139684,1935289.045393767,1765525.1353354584,1735292.9137433579,1675920.97027637
2021-06-30,1723714.4097047255,1942482.6294668443,1768767.5949023147,1737884.9210056865,1678190.189385892
2021-07-01,1723001.832597282,1942517.4264343865,1771896.9801931444,1736867.867268586,1677220.9706769157
2021-07-02,1672763.5554916372,1933532.5667210114,1762664.0138246205,1730567.1703151097,1671358.7803327006
2021-07-05,1675257.6783877914,1939889.107081529,1767195.9474744564,1733039.9733618726,1673928.1899892446
2021-07-06,1677751.8012857453,1941926.3475159449,1771361.2811426537,1734898.1764088746,1675607.2996465473
2021-07-07,1696635.7241854984,1948029.0880242647,1775942.9148292136,1738029.4794561167,1678702.009304609
2021-07-08,1680958.547087051,1939277.128606494,1768160.848534138,1731978.8825035978,1672855.4189634295
2021-07-09,1672407.3699904035,1940484.8692626392,1770071.282257428,1735199.1855513188,1676070.128623009
2021-07-12,1696635.792895556,1949923.0099927057,1776168.2159990852,1741568.288599279,1682370.3382833477
2021-07-13,1702336.6158025083,1955790.1507966993,1782633.049759111,1748934.591647479,1689506.0479444456
2021-07-14,1682027.5387112605,1953141.791674626,1780674.2835375066,1746935.4946959182,1687613.9576063026
2021-07-15,1706255.9616218135,1960578.3326264916,1789225.3173342738,1751314.697744597,1691712.0672689192
2021-07-16,1688084.6845341665,1956220.2736523019,1786099.151149414,1749755.4007935158,1690244.2769322947
2021-07-19,1695923.3074483203,1952255.4147520626,1782061.8849829282,1744121.3038426738,1684692.7865964298
2021-07-20,1691291.4303642747,1947632.1559257796,1780818.4188348185,1742598.8068920714,1683083.1962613242
2021-07-21,1705187.1532820298,1954252.9971734588,1783962.452705086,1746792.7099417087,1687332.3059269786
2021-07-22,1706968.676201586,1962551.2384951054,1787449.2865937322,1751513.7129915857,1692194.015593392
2021-07-23,1688441.0991229436,1961303.9798907265,1786296.8205007585,1750630.9160417025,1691456.5252605653
2021-07-26,1626088.622046102,1951973.3213603266,1775836.8544261663,1741324.619092059,1682733.4349284985
2021-07-27,1564448.744971062,1935440.0629039118,1758107.5883699572,1725890.122142655,1668029.744597191
2021-07-28,1568011.767897824,1928471.5045214884,1755828.1223321324,1722892.1251934909,1664680.0542666435
2021-07-29,1599009.890826387,1936412.6216130622,1763714.4031126937,1731371.1192645666,1672666.120456856
2021-07-30,1586895.7137567524,1932613.5097706101,1764302.0882498806,1729548.0632231128,1670866.1009890055
2021-08-02,1630008.0366889194,1946187.098037246,1770777.9734173333,1738174.507318708,1679013.0815667761
2021-08-03,1630720.6596228885,1938860.6864129785,1764956.4586150544,1733639.0515513632,1674745.0621901713
2021-08-04,1646397.88255866,1947037.5748978166,1771826.4438430464,1739946.7959210887,1680553.942859195
2021-08-05,1635708.905496234,1942242.9634917688,1767573.8291013113,1736166.740427895,1677149.1235738501
2021-08-06,1630008.1284356106,1946731.8521948438,1768370.6143898517,1738240.6850717936,1679246.304334141
2021-08-09,1649604.6513767897,1953230.4410070498,1767850.6997086704,1736302.3298527948,1676832.0851400709
2021-08-10,1669913.774319772,1956789.0299283955,1769612.785057769,1738711.6747709096,1678791.1659916432
2021-08-11,1660293.6972645568,1961004.8189588892,1773724.07043715,1741318.319826149,1680997.846888862
2021-08-12,1648892.1202111447,1963096.8080985402,1778264.3558468164,1743914.8650185228,1683586.7278317304
2021-08-13,1639272.043159536,1965242.0973473564,1779594.14128677,1745642.9103480428,1685659.708820252
2021-08-16,1638203.166109731,1965594.7867053468,1782288.0267570135,1745409.1558147199,1685557.6898544307
2021-08-17,1598297.5890617291,1956859.6761725198,1776087.9122575491,1739918.6014185634,1681137.17093427
2021-08-18,1617181.5120155313,1961221.5657488839,1781134.3977883793,1743303.9471595858,1684014.6520597732
2021-08-19,1605067.3349711369,1947633.9554344479,1772419.3833495062,1735406.693037797,1676279.2332309443
2021-08-20,1573000.3579285468,1948722.54522922,1772208.1689409327,1735153.039053208,1676614.6144477867
2021-08-23,1598653.9808877604,1963391.7351332095,1781114.5545626606,1743222.0852058292,1684413.495710304
2021-08-24,1617181.6038487789,1975721.4251464242,1791538.4402146928,1752213.4314956719,1692913.6770184997
2021-08-25,1622169.8268116012,1980092.5152688732,1794707.6258970313,1754261.7779227467,1694614.0583723774
2021-08-26,1591884.3497762282,1977480.6735805646,1791546.7859296787,1749806.4131270645,1690647.4409319411
2021-08-27,1596516.2727426603,1982801.496546222,1798867.2526019444,1754816.118932139,1695666.0461060468
2021-08-30,1590102.8957108965,1988544.0195451174,1803191.6193501758,1758949.7248712645,1699924.0512805593
2021-08-31,1589390.318680938,2005356.5425772548,1815440.786174379,1768712.1309444509,1709753.8564554784
2021-09-01,1614331.3416527845,2008224.465642636,1818715.3530745604,1769810.937151709,1710471.061630804
2021-09-02,1612906.1646264363,2015847.0887412634,1826408.8200507255,1774679.7434930494,1716066.2668065364
2021-09-03,1603286.0876018936,2011789.3118731403,1822530.18710288,1772585.4499684826,1713762.2719826757
2021-09-06,1633215.3105791565,2020589.435038269,1831893.2542310306,1777326.256578019,1718601.3771592216
2021-09-07,1655662.2335582247,2034741.358236652,1843740.221435183,1785256.1633216692,1727091.4823361745
2021-09-08,1648179.9565390989,2036201.281468292,1842608.4887153427,1784168.9701994439,1726599.887513534
2021-09-09,1647467.3795217793,2046321.9047331917,1852024.256071516,1785969.6772113529,1729434.4926913003
2021-09-10,1664926.1025062653,2040726.3280313537,1848811.1235037094,1785447.4843574078,1728316.2978694737
2021-09-13,1655306.0254925576,2044038.4513627808,1852241.491011928,1784232.1916376187,1727932.1030480538
2021-09-14,1631790.2484806566,2028377.874727475,1839206.3585961787,1775787.8990519962,1719179.2082270412
2021-09-15,1612906.371470562,2019842.1981254392,1833442.8262564666,1772508.9066005505,1716100.2134064354
2021-09-16,1592953.594462274,2016005.4215566765,1826538.693992798,1766007.8142832925,1709573.5185862368
2021-09-17,1606849.3174557933,2011044.345021189,1817929.2618051788,1764163.6221002326,1706969.6237664449
2021-09-22,1595091.4404511189,2003482.4685189791,1820584.7296936153,1761476.5300513816,1705095.62894706
2021-09-23,1605424.1634482516,2010257.19205005,1821898.597658113,1764571.9381367497,1708201.4341280826
2021-09-24,1607918.2864471916,1998291.015614404,1808617.5656986784,1757310.2463563476,1700203.0393095121
2021-09-27,1619319.9094479391,1993899.139372044,1803298.841255317,1754132.9659101858,1696534.052651349
2021-09-28,1616113.2324504943,1994680.46789412,1805549.2754408703,1751906.1151403117,1694681.4557235285
2021-09-29,1604355.3554548568,1975937.5965991828,1792039.3098412892,1743473.4643821646,1686152.9588509593
2021-09-30,1609343.5784610272,1981307.2254872469,1794836.2444565906,1746187.513635746,1688970.4620336448
2021-10-08,1634640.9014690055,1982611.054558326,1799661.6792867917,1747191.1629010565,1689777.26527159
2021-10-11,1634284.624478792,1981715.2838124356,1800044.7143319093,1745576.4121780968,1688206.9685647993
2021-10-12,1615757.0474903868,1967065.4132495893,1790502.4495919603,1736576.1614668681,1679283.6719132767
2021-10-13,1635709.8705037897,1967722.0428698016,1790115.0850669616,1738398.910767371,1680900.5753170266
2021-10-14,1626089.7935190012,1970505.172673087,1793146.72075693,1743725.660079607,1685727.4787760538
2021-10-15,1634641.0165360214,1982278.5026594598,1799826.5566618822,1749197.7094035766,1691092.4822903618
2021-10-18,1613975.6395548505,1981606.4328289346,1795748.3927818357,1744255.758739281,1686687.6858599556
2021-10-19,1630721.7625754883,1991423.3631815258,1803247.2291168068,1751621.9080867209,1693601.6894848396
2021-10-20,1625733.5855979356,1983422.6937172473,1794614.1656668128,1750639.857445897,1692307.4931650176
2021-10-21,1633572.2086221916,1990232.7244361138,1802154.8024318703,1753961.4068168106,1695558.5969004945
2021-10-22,1645330.1316482574,1986508.8553381402,1798740.1394119961,1753790.6561994627,1694921.9006912743
2021-10-25,1651387.2546761325,1986213.1864233399,1798469.9766072077,1753689.8055938538,1695021.6045373615
2021-10-26,1645330.1777058172,1988344.517691728,1798919.1140175215,1756651.8549999848,1697766.8084387605
2021-10-27,1621814.4007373117,1975072.0491433186,1785246.9516429545,1749677.9044178573,1690947.2123954755
2021-10-28,1614332.123770616,1964519.4807781258,1778225.9894835236,1747117.1538474716,1687951.216407511
2021-10-29,1625733.7468057307,1968419.012596165,1779966.0275392458,1748405.603288829,1689523.520474871
2021-11-01,1620032.9698426554,1978072.8633174498,1783592.4345101381,1753089.0556219302,1693836.0962575602
2021-11-02,1601505.3928813904,1968554.7799981502,1776570.689306162,1750556.4174843994,1691522.7161078225
2021-11-03,1594379.415921936,1976925.5966801613,1780502.4441536432,1752759.8793988815,1693585.4359596446
2021-11-04,1611125.5389642923,1984331.3133634839,1783625.6990525855,1756873.4413653796,1697779.455813027
2021-11-05,1605068.462008459,1983974.8300481173,1784492.854002993,1759614.0033838989,1700693.9756679693
2021-11-08,1603643.2850544371,1983319.8467340618,1786879.4090048699,1761332.1654544424,1702269.5955244722
2021-11-09,1602930.7081022263,1981003.1634213175,1785403.56405822,1761596.2275770148,1702586.715382535
2021-11-10,1594023.2311518262,1975029.7801098845,1781874.9191630473,1759574.9897516202,1700527.2352421589
2021-11-11,1622527.2542032376,1982933.5967997632,1794479.1743193562,1766552.5519782624,1707344.2551033432
2021-11-12,1621814.6772564608,1979575.5134909535,1791593.1295271502,1765764.2142569455,1706643.5749660884
2021-11-15,1619676.9003114954,1986043.3301834553,1794382.284786434,1767760.276587674,1708706.5948303943
2021-11-16,1618251.723368342,1981242.446877269,1792374.240097211,1767425.5389704516,1708571.5146962614
2021-11-17,1617895.4464270002,1986063.8635723945,1793816.595459486,1769814.9014052826,1710987.5345636895
2021-11-18,1602218.2694874709,1983548.280268832,1792697.1508732622,1768322.2638921707,1709278.2544326792
2021-11-19,1621814.7925497536,1997692.6969665815,1802335.506338544,1773736.0264311207,1714436.9743032302
2021-11-22,1626446.7156138483,1999156.4136656432,1800947.6618553358,1773619.9890221362,1714188.7941753427
2021-11-23,1627515.638679756,1993053.5303660175,1794418.5174236412,1766788.9516652215,1707126.4140490165
2021-11-24,1631434.9617474761,2000246.647067704,1798832.2730434642,1768551.21436038,1708769.8339242523
2021-11-25,1624665.2848170088,2001627.063770703,1798262.0287148093,1769768.977107617,1710093.7538010504
2021-11-26,1609700.7078883548,1988399.3804750147,1791052.6844376803,1764404.2399069355,1704429.77367941
2021-11-29,1607206.6309615136,1980734.243660639,1783799.7402120815,1759748.8081983405,1700047.226919332
2021-11-30,1600793.2540364857,1979644.3323707522,1782283.1960380161,1757246.6106979859,1697757.1064638032
2021-12-01,1605425.177113271,1982515.7210878371,1784256.951915489,1758238.7131978276,1698736.586030242
2021-12-02,1608988.20019187,1973969.8098118939,1780163.2078445042,1752220.315697866,1692572.5656186508
2021-12-03,1625021.7232722824,1981647.798542923,1785666.2638250655,1754244.5181981006,1694545.4452290311
2021-12-06,1623240.246354509,1977072.687280925,1785577.3198571769,1752145.820698532,1692270.5248613844
2021-12-07,1633216.6694385493,1989921.9760259006,1793291.6759408424,1757859.9231991598,1697612.6045157127
2021-12-08,1658870.2925244034,2006590.4647778498,1803487.6320760665,1767998.225699984,1707821.0841920176
2021-12-09,1688799.5156120718,2012116.353536774,1807974.9882628527,1770272.4282010049,1709900.2638903009
2021-12-10,1683455.0387015548,2004826.042302673,1802509.444501205,1767060.3307022222,1706774.1436105643
2021-12-13,1688086.961792852,2011495.331075548,1806870.6007911286,1771763.3332036359,1711472.5233528093
2021-12-14,1677041.684885964,1997144.519855399,1797938.157132626,1765636.3357052465,1705536.703117038
2021-12-15,1660651.9079808907,1991853.0086422267,1792254.313525702,1760279.0382070534,1700236.382903252
2021-12-16,1670272.0310776324,2012623.997436032,1807262.669970361,1770668.4407090573,1710465.7627114528
2021-12-17,1644262.1541761889,1992998.3862368148,1799008.9264666066,1763386.6432112574,1703176.9425416423
2021-12-20,1617539.6772765608,1975278.8750445761,1786737.6830144427,1752004.9457136544,1691973.0223938222
2021-12-21,1625022.000378748,1987012.2638593165,1793035.0396138737,1756705.148216248,1696584.3022679947
2021-12-22,1626090.9234827508,1990769.8526810363,1794165.4962649033,1759193.250719038,1699076.9821641606
2021-12-23,1639630.3465885692,2001807.5415097363,1803594.152967536,1767112.053222025,1706878.5620823225
2021-12-24,1631435.4696962032,2002157.9303454165,1802845.5097217758,1767291.4557252086,1707034.6420224817
2021-12-27,1632860.6928056532,2006144.3191880782,1805283.7406076263,1768965.6461085891,1708660.1712246398
2021-12-28,1642124.515916919,2013321.8080377216,1809338.4217673936,1772933.8479589585,1712502.3983420418
2021-12-29,1618252.4390300016,2008183.596894347,1803256.4030042654,1768729.6498094737,1708127.3254615748
2021-12-30,1631079.2621449002,2010498.5857579557,1804702.8843182472,1772063.051660134,1711425.3525832393
2021-12-31,1635354.8852616155,2014115.9746285472,1811163.065709346,1777637.9535109396,1716998.9797070352
2022-01-04,1628941.5083801467,2022483.6635061228,1815042.247177567,1778012.0553618912,1717536.7068329623
2022-01-05,1612195.4315004954,2009870.6523906826,1808098.5287229172,1768977.157212988,1708597.9339610215
2022-01-06,1592242.6546226607,1990902.6412822276,1796376.3103454015,1759279.65906423,1698987.161091212
2022-01-07,1596518.2777466436,1998113.4301807582,1799351.8920450266,1762602.3609156178,1702325.9882235348
2022-01-10,1601150.2008724432,1997536.7190862747,1801542.7738217989,1764469.8627671509,1704238.4153579897
2022-01-11,1585116.72400006,1995084.007998778,1803047.0556757236,1764173.2646188296,1703830.0424945771
2022-01-12,1603644.3471294944,2005606.8969182686,1810022.4376068078,1773256.3664706538,1712805.469633297
2022-01-13,1574784.0702607464,1999487.1858447467,1805339.7196150566,1768991.0683226236,1708308.8967741497
2022-01-14,1559106.8933938164,1982941.5747782132,1794411.8017004763,1763167.4701747387,1702184.6239171352
2022-01-17,1573715.2165287042,1984624.3637186685,1795369.0838630735,1763913.4720269998,1703099.3510622538
2022-01-18,1590105.0396654098,1991328.552666113,1802163.6661028538,1768043.073879406,1707291.4782095053
2022-01-19,1580841.262803934,1980682.7416205476,1797134.5484198232,1761850.875731958,1701258.2053588904
2022-01-20,1594380.6859442766,1980204.4305819727,1800781.1308139882,1766153.6775846556,1705429.5325104091
2022-01-21,1582266.5090864375,1965669.319550389,1793768.0132853542,1760635.1794374986,1699771.0596640613
2022-01-24,1582979.1322304169,1960836.9085257966,1791376.795833928,1759414.981290487,1698275.8868198476
2022-01-25,1545211.355376215,1933942.7808281966,1771962.820419715,1741951.8785036218,1681512.4189977676
2022-01-26,1554475.1785238322,1930968.7665765947,1770356.5279418987,1739150.8952641005,1678924.0781375815
2022-01-27,1525614.901673268,1911250.0523553065,1752754.2354646735,1721833.8120258965,1662699.4374313536
2022-01-28,1500317.6248245237,1916779.0381643353,1752582.3429880396,1723246.2287890099,1663679.2968790971
2022-02-07,1525971.2479775986,1950587.6240036823,1775186.0505119967,1742050.34555344,1681097.6564808236
2022-02-08,1518132.6711324926,1956148.209873351,1782999.958036545,1747173.7623191879,1686431.4162365454
2022-02-09,1532028.3942892067,1968662.095773343,1791659.4655616847,1757047.4790862536,1695560.2761462748
2022-02-10,1528109.1174477402,1981881.7817036607,1800631.873087416,1762957.8958546366,1701126.936210023
2022-02-11,1515282.3406080934,1959503.767664307,1786483.7806137383,1748977.6126243377,1688680.096427803
2022-02-14,1497823.6637702673,1941131.2536552842,1778039.6881406524,1741734.7293953563,1682084.9567996266
2022-02-15,1512788.286934261,1939412.739676594,1780108.5956681578,1743041.1461676927,1683173.3173255057
2022-02-16,1520270.6101000751,1953895.0257282397,1785644.503196255,1748112.2629413477,1687700.378005453
2022-02-17,1523833.6332677095,1949740.0118102229,1785753.4107249435,1748484.3797163204,1688217.6388394798
2022-02-18,1532384.856437165,1950744.8979225464,1792312.5182542237,1750848.4964926115,1691023.6998275989
2022-02-21,1526327.779608441,1949452.4840652125,1791484.6257840958,1747657.713270221,1687987.860969822
2022-02-22,1504949.8027815379,1925601.1702382236,1781438.6333145595,1736508.8300491488,1678179.7222661613
2022-02-23,1522052.225956456,1931600.1564415821,1782026.340845615,1741323.8468293953,1682155.683716629
2022-02-24,1491766.749133195,1895169.9426752909,1767517.8483772622,1726012.763610961,1668920.6453212374
2022-02-25,1504237.2723117557,1914519.628939351,1773044.3559095012,1731798.7803938447,1673118.507079998
2022-02-28,1506375.0954921376,1919195.915233766,1774534.9634423326,1733461.3971780476,1674471.7689929234
2022-03-01,1519914.5186743413,1937135.6678785381,1784900.3758957556,1740535.8591835694,1680745.917120026
2022-03-02,1507444.041858367,1929848.987137183,1785851.276365371,1738458.254296269,1679524.0183630134
2022-03-03,1497111.3650442138,1942291.4063973415,1791978.8768350233,1741367.0494557356,1682373.9196060987
2022-03-04,1478940.0882318837,1928974.2256590137,1784515.6773047124,1734093.5446619724,1675824.7208492814
2022-03-07,1426207.7114213747,1907985.7449221993,1775872.3777744386,1725814.839914984,1668569.1220925618
2022-03-08,1396991.1346126888,1874757.1641868986,1759908.1782442017,1711826.1352147732,1655337.52333594
2022-03-09,1382739.1578058254,1869128.9834531122,1755172.6787140016,1706422.6305613439,1649874.324579416
2022-03-10,1404117.1810007843,1891308.7027208395,1760853.5791838386,1711004.0259547,1653914.2258229896
2022-03-11,1414093.6041975662,1895357.6219900812,1765847.7796537122,1714478.2213948453,1657743.827066661
2022-03-14,1364211.6273961707,1879324.741260837,1751457.380123623,1701143.1168817827,1645348.72831043
2022-03-15,1293307.9505965987,1833958.7605331072,1707810.8805935706,1664471.412415517,1609655.829554297
2022-03-16,1354947.8737988498,1869867.0798068922,1730395.1810635552,1686469.0079960509,1629820.9307982617
2022-03-17,1384877.0970029242,1893409.2990821914,1749089.481533577,1704449.9036233884,1646420.632042324
2022-03-18,1394853.5202088219,1907305.9183590056,1761351.3820036352,1713640.5992975335,1655496.333286484
2022-03-21,1392715.7434165434,1919524.0376373345,1767001.6824737308,1715348.1950184894,1657276.2345307418
2022-03-22,1391290.5666260887,1925339.2569171784,1773694.682943863,1719754.2907862603,1661564.0357750976
2022-03-23,1400198.0898374578,1938834.4761985377,1778335.8834140324,1725990.7866008491,1666921.4370195512
2022-03-24,1390578.0130506512,1931992.295481412,1778261.1838842386,1724371.4824622604,1665748.3382641023
2022-03-25,1363142.9362656686,1937723.6147658017,1780718.884354482,1722184.7783704973,1663986.9395087515
2022-03-28,1354235.4594825103,1941110.934051707,1781716.784824762,1723242.5743255634,1665128.1407534983
2022-03-29,1347822.0827011766,1947577.0971391276,1783277.4304950791,1724162.906227463,1665849.094758343
2022-03-30,1391647.0059216674,1966050.4028756034,1795409.6488627763,1733540.3099293031,1674610.8214047623
2022-03-31,1380601.7291439832,1965076.4086125304,1795417.6672319174,1730144.7136314341,1671528.5480689926
2022-04-01,1398773.0523681238,1967578.314349908,1801951.6856025017,1733711.2173338563,1674582.4747510355
2022-04-06,1394497.4755940894,1971095.5200877362,1804828.2039745296,1736041.9210365692,1676715.2014508916
2022-04-07,1375969.8988218806,1952366.1258260156,1792890.9223480015,1727231.124739573,1668191.5281685633
2022-04-08,1385946.3220514967,1964434.5315647458,1802429.040722917,1732726.628442868,1673642.6549040515
2022-04-11,1338914.7452829387,1935785.5373039271,1783348.0590992768,1717395.832146454,1659347.481657358
2022-04-12,1363855.768516206,1929248.2430435594,1783770.4774770807,1719418.1358503308,1660529.8084284833
2022-04-13,1352454.1917512992,1934000.2487836427,1787571.6958563286,1720266.839554499,1661757.0352174297
2022-04-14,1368131.414988218,1951585.0545241772,1801140.2142370208,1729422.9432589582,1670597.2620241984
2022-04-15,1367418.8382269635,1936126.5602651627,1792737.3326191576,1722964.4469637084,1664124.1888487905
2022-04-18,1360292.861467535,1922210.8660065995,1783319.051002739,1717898.8506687498,1659205.2156912081
2022-04-19,1350672.7847099325,1931868.7717484876,1787277.9693877648,1719898.1543740823,1661409.8425514516
2022-04-20,1325731.8079541568,1923909.5774908266,1773042.9877742357,1712552.858079706,1654770.669429523
2022-04-21,1301503.431200208,1916263.6832336169,1767580.7061621512,1707221.161785621,1650366.4963254235
2022-04-22,1305066.4544480853,1911549.3889768587,1768324.524551512,1705838.4654918273,1648746.8232391549
2022-04-25,1236300.57769779,1863917.1947205516,1731367.8429423177,1680567.8691983246,1624509.550170718
2022-04-26,1225611.6009493219,1868739.1004646958,1728218.8613345688,1679919.9729051134,1624294.5771201146
2022-04-27,1263379.4242026808,1867234.5062092915,1733028.479728265,1683268.9766121935,1626519.104087346
2022-04-28,1272643.247457867,1881942.6916343388,1743170.2857234068,1687447.0151995646,1630144.8809124136
2022-04-29,1308273.270714881,1903105.694439164,1762500.1692345028,1702914.163473505,1644066.9349249122
2022-05-05,1302928.7939737225,1903316.7972442096,1760533.1527521615,1702563.8117748145,1643601.0890045231
2022-05-06,1268367.7172343915,1867989.4000494753,1735440.0362763836,1687117.9601034953,1629917.7431512522
2022-05-09,1256966.140496889,1859689.9028549616,1731311.219807169,1685850.5084595492,1628881.997365104
2022-05-10,1272999.6637612141,1856618.0056606685,1730517.103344519,1686910.4568429787,1629718.051646084
2022-05-11,1292596.1870273675,1861191.9084665955,1732933.4868884333,1688263.805253786,1630699.905994198
2022-05-12,1285470.2102953496,1844696.1112727432,1726583.8704389133,1684590.153691973,1627699.560409451
2022-05-13,1296515.5335651597,1863230.6140791115,1737166.1539959593,1691995.2021575426,1634074.214891848
2022-05-16,1285470.256836799,1870812.6168857007,1739617.9375595713,1692502.1506504957,1634250.5694413942
2022-05-17,1302928.9801102667,1876931.01969251,1745817.92112975,1698694.2991708352,1640036.7240580954
2022-05-18,1297940.8033855634,1877751.82249954,1741818.6047064965,1698275.0477185631,1639699.5787419565
2022-05-19,1301147.5266626892,1856568.9253067903,1733184.6882898107,1691575.596293682,1633567.633492983
2022-05-20,1331076.7499416445,1867441.8281142616,1744912.3718796931,1697418.6448961934,1638658.78831118
2022-05-23,1319675.173222429,1867846.5309219535,1744512.9554761448,1697385.1935260997,1638632.9431965528
2022-05-24,1290458.5965050429,1846631.933729866,1729701.7390791657,1687641.7421834029,1630382.2981491068
2022-05-25,1296515.7197894864,1856064.7365379988,1737015.6226887566,1693331.6908681053,1635441.453168847
2022-05-26,1300078.74307576,1866776.2393463526,1746283.7063049176,1699655.439580209,1641249.108255779
2022-05-27,1303641.7663638634,1880324.242154927,1753335.68992765,1704460.088319717,1645457.6634099078
2022-05-30,1311836.689653797,1892749.3449637222,1756546.9735569535,1707302.8370866298,1647668.2186312391
2022-05-31,1334639.9129455606,1894308.747772738,1758990.957192829,1708445.8402009509,1649269.6307997778
2022-06-01,1332502.1362391547,1895354.850581975,1758006.2408352776,1707454.7156259695,1648319.3217425223
2022-06-02,1336421.4595345794,1888166.1533914322,1755645.324484299,1706411.3911040663,1647477.8128574418
2022-06-06,1365638.0828318347,1895967.8562011104,1761788.6081398937,1710353.0666352455,1651610.80414455
2022-06-07,1367775.906130921,1894533.5590110095,1761209.3918020625,1709667.7422195112,1651128.2956038604
2022-06-08,1382740.529431838,1909534.3618211292,1773066.075470806,1716193.5178568678,1657556.2872353864
2022-06-09,1370626.3527345862,1903890.76463147,1770285.0591461246,1713697.0935473193,1655011.6790391419
2022-06-10,1391291.7760391657,1901315.4674420313,1771217.542828019,1713437.9692908698,1655339.0710151398
2022-06-13,1372764.1993455763,1866870.9702528138,1754845.0265164892,1704249.7450875237,1646717.4631633942
2022-06-14,1387016.2226538188,1869955.773063817,1755066.5102115364,1702355.9209372848,1645257.7554839186
2022-06-15,1404474.945963893,1872342.075875041,1756601.2939131607,1701635.5968401579,1644706.347976726
2022-06-16,1394854.8692757988,1861993.4786864861,1748828.6776213623,1698373.2727961463,1641429.1406418306
2022-06-17,1417301.7925895364,1860501.181498152,1752224.4613361426,1700755.2488052552,1644072.7334792456
2022-06-20,1424784.1159051068,1860530.6843100393,1750598.9450575013,1700092.1248674877,1643449.3264889843
2022-06-21,1424071.539222509,1866836.5871221472,1753344.3287854393,1702035.800982849,1645239.0196710608
2022-06-22,1406256.5625417433,1858318.989934476,1745491.6125199571,1698513.6771513424,1641506.9130254886
2022-06-23,1432979.0858628105,1873013.2927470258,1756812.7962610552,1704941.9533729728,1647979.106552281
2022-06-24,1450081.5091857102,1884255.6955597969,1762217.080008734,1708937.5296477436,1651989.8002514513
2022-06-27,1467183.932510443,1899854.498372789,1773998.7637629942,1714342.2059756597,1657234.0941230133
2022-06-28,1485711.5558370084,1904712.0011860018,1778260.347523836,1716827.182356725,1660052.4881669807
2022-06-29,1466115.0791654072,1889714.566319436,1769635.5752112602,1709970.1945709435,1653418.946583367
2022-06-30,1483930.1024956391,1890515.4697038,1772296.787697705,1710445.4132187238,1654210.2538404178
2022-07-01,1478585.6258277046,1889598.5730884303,1769789.9002637155,1709163.6318679694,1653011.961098039
2022-07-04,1488562.0491616034,1895362.1764733265,1774336.8129092986,1711842.4505186805,1655652.3683562307
2022-07-05,1484999.0724973362,1902169.5798584886,1777401.4256344608,1712668.3691708571,1656285.8756149926
2022-07-06,1463977.3958349025,1890697.583243917,1761636.9384392076,1703308.5878244995,1646961.5828743249
2022-07-07,1469678.219174303,1899450.0866296112,1763621.0513235454,1704483.6064796082,1648192.5901342279
2022-07-08,1468253.0425155377,1902743.6900155714,1764316.864287481,1704698.2251361825,1648280.297394701
2022-07-11,1441174.2658586064,1890471.4934017977,1754766.37733102,1698009.943794223,1641417.0046557449
2022-07-12,1428347.4892035096,1885696.6967882903,1752750.590454169,1695709.3624537296,1639127.8119173592
2022-07-13,1430841.6125502477,1888155.000175049,1752701.7036569344,1695704.781114703,1639154.2191795446
2022-07-14,1431197.9358988202,1879036.5035620735,1747126.6169393223,1693792.7997771425,1637444.3264423003
2022-07-15,1408038.4592492275,1875088.9069493643,1739786.3303013388,1690094.4184410486,1633399.7337056268
2022-07-18,1424428.28260147,1898306.0103369216,1756099.3437429904,1699822.3371064218,1642868.1409695244
2022-07-19,1416589.7059555475,1889363.5137247448,1750688.6572642832,1696245.2557732614,1639560.2482339928
2022-07-20,1420865.3293114603,1909024.7171128343,1760889.6708652235,1704327.8744415678,1647116.6554990318
2022-07-21,1404831.8526692085,1903462.6205011904,1752649.1845458176,1700250.9931113417,1642887.0627646418
2022-07-22,1405900.7760287921,1906316.3238898125,1756976.8983060718,1703655.5117825826,1645883.1700308227
2022-07-25,1399487.3993902118,1899235.9272787008,1754497.112145992,1701102.430455291,1643406.0772975748
2022-07-26,1409820.122753467,1904652.7306678554,1760727.626065585,1705925.0491294663,1648390.6845648978
2022-07-27,1401268.9461185583,1903878.0410172765,1758954.4371648568,1704594.7779851095,1647123.996932792
2022-07-28,1402337.8694854858,1913519.8419006513,1766780.1081351934,1709077.3788320967,1651158.4019462704
2022-07-29,1381316.1928542496,1922425.1427840954,1772147.579142541,1712422.9796791505,1654437.3069601427
2022-08-01,1387729.6162248496,1926446.2436676088,1775109.3501869023,1715981.8805262712,1657862.9119744087
2022-08-02,1362432.3395972864,1913878.2445511918,1766095.5212682812,1709983.3813734583,1652444.816989069
2022-08-03,1346398.8629715599,1906970.7454348442,1758707.9923866796,1705938.8822207118,1648727.6220041236
2022-08-04,1357444.1863476704,1921990.646318566,1767409.1635421012,1712878.383068032,1655185.827019572
2022-08-05,1380603.7097256177,1928453.6472023572,1774442.0347345483,1717785.3839154188,1659488.2320354145
2022-08-08,1375615.5331054023,1931290.6480862182,1775549.505964024,1717844.0847628722,1659680.7370516513
2022-08-09,1378109.6564870242,1929880.5489701484,1777280.7772305312,1718045.585610392,1659752.3420682824
2022-08-10,1362076.1798704835,1918827.8498541478,1770495.748534073,1713271.0864579787,1655485.9470853074
2022-08-11,1393430.6032557802,1945253.750738217,1785842.619874652,1723857.5873056317,1665228.752102727
2022-08-12,1393786.9266429148,1945607.2516223558,1788835.4912522712,1725595.8881533516,1666703.357120541
2022-08-15,1390223.950031887,1959400.852506564,1797181.262666934,1732751.989001138,1673641.262138749
2022-08-16,1386660.9734226977,1967437.6533908413,1801389.6341186424,1735504.289848991,1676394.3671573515
2022-08-17,1401269.2968153465,1970256.3542751886,1803156.8056074004,1736901.4906969105,1677728.8721763485
2022-08-18,1388086.2202098335,1958772.055159605,1794220.5771332097,1731999.391544897,1673363.6771957397
2022-08-19,1377397.2436061588,1961354.156044091,1796029.348696074,1732145.89239295,1673515.8822155255
2022-08-22,1387017.3670043226,1957919.456928647,1796233.6202959963,1732814.0932410695,1674142.3872357055
2022-08-23,1382029.1904043257,1947765.9578132718,1792095.191932979,1729137.1940892555,1670689.5922562804
2022-08-24,1354594.1138061674,1937348.1637379664,1783835.1122470254,1722301.7343975084,1663914.5131572497
2022-08-25,1367420.937209848,1954905.6867021886,1797250.1902795287,1731164.636584873,1673065.1311699522
2022-08-26,1365283.1606153678,1954695.409707508,1795689.3683574563,1731463.3387724094,1673474.2491840704
2022-08-29,1356375.684022727,1934164.0327539276,1784385.8464808124,1724312.2409601177,1665645.2671996043
2022-08-30,1353169.0074319257,1933078.855841451,1783554.6246496004,1724415.243147998,1665720.6852165537
2022-08-31,1353169.0308429638,1925736.9789700813,1777522.5028638237,1719211.6453360503,1660335.203234919
2022-09-01,1341054.8542558418,1914791.1021398215,1770883.1811234856,1712776.4475242745,1653692.4212547007
2022-09-02,1332859.9776705597,1919056.8253506746,1771862.1594285904,1714437.0497126703,1655581.239275898
2022-09-05,1332147.4010871176,1922674.4486026445,1779411.7377791412,1718042.6519012384,1659064.1572985118
2022-09-06,1342480.1245055157,1932530.0718957342,1788912.3161751414,1724058.6540899784,1665092.175322542
2022-09-07,1345330.5479257542,1927061.6952299466,1784444.894616595,1721256.7562788904,1662106.6933479882
2022-09-08,1338917.1713478335,1934906.5186052856,1789033.6731035055,1723359.8584679745,1664648.0113748512
2022-09-09,1359582.5947717528,1946572.8420217538,1798121.351635876,1729181.3606572307,1670525.329403131
2022-09-13,1364570.8181975132,1959558.6654793546,1803155.330213711,1732173.962846659,1674109.9474328272
2022-09-14,1348181.0416251144,1926477.4889780912,1782638.408837013,1717555.665036259,1658698.4654639403
2022-09-15,1334997.9650545567,1926007.012517967,1780643.9875057861,1714335.767226031,1655736.0834964707
2022-09-16,1302930.9884858404,1897398.7360989854,1757904.266220034,1699873.5694159756,1641104.7015304177
2022-09-19,1299011.7119189652,1895680.7597211492,1757711.8449797602,1698330.571606092,1639546.4195657822
2022-09-20,1299724.3353539314,1904964.1833844616,1763226.223784968,1703780.2737963805,1645195.637602564
2022-09-21,1289035.3587907397,1900811.8070889264,1762209.0026356615,1702500.5759868415,1643801.4556407633
2022-09-22,1278702.6822293894,1889894.6374345461,1756343.1948118438,1697774.726937474,1638477.44924038
2022-09-23,1275852.305669881,1882485.9437557172,1752210.4958251817,1694120.2393481534,1635183.9671262142
2022-09-26,1266944.8291122147,1863901.6500773851,1736855.2968385995,1683157.2517598078,1624936.4850606052
2022-09-27,1284759.8525563907,1878051.25639955,1746778.797852097,1690827.1641724375,1631748.3030435562
2022-09-28,1264807.076002409,1863953.0627222115,1737343.0988656736,1682314.1765860429,1624178.0210750718
2022-09-29,1265163.3994502698,1871320.3690453696,1741944.0998793303,1683368.3890006237,1624888.0391551554
2022-09-30,1255899.6228999733,1860622.875369025,1737948.4008930668,1678453.6014161804,1620917.2572838103
2022-10-10,1227751.9463515196,1847768.2816931773,1731961.2019068827,1674863.2138327123,1618183.2754610414
2022-10-11,1226683.069804909,1846966.2880178264,1730832.802920778,1675042.2262502203,1618306.4936868513
2022-10-12,1248773.6932601412,1858577.3943429724,1740833.3039347534,1681742.038668704,1624333.211961245
2022-10-13,1237015.8167172167,1846628.2006686158,1732228.5049488086,1676371.2510881636,1619311.2302842254
2022-10-14,1268370.2401761354,1874453.8069947562,1750509.105962943,1691071.6635085994,1632547.5486557968
2022-10-17,1268013.963636898,1860858.9133213938,1741731.5069771574,1684715.6759300109,1626685.2670759629
2022-10-18,1265519.8870995042,1878860.0196485284,1750092.7079914515,1692047.3883523988,1633001.9855447274
2022-10-19,1244498.210563954,1872776.5259761603,1744571.6090058251,1687961.5007757626,1629367.4040620942
2022-10-20,1240222.6340302478,1862818.9323042894,1736600.5100202789,1681318.0132001028,1623149.5226280675
2022-10-21,1232384.057498386,1859822.1386329161,1734875.711034812,1680397.2256254198,1622425.7412426504
2022-10-24,1197466.680968368,1861567.8449620397,1733027.3120494247,1676838.7380517127,1618894.2599058473
2022-10-25,1191765.9044401944,1866921.651291661,1733633.7130641176,1677681.8504789823,1619391.7786176617
2022-10-26,1201742.3279138654,1864719.5576217796,1732539.31407889,1679272.2629072287,1620647.9973780976
2022-10-27,1192478.5513893815,1865796.6639523956,1732417.259693742,1679967.0262964515,1621399.5202071588
2022-10-28,1161836.774866742,1840641.070283509,1715406.0663702944,1667058.3286953587,1609266.6211046148
2022-10-31,1147941.0983459477,1853089.57661512,1715137.7730473718,1669000.9310944544,1611919.3220021417
2022-11-01,1197110.521826998,1867213.4829472287,1728155.479724974,1680124.8334937387,1622021.022899739
2022-11-02,1209224.7453098942,1865969.089279835,1730964.7864031007,1682090.1358932117,1623539.7237974072
2022-11-03,1198535.7687946355,1848195.695612939,1720074.9930817522,1675384.238292873,1616979.3246951455
2022-11-04,1243785.8922812224,1860460.4019465405,1733096.9997609286,1686536.7406927228,1626798.9255929545
2022-11-07,1243785.915769655,1865662.6082806399,1738785.20644063,1690854.7430927614,1630974.8264908341
2022-11-08,1235591.0392599334,1867221.6146152369,1739130.813120856,1691143.3454929886,1631510.9273887842
2022-11-09,1221339.0627520578,1866042.7209503318,1744280.3198016074,1695002.7478934044,1636212.6282868048
2022-11-10,1213856.7862460285,1857105.6272859243,1738109.4264828835,1689425.4502940087,1630649.1291848961
2022-11-11,1248774.209741845,1898270.433622015,1765504.4331646848,1706774.1526948018,1647373.3300830582
2022-11-14,1249486.833239508,1889725.9399586034,1757427.039847011,1701512.0550957837,1641793.1309812902
2022-11-15,1276209.356739018,1898716.74629569,1766104.9465298625,1710443.7574969542,1650042.9318795935
2022-11-16,1265876.6802403748,1898403.2526332745,1765154.7532132391,1709477.8598983132,1649450.332777967
2022-11-17,1259819.603743578,1893695.5589713568,1761861.659897141,1708990.1622998612,1649086.4336764112
2022-11-18,1255187.7272486282,1887754.5653099373,1757281.366581568,1706048.4647015976,1646211.334574926
2022-11-21,1243429.8507555258,1886525.071649016,1754354.3732665204,1704636.0671035228,1644994.1354735114
2022-11-22,1242717.2742642707,1885875.977988593,1754922.1799519982,1701737.569505637,1642268.3363721676
2022-11-23,1243786.1977748626,1896633.484328668,1761478.2866380012,1707312.17190794,1647570.1372708941
2022-11-24,1237372.8212873025,1903522.0922092416,1766313.2963245297,1711199.5661304316,1651106.8313096913
2022-11-25,1244855.14480159,1911409.899634906,1773703.1063988304,1712718.223808456,1652871.082539614
2022-11-28,1228821.6683177254,1899216.9070611545,1764867.816473923,1706573.3814988716,1646682.73389144
2022-11-29,1270152.4918357087,1912762.3144879865,1778806.426549807,1713286.5392016792,1654239.2853651792
2022-11-30,1271221.4153555403,1905975.1219154021,1774454.3366264831,1712294.2969168797,1653328.8369608407
2022-12-01,1287254.9388772203,1921886.6293434014,1783326.746703951,1718760.4546444747,1660252.7886784342
2022-12-02,1279060.0624007485,1915057.736771984,1779770.3567822108,1717229.9123844644,1658606.3405179693
2022-12-05,1304357.3859261253,1919237.044201151,1784672.7668612625,1719949.7701368502,1661652.492479456
2022-12-06,1312552.309453351,1911110.7516309014,1777910.8769411063,1714492.827901633,1656161.6445629029
2022-12-07,1308276.7329824255,1901096.959061236,1771768.187021742,1710266.3856788136,1651781.8967683204
2022-12-08,1311483.4565133492,1903073.3664921543,1775227.1971031702,1713599.943468393,1655112.4490957179
2022-12-09,1323597.6800461218,1908427.9739236564,1780070.9071853908,1716778.8012703727,1658812.301545105
2022-12-12,1308633.103580744,1892878.5813557429,1767594.9172684036,1710122.259084753,1651889.6541164913
2022-12-13,1304713.8271172154,1900397.5887884132,1770792.2273522085,1710169.516911535,1652282.7068098863
2022-12-14,1308276.8506555366,1907817.1962216678,1777643.0374368061,1715662.4747507202,1657805.0596252996
2022-12-15,1307564.2741957074,1897147.503655506,1768850.547522196,1710343.9326023087,1652178.4125627405
2022-12-16,1308989.497737728,1887338.8110899292,1764446.5576083786,1707407.8904663022,1649155.7656222193
2022-12-19,1288324.121281599,1875250.818524936,1756754.2676953538,1703386.5483427015,1644756.518803745
2022-12-20,1265877.24482732,1858512.2259605275,1744759.3777831218,1695949.6062315076,1636837.4721073278
2022-12-21,1264808.3683748913,1863705.633396703,1749598.3878716824,1698347.7641327211,1639459.8255329763
2022-12-22,1267658.7919243134,1865888.840273463,1749763.6046210357,1700118.0464063436,1641893.529760701
2022-12-23,1264095.8154755859,1857520.1472392536,1742796.5118249932,1695510.9507085865,1637478.1837816676
2022-12-26,1267302.539028709,1858308.5542055918,1743301.41906095,1696827.2550111678,1638706.1378147376
2022-12-27,1284048.6625836834,1868262.0611724774,1751993.2263289099,1702513.7593140872,1644305.8918599128
2022-12-28,1279416.7861405085,1862978.4681399104,1750045.8336288747,1701716.063617345,1643534.9459171933
2022-12-29,1275141.2096991849,1854244.775107891,1743658.7409608471,1698488.1679209403,1640402.1999865805
2022-12-30,1280842.0332597126,1862148.5820764194,1751044.1483248298,1703811.6722248746,1645550.7540680754
2023-01-03,1284761.356822092,1865584.4890454952,1753773.0557208252,1706464.9765291465,1648014.7081616784
2023-01-04,1286542.880386323,1868014.3960151188,1757864.863148836,1711132.0808337568,1652703.362267391
2023-01-05,1313265.4039524058,1874647.90298529,1763777.370608864,1714766.3851387056,1656397.316385214
2023-01-06,1318966.2275203406,1869943.1099560088,1759220.1781009124,1710270.3894439926,1652085.5705151483
2023-01-09,1327873.7510901273,1879025.7169272755,1767401.0856249835,1715855.1937496176,1657526.524657195
2023-01-10,1330011.5746617664,1874513.4238990902,1764256.8931810802,1713928.4980555812,1655692.578811355
2023-01-11,1330011.5982352577,1879691.1308714526,1768361.6007692046,1715281.2023618836,1657014.932977629
2023-01-12,1332149.4218106016,1883304.0378443631,1769273.7083893588,1715219.6066685237,1656845.9871560181
2023-01-13,1354240.0453877982,1888439.1448178212,1775407.1160415462,1719189.9109755028,1660837.3413465233
2023-01-16,1376686.9689668475,1895205.851791828,1783210.1237257689,1722370.71528282,1663891.595549146
2023-01-17,1375261.7925477498,1896790.0587663823,1784455.6314420293,1723941.619590476,1665401.3497638863
2023-01-18,1372055.1161305055,1897960.4657414847,1784134.0391903303,1724256.0238984702,1665668.1039907455
2023-01-19,1382031.5397151143,1891881.2727171353,1783482.546970674,1724689.028206803,1666183.258229725
2023-01-20,1390226.463301576,1899959.0164533341,1792164.1566430628,1732139.2118754745,1673572.716460825
2023-01-30,1398777.6868898917,1917754.722065592,1800053.7645203255,1738123.8181553446,1678772.9194954974
2023-01-31,1382387.910480061,1908522.0276782908,1792778.3725082257,1732424.024435708,1673252.022530408
2023-02-01,1393433.2340720843,1920681.2332914309,1801338.280606773,1740600.6307165653,1681218.1255655575
2023-02-02,1389870.2576659615,1929162.7389050117,1807637.2888159752,1745492.636997916,1685647.8286009452
2023-02-03,1374549.3812616928,1929516.3445190343,1801843.0971358416,1741367.2432797605,1681061.5316365715
2023-02-06,1354240.3048592783,1920337.8501334973,1791058.2055663806,1733306.2495620984,1672940.0346724365
2023-02-07,1357803.3284587183,1923273.255748402,1792922.8141076013,1734429.7558449302,1674082.13770854
2023-02-08,1351746.252060013,1930282.061363748,1795306.0227595123,1735377.3621282557,1674451.7407448823
2023-02-09,1370986.475663162,1931031.866979535,1798686.8315221216,1739270.4684120747,1678873.5437814626
2023-02-10,1362435.2992681658,1921286.4725957634,1791898.8403954387,1733638.874696388,1673548.546818282
2023-02-13,1373836.922875025,1925502.4782124332,1796960.649379472,1737131.5809811947,1677048.9498553402
2023-02-14,1377043.6464837391,1936247.2838295442,1803058.05847423,1740850.9872664954,1680427.2528926367
2023-02-15,1367067.2700943088,1932745.989447097,1798862.3676797221,1738036.19355229,1677514.155930172
2023-02-16,1356734.5937067338,1938188.6950650911,1799426.4769959562,1738491.7998385788,1677337.6589679462
2023-02-17,1336069.217321014,1920852.3006835268,1789073.3864229415,1731057.9061253613,1670277.762005959
2023-02-20,1373480.7409371503,1934354.206302404,1802443.8959606865,1738599.912412638,1678314.2650442105
2023-02-21,1375262.2645551425,1937062.0119217224,1805468.7056092,1739033.518700409,1678938.8680827005
2023-02-22,1361010.2881749906,1925735.2175414825,1799894.6153684903,1735254.5249886739,1675407.1711214297
2023-02-23,1361010.3117966948,1929922.5231616844,1801854.3252385668,1736030.231277433,1676089.6741603974
2023-02-24,1347114.6354202556,1928687.911902328,1800376.7188794378,1735023.0573066862,1675039.401399604
2023-02-27,1341770.1590456725,1923948.3266294198,1797141.6280791727,1731562.4696490255,1671639.9024370352
2023-02-28,1351033.9826729463,1927638.041365528,1800424.7374210837,1733591.7819923349,1673728.603474548
2023-03-01,1368492.7063020766,1930110.8561106527,1805141.8469051817,1738476.8943366143,1678179.8045121422
2023-03-02,1366711.229933064,1924541.6708647942,1803025.2565314777,1736371.9066818636,1676016.9055498182
2023-03-03,1369917.9535659084,1933084.685627954,1809310.166299983,1741061.719028083,1680573.1065875755
2023-03-06,1361010.4772006099,1942961.9004001322,1814359.776210709,1746160.2313752729,1685743.0076254143
2023-03-07,1340701.4008371688,1939679.21518133,1811124.9862636668,1742665.7437234325,1682364.4086633348
2023-03-08,1335000.624475585,1932324.2299715478,1804395.4964588676,1737414.8560725632,1677400.709701337
2023-03-09,1331437.6481158591,1933244.3447707864,1804327.706796322,1737215.9684226639,1677302.7107394205
2023-03-10,1311841.1717579907,1910695.1595790465,1791681.617276042,1726400.3807737352,1666638.6117775857
2023-03-13,1327518.3954019803,1920330.5743963285,1801372.9278980386,1732664.7931257773,1672765.3128158327
2023-03-14,1318610.919047828,1906660.389222634,1796937.138662323,1728018.80547879,1668074.9138541608
2023-03-15,1318254.642695534,1920033.9040579626,1804242.9495689056,1734110.4178327734,1674222.4148925708
2023-03-16,1301864.8663450982,1913985.5189023158,1801205.1606177986,1731204.2301877276,1671404.9159310623
2023-03-17,1309347.189996521,1929161.3337556939,1811891.2718090124,1739850.6425436528,1679989.7169696356
2023-03-20,1301508.6136498025,1917790.7486180977,1813880.5831425588,1740879.4549005493,1680666.5180082906
2023-03-21,1316829.5373049427,1927766.8634895282,1816635.8946184488,1744442.367258416,1684229.519047027
2023-03-22,1323242.9609619419,1938290.3783699856,1818782.7062366933,1746677.8796172547,1686671.4200858448
2023-03-23,1336782.3846208001,1932769.793259471,1819507.817997304,1748053.1919770644,1687678.8211247444
2023-03-24,1335000.9082815174,1932737.5788779848,1819644.2158802915,1748675.508697845,1688096.2434637258
2023-03-27,1327518.6319440943,1935002.0122539178,1816936.8663926339,1747227.0138694178,1686369.5445280382
2023-03-28,1324668.2556085307,1932939.5456953417,1814672.9169482377,1746210.319041397,1685267.5455924342
2023-03-29,1324668.2792748269,1934013.0792022613,1816106.2675471073,1748030.1242137824,1686884.0466569138
2023-03-30,1339989.2029429825,1944082.512774682,1823676.8181892454,1753451.7293865746,1692072.747721477
2023-03-31,1343552.2266129984,1948034.746412609,1828439.7688746557,1758140.0345597728,1696623.448786124
2023-04-03,1354241.2502848743,1960709.5801160473,1832843.4196033417,1761819.4397333781,1699892.7498508545
2023-04-04,1361367.2739586104,1966483.4138850023,1840227.8703753068,1766027.3449073897,1704168.8509156688
2023-04-06,1357091.6976342069,1955653.5477194786,1837736.9211905538,1763869.4500818078,1702329.2519805667
2023-04-07,1367424.4213116642,1961919.7816194822,1841790.472049087,1768362.3552566327,1706457.1530455481
2023-04-10,1362079.9449909818,1959570.3155850174,1837649.022950909,1765313.260431864,1703390.8541106132
2023-04-11,1358516.9686721603,1964997.2496160897,1842781.9738960243,1768725.5656075024,1706907.7551757626
2023-04-12,1357091.7923552,1966126.283712705,1847074.724884435,1771070.7707835473,1709564.956240995
2023-04-13,1348184.3160401008,1961777.117874867,1844723.375916145,1768416.775959999,1707223.1573063117
2023-04-14,1355666.6397268628,1966425.152102582,1848428.4269911582,1771381.0811368576,1709976.3583717118
2023-04-17,1377400.9634154863,1977746.6863958545,1855169.7781094774,1777193.186314123,1715305.6594371954
2023-04-18,1379895.0871059713,1981274.8207546899,1857090.3292711063,1777355.6914917952,1715596.260502763
2023-04-19,1368137.210798318,1978000.4551790934,1853744.8804760482,1774752.296669874,1713133.2615684145
2023-04-20,1362436.4344925266,1975972.1896690703,1852617.0317243065,1773914.2018483602,1712388.7626341495
2023-04-21,1336426.5581885972,1966598.7242246252,1843424.0830158845,1764195.4070272532,1703280.4636999685
2023-04-24,1318255.2818865299,1961099.259965764,1838136.8150907857,1759805.731966553,1699043.916345871
2023-04-25,1311485.605586325,1963371.969400669,1842182.77369004,1759281.535717567,1698869.0266496413
2023-04-26,1308278.9292879826,1960674.178836316,1841386.4324196356,1760142.0394688754,1699796.4369542217
2023-04-27,1320749.4529915028,1964212.888272704,1845910.291279582,1763472.9432204787,1702871.0472596115
2023-04-28,1334645.1766968856,1982253.3977098344,1855550.05026989,1773023.1469723769,1712355.3575658114
2023-05-04,1334645.2004041313,1986870.707147706,1868002.3093905696,1779837.15072457,1719238.0678728211
2023-05-05,1328944.4241132399,1988509.8165863194,1871619.8686416312,1782128.4544770583,1721952.1781806408
2023-05-08,1344977.9478242118,2010946.8260256744,1885324.9280230848,1792285.2582298408,1732625.4884892704
2023-05-09,1332507.471537047,2004277.3354657707,1879646.087534941,1786467.1619829184,1726682.4987987103
2023-05-10,1321462.195251746,1994935.3449066095,1872395.5471772095,1782319.5657362912,1722121.40910896
2023-05-11,1319680.7189683083,2000320.65434819,1874611.2069499013,1783773.8694899587,1723565.5194200205
2023-05-12,1301509.4426867345,1995894.4637905124,1867960.066853026,1778983.2732439213,1719260.3297318907
2023-05-15,1323956.3664070244,1999802.2732335771,1872980.1268865939,1784669.276998179,1724551.1400445716
2023-05-16,1317899.2901291784,1996456.0826773834,1868722.987050616,1780970.0807527318,1721018.8503580631
2023-05-17,1308279.213853197,1995383.7921219324,1865503.2473451016,1779239.2845075794,1719317.0606723647
2023-05-18,1307922.9375790795,2007319.9015672232,1871871.5077700613,1783645.0882627221,1723887.870987477
2023-05-19,1305785.1613068264,2014307.0110132564,1871908.5683255056,1784215.59201816,1724168.3813034003
2023-05-22,1312911.1850364383,2012370.320460032,1872753.8290114445,1785739.595773893,1725656.8916201338
2023-05-23,1292602.1087679148,2009410.4299075496,1867137.389827888,1781660.999529921,1721611.701937678
2023-05-24,1273718.2325012563,1992016.5393558098,1856077.450774847,1772449.9032862445,1712284.5122560333
2023-05-25,1270511.556236463,1993353.2176848128,1854050.8829323314,1769145.638062863,1709328.8556551991
2023-05-26,1272293.079973535,1997699.2768985564,1856136.6417910343,1770982.1417593462,1710965.25037991
2023-05-29,1266592.3037124719,2017153.336226972,1866621.5007486644,1777999.84545612,1718535.8451827911
2023-05-30,1268017.5274532747,2020231.995670069,1867580.5598052298,1780322.0491531845,1720752.6400638488
2023-05-31,1255190.751195943,2010175.8552278562,1864071.8189607381,1776609.9528505395,1717458.5350230893
2023-06-01,1258041.1749404774,2011287.5149003428,1864863.9782151969,1778450.956548185,1719135.1300605186
2023-06-02,1276925.0986868776,2020204.3746875376,1871363.6375686142,1786033.8602461212,1726175.3251761426
2023-06-05,1270511.7224351438,2028761.1345894495,1872779.697020998,1788719.363944348,1729028.620369968
2023-06-06,1257328.646185276,2024009.894606088,1870836.1565723554,1785099.9676428651,1725948.6156420005
2023-06-07,1253053.0699372753,2029818.4547374616,1875475.4162226946,1789557.1713416732,1730286.8109922463
2023-06-08,1264454.6936911407,2028270.7149835797,1876177.2759720236,1788058.975040772,1728274.706420712
2023-06-09,1270155.5174468728,2034752.0753444508,1881412.5358203498,1794327.5787401611,1734458.901927403
2023-06-12,1271580.7412044718,2038161.7358200848,1881943.495767681,1796404.6824398413,1736717.097512326
2023-06-13,1281913.464963938,2052453.9964104898,1890452.255814025,1804215.386139812,1744542.7931754868
2023-06-14,1281913.488725271,2052321.5571156754,1888122.8159593898,1803074.7898400736,1743524.6889168918
2023-06-15,1305073.0124884713,2057344.6179356505,1890288.9762037832,1806347.3935406262,1746096.1847365475
2023-06-16,1318256.1362535392,2063494.178870424,1895473.2365472128,1810628.8972414692,1750192.4806344593
2023-06-19,1307567.1600204748,2055679.8399200046,1889263.5969896864,1807011.9009426031,1746905.2766106336
2023-06-20,1305073.0837892778,2052448.301084402,1886648.6575312116,1804806.004644028,1744950.4726650768
2023-06-21,1285476.6075599492,2048211.9623636252,1880881.0181717966,1797935.0083457439,1738980.6687977947
2023-06-26,1269799.4313324883,2035521.2471976825,1870780.7722714492,1789779.5962877504,1731152.2192287936
2023-06-27,1279063.2551068952,2037885.5289925218,1875422.4925381553,1792721.3131832213,1733622.2332812925
2023-06-28,1281913.678883171,2048196.2108880908,1880712.7129714831,1797305.4300800196,1738489.6473348956
2023-06-29,1275500.3026613148,2050204.2928843976,1881231.0335714452,1796848.746978146,1738205.5613896027
2023-06-30,1283695.2264413272,2055601.3749814497,1885784.2543380542,1802268.0638776002,1743573.8754454148
2023-07-03,1299728.7502232085,2073051.2571792556,1898301.7752713235,1813111.6807783826,1754769.1895023314
2023-07-04,1302222.874006959,2067740.139477823,1895158.3963712663,1811256.9976804932,1752879.6035603525
2023-07-05,1292602.797792578,2065654.7218771593,1893746.6176378955,1809288.7145839317,1750708.0176194783
2023-07-06,1282626.421580067,2062377.1043772735,1890735.8390712247,1805518.931488699,1746865.0316797092
2023-07-07,1278707.1453694247,2060281.0869781727,1890012.3606712662,1802738.2483947948,1743763.7457410449
2023-07-10,1284407.9691606518,2057276.569679865,1890339.5824380338,1802337.5653022185,1743054.5598034854
2023-07-11,1293671.7929537487,2062445.0524823582,1893927.90437154,1806646.8822109716,1747547.5738670314
2023-07-12,1286902.1167487155,2060348.6353856605,1890998.9264717987,1804989.699121053,1746113.5879316824
2023-07-13,1309349.040545552,2075896.7183897796,1904695.648738822,1816905.2160324636,1758279.2019974384
2023-07-14,1308636.464344259,2078943.3014947232,1905474.6711726235,1816168.2329452028,1757595.3160643
2023-07-17,1298660.0881448356,2078424.5847005001,1904581.393773217,1815697.1498592715,1757254.330132267
2023-07-18,1296522.3119472829,2081833.6680071172,1906769.9165406146,1817449.266774669,1759180.7442013395
2023-07-19,1295809.7357516007,2095087.751414583,1917213.5394748293,1825189.583691396,1767326.3582715178
2023-07-20,1285833.3595577893,2084846.1349229056,1910695.6625758754,1818582.3006094526,1760398.4723428017
2023-07-21,1286545.9833658484,2079485.5185320922,1907598.3858437648,1816766.7175288384,1758198.1864151913
2023-07-24,1280488.9071757786,2080205.5378421512,1906546.4229585112,1814740.2806895538,1756256.554448687
2023-07-25,1320394.53098758,2091261.5031780007,1915865.4248771265,1822968.8979452897,1764545.258672977
2023-07-26,1317187.8548012527,2092958.6685504185,1917985.1268037513,1824087.3152023815,1765760.7628975993
2023-07-27,1315762.6786167966,2098061.5339594074,1921599.1287383859,1827090.0324608292,1768783.3671225535
2023-07-28,1349967.502434212,2107974.89940497,1929665.330681031,1832762.8497206336,1774436.1713478395
2023-07-31,1355668.3262534994,2116321.8648871104,1935204.232631687,1838404.7669817943,1780287.175573458
2023-08-01,1349254.9500746585,2119041.13040583,1937363.8345903552,1839470.684244311,1781558.1797994082
2023-08-02,1338922.2738976895,2104777.995961133,1927449.236557036,1831444.4015081848,1773203.7840256908
2023-08-03,1351749.0977225928,2101997.7615530216,1927403.3385317293,1830888.3187734152,1772336.1882523051
2023-08-04,1359231.421549368,2106168.5271814982,1929309.8405144368,1833809.1360400023,1775229.792479252
2023-08-07,1348186.1453780157,2095920.8928465669,1922579.3425051582,1829516.553307946,1770588.6967065306
2023-08-08,1342841.6692085362,2097015.3585482293,1922565.0445038946,1828480.070577247,1769765.7009341419
2023-08-09,1339991.2930409294,2094967.1242864889,1920636.7465106465,1826365.687847905,1767610.405162085
2023-08-10,1341772.8168751956,2093203.3900613487,1920092.548525415,1825042.9051199204,1766248.8093903607
2023-08-11,1307924.3407113345,2080520.1558728116,1909600.2505482002,1817291.622393293,1758378.0136189687
2023-08-14,1298304.2645493466,2076513.7217208797,1906973.2525790026,1814819.239668023,1755941.117847909
2023-08-15,1296879.0883892323,2090051.8876055568,1915860.454617823,1821093.3569441107,1762504.022077181
2023-08-16,1286190.1122309912,2080885.853526845,1910790.6566646625,1815261.2742215556,1756448.926306786
2023-08-17,1290822.0360746237,2077516.0194847481,1909298.0587195212,1815120.1915003587,1756098.3305367231
2023-08-18,1273007.0599201303,2064104.5854792683,1900977.8607823998,1805220.2087805194,1745995.9347669927
2023-08-21,1254479.4837675104,2059476.5390704086,1896951.3820532989,1801336.475982038,1742209.2889175946
2023-08-22,1262674.4076167648,2069432.8698616591,1902718.9051734854,1805663.2794064544,1746021.7547263224
2023-08-23,1243077.9314678928,2065502.1007653484,1900450.9283662147,1802957.9828311396,1743703.0206030891
2023-08-24,1251272.8553208958,2078382.731781485,1907044.6516314934,1810422.7862560935,1750094.986547901
2023-08-25,1248778.779175773,2059246.8629100781,1896935.5749693266,1799601.7896813173,1740782.4525607629
2023-08-28,1267662.703032525,2074610.0941511362,1907944.69837972,1807450.7931068095,1747938.4186416804
2023-08-29,1275501.3268911517,2079046.7255046687,1911101.2218626803,1813428.8965325714,1753222.484790659
2023-08-30,1275145.0507516533,2088085.9569706835,1915294.6454182118,1818716.5999586023,1757661.5510077039
2023-08-31,1268375.37461403,2085753.98854919,1912858.1690463212,1817741.5033849028,1756504.5172928204
2023-09-01,1276570.2984782818,2088033.8202401972,1915571.1927470136,1818282.506811472,1757180.7836460136
2023-09-04,1297235.7223444092,2097962.252043714,1924984.4165202952,1825114.710238311,1763577.3500672893
2023-09-05,1287615.646212412,2093303.8839597485,1920915.7403661716,1821814.313665419,1760429.9165566526
2023-09-06,1284052.6700822907,2092014.0159883106,1919286.364284648,1820752.1170927961,1759360.183114109
2023-09-07,1265168.7939540448,2080239.0481294082,1910872.5882757308,1812668.7205204428,1751995.2497396637
2023-09-08,1257686.517827675,2080658.7803830502,1911586.9123394252,1814535.5239483588,1753561.516433322
2023-09-11,1267662.9417031815,2081954.5127492466,1914972.7364757373,1816891.6273765445,1755933.7831950898
2023-09-12,1265881.4655805642,2084075.045228005,1915616.7606846725,1818015.4308049993,1756847.9500249717
2023-09-13,1256973.9894598231,2078603.6778193342,1914077.4849662364,1815300.6342337236,1754786.5169229736
2023-09-14,1255905.1133409587,2086965.3105232443,1922324.5093204349,1820926.9376627174,1760203.7838891002
2023-09-15,1249848.037223971,2089276.8433397429,1919839.733747274,1819828.8410919805,1758975.3509233575
2023-09-18,1254479.96110886,2081174.5762688394,1914827.940886759,1813913.5298615133,1753535.5794657508
2023-09-19,1252698.4849956261,2082648.7093105423,1918638.9579586217,1815852.6493529254,1755696.308069056
2023-09-20,1246285.1088842694,2081576.142464861,1919919.2750318258,1816038.8688458696,1756148.736674609
2023-09-21,1233814.63277479,2067694.8757318042,1910447.9921063716,1808474.2883403453,1748053.4652824102
2023-09-22,1260537.1566671878,2068235.9091113803,1913064.409182259,1810648.7078363532,1749942.4938924592
2023-09-25,1250560.7805614634,2064868.2426035986,1911226.7262594884,1808642.527333893,1748016.4225047564
2023-09-26,1243078.5044576167,2056593.9762084677,1905203.7433380599,1803352.2468329654,1742594.5511193024
2023-09-27,1246641.528355648,2051501.5099259964,1897497.4604179738,1796948.8663335696,1736020.979736097
2023-09-28,1241653.352255557,2052347.1437561943,1894031.7774992294,1794637.9858357066,1732785.8083551405
2023-10-09,1238090.3761573446,2055870.777699069,1893316.5945818275,1793591.805339376,1731775.7369764328
2023-10-10,1228470.3000610103,2057855.6117546302,1887599.5116657682,1790422.5248445782,1728808.3655999745
2023-10-11,1231320.7239665543,2059801.1459228871,1888057.4287510514,1791444.6443513136,1730292.3942257655
2023-10-12,1244147.547873977,2070970.2802038472,1898281.4458376772,1800114.7638595812,1739440.0228538061
2023-10-13,1231677.0717832786,2063772.7145975207,1894592.6629256457,1796447.1833693823,1735514.9514840962
2023-10-16,1216356.195694459,2059091.9491039158,1895258.7800149568,1796131.5028807165,1735374.6801166367
2023-10-17,1220631.8196075184,2063774.2837230414,1898770.0971056113,1799516.322393584,1739060.008751427
2023-10-18,1210655.443522457,2056647.7184549067,1895749.7141976089,1797470.0419079848,1737192.5373884677
2023-10-19,1183220.3674392751,2035087.8532995202,1881020.4312909495,1786478.961423919,1726158.5660277584
2023-10-20,1176806.9913579728,2023787.788256891,1877324.4483856335,1784050.5809413875,1723550.8946693004
2023-10-23,1163267.61527855,2013672.0233270277,1868230.1654816605,1775169.4004603892,1714400.3233130928
2023-10-24,1165049.139201007,2017725.4579099393,1871442.2263790313,1777743.732520925,1716835.5450991362
2023-10-25,1172175.1631253439,2022349.977992943,1875030.441147215,1781094.7895950174,1719741.308730924
2023-10-26,1176807.087051561,2011690.9980775244,1873723.555916559,1779165.646822906,1717955.472391287
2023-10-27,1196047.3109796583,2018717.7181636847,1880213.170687064,1786074.204204604,1723821.5360802296
2023-10-30,1201748.1349096359,2015761.2382514232,1878430.3854587292,1786249.6617401221,1724050.5997977515
2023-10-31,1198897.758841494,2016771.8583407402,1879789.6002315558,1786293.319429473,1724269.7635438566
2023-11-01,1198185.1827752332,2023719.078431636,1881771.1150055432,1788100.677272669,1726013.3273185468
2023-11-02,1192128.1067108528,2033531.198524111,1886962.6297806913,1792186.1352697222,1730189.1911218239
2023-11-03,1202104.5306483535,2041407.5186181646,1890789.744557001,1798111.1934206444,1735442.0549536906
2023-11-06,1219206.9545877355,2048373.3387137975,1893459.6593344714,1803106.7517254474,1739533.1188141492
2023-11-07,1215287.6785289985,2047121.6588110093,1891528.2741131033,1801022.110184144,1737601.3827032016
2023-11-08,1211368.4024721428,2049912.878909801,1891224.8888928967,1800850.768796746,1737481.6466208503
2023-11-09,1212437.326417169,2056817.8990101716,1894072.9036738514,1802224.0275632653,1738653.4105670971
2023-11-10,1202817.2503640768,2047839.019112122,1890406.7184559677,1798000.886483714,1735067.2745419447
2023-11-13,1201035.7743128666,2059844.3392156519,1895479.0332392454,1803709.3455581046,1740433.0385453955
2023-11-14,1201035.7982635382,2060748.4593207617,1896542.1480236852,1806057.5047864488,1742628.7025774512
2023-11-15,1209943.3222160921,2074064.2794274515,1905370.5628092869,1814864.4641687588,1750708.9666381148
2023-11-16,1197116.5461705283,2070472.2995357215,1901428.3775960503,1811419.023705047,1747752.3307273875
2023-11-17,1195335.070126847,2069255.9196455718,1900944.6923839757,1810024.6833953252,1746611.2948452726
2023-11-20,1199254.394085048,2062498.3397570024,1895243.0071730632,1806013.8432396057,1742364.7589917716
2023-11-21,1201035.9180451322,2069368.9257900133,1898936.3079833132,1807520.3851979,1743536.692006887
2023-11-22,1187140.242007099,2061318.211261607,1891651.6780941188,1800906.0576408107,1736863.2970121196
2023-11-23,1193909.9659709488,2067044.4968263605,1895439.8482497272,1804670.4302230086,1740640.4020177457
2023-11-24,1185002.489936682,2066975.682484282,1895321.8184501408,1803157.7029445053,1739086.9070237651
2023-11-27,1176451.3139042985,2061763.868235378,1894247.888695364,1802240.0758053109,1737912.212030178
2023-11-28,1177876.5378737985,2062357.8540796563,1895184.7589853993,1802828.4488054363,1738650.1170369838
2023-11-29,1168256.461845182,2057405.1400171241,1892813.429320251,1798149.5219448933,1734193.4220441836
2023-11-30,1169681.6858184496,2058958.8260477888,1894349.2996999226,1799419.0952236922,1735251.6270517767
2023-12-01,1164693.5097936008,2060033.5121716575,1895205.6701244174,1800537.2686418444,1736441.5320597636
2023-12-04,1156142.3337706365,2060127.598388738,1897591.1405937392,1800447.0421993602,1736316.9370681439
2023-12-05,1132626.557749556,2043514.384699037,1881284.211107891,1787138.115896251,1723349.5420769176
2023-12-06,1134408.08173036,2050278.8711025624,1884260.4816668767,1790811.9897325276,1727139.247086085
2023-12-07,1131201.4057130485,2043841.0575993208,1881559.9522706997,1788273.7637082008,1724470.552095646
2023-12-08,1133695.529697622,2052060.9441893203,1886313.5229193638,1792072.9378232823,1728481.2571056008
2023-12-11,1142246.75368408,2063296.8308725678,1892383.0936128718,1796973.2120777825,1733798.6621159492
2023-12-12,1145097.1776724232,2070788.8176490709,1895677.864351228,1800584.386471712,1737458.4671266912
2023-12-13,1124431.8016626511,2069328.2045188367,1891277.7351344358,1796988.8610050823,1734209.2721378272
2023-12-14,1118731.0256547646,2075024.7914818723,1897517.8059624983,1801001.7356779042,1738004.2771493571
2023-12-15,1116236.9496487635,2068706.9785381858,1893249.8768354198,1799416.810490189,1736025.8821612808
2023-12-18,1111248.7736446478,2071596.5656877838,1893281.247753203,1797930.585441947,1734711.8871735982
2023-12-19,1111961.397642418,2074236.8349706738,1894901.2013558515,1798624.3114131894,1735593.2281663094
2023-12-20,1100916.121642074,2073697.8309530248,1893778.9757195658,1797033.8183452778,1734417.6368285834
2023-12-21,1111961.4456436161,2066520.4270843714,1891017.6501048412,1794709.8252779117,1731701.0454915382
2023-12-22,1114099.2696470444,2071058.9233647254,1895030.024511679,1795930.73221109,1733304.1541551738
2023-12-25,1117305.9936523587,2073243.1197940984,1897083.4989400813,1797718.1391448132,1735007.66281949
2023-12-26,1110180.0176595596,2072912.6163725024,1896191.9733900495,1796526.4460790812,1734235.6714844876
2023-12-27,1113743.0416686472,2077760.3130999487,1900710.747861585,1801661.653013894,1738964.4801501657
2023-12-28,1143672.2656796216,2083397.1099764493,1906602.6223546902,1809051.5599492523,1745290.9888165249
2023-12-29,1147235.2896924827,2085755.0070020156,1908457.3968693663,1810798.666885155,1746863.497483565
2024-01-02,1130845.5137072308,2085099.2041766602,1908979.0714056152,1810044.7738216033,1746426.6061512865
2024-01-03,1127282.5377238663,2081394.7015003935,1908741.3459634383,1808832.0807585963,1744968.014819689
2024-01-04,1116593.561742389,2079185.2989732283,1907260.1205428378,1807565.0876961348,1743717.2234887728
2024-01-05,1110536.4857627996,2075859.9965951757,1906727.8951438149,1805221.8946342182,1741566.9321585377
2024-01-08,1093790.4097850975,2068687.1943662474,1898750.5697663713,1796037.4015728468,1733436.240828984
2024-01-09,1096640.8338092833,2085326.3922864557,1907987.7444105092,1803434.3085120209,1740966.2495001114
2024-01-10,1090940.057835357,2081653.7903558116,1903597.91907623,1799745.11545174,1737607.4581719209
2024-01-11,1097709.7818633185,2086575.9885743274,1905270.9937635353,1804234.2223920047,1741880.0668444112
2024-01-12,1093790.5058931685,2084594.8869420146,1905480.668472427,1802947.1293328148,1740679.7755175831
2024-01-15,1092365.329924907,2089197.385458885,1909697.1432029067,1805098.8362741703,1742993.884191437
2024-01-16,1100203.953958534,2087356.78412495,1910377.9179549757,1803160.0432160713,1741010.092865972
2024-01-17,1073481.4779940497,2074487.3829402216,1896512.4927286366,1788806.296678518,1727741.871181189
2024-01-18,1089515.002031454,2076797.7819047116,1897232.2675238904,1789686.9300139893,1728056.9771415375
2024-01-19,1092009.1260707472,2085860.7810184315,1902819.6423407386,1792756.2633520802,1731287.0831259296
2024-01-22,1067424.4501119298,2086044.6802813932,1895046.4171791833,1783399.2966927912,1722974.0891343679
2024-01-23,1075263.0741550014,2088342.879693608,1898282.7920392265,1788970.330036122,1728012.5951668536
2024-01-24,1093434.3981999627,2106498.4792550886,1912134.9669208697,1800648.4633820734,1739255.8012233886
2024-01-25,1113387.2222468136,2118326.478965846,1923276.9418241142,1812857.2967306452,1750425.5073039755
2024-01-26,1111249.446295554,2118263.178825892,1926739.516748962,1811964.5300818377,1750201.7134086154
2024-01-29,1100560.4703461847,2121536.7788352384,1928386.4916954148,1811771.9634356508,1750615.1195373107
2024-01-30,1080607.694398705,2123150.278993897,1926545.966663474,1809393.7967920855,1748914.125690063
2024-01-31,1073125.4184531155,2113167.479301879,1921714.4416531418,1801653.930151141,1742019.6318668742
2024-02-01,1071700.2425094165,2102631.179759197,1915617.1166644196,1797044.9635128186,1737416.2380677466
2024-02-02,1061011.2665676076,2113948.580365862,1920503.2916973091,1799074.7968771174,1740166.9442926815
2024-02-05,1068137.2906276896,2120558.781121887,1923031.7667518123,1798549.4302440386,1739726.4505416811
2024-02-06,1104836.2146896624,2135055.4820272815,1935437.24182793,1816952.1636135813,1755869.5568147474
2024-02-07,1115168.938753526,2140850.283082059,1942192.6169256654,1827424.196985747,1765361.5631118822
2024-02-08,1123007.5628192804,2160704.0842862315,1954273.6920450185,1837321.1303605349,1775143.869433087
2024-02-19,1132627.6868869264,2168080.7856398094,1961500.5671859921,1841825.5637379456,1779645.975778364
2024-02-20,1136903.3109564637,2173074.487142805,1966754.442348588,1844358.7971179795,1782326.7821477156
2024-02-21,1154005.7350278925,2170452.0887952303,1967605.9175328072,1846077.0305006362,1783419.5885411429
2024-02-22,1163269.5591012128,2190549.915717097,1980844.9665786522,1854864.8484459168,1792728.7237186485
2024-02-23,1164338.483176425,2198895.648892926,1983708.9090897404,1859707.9906779649,1797605.8554884365
2024-02-26,1151868.0072535293,2181882.8821185143,1972279.6517063302,1853861.3329526244,1791043.4873078722
2024-02-27,1166476.3313325257,2188851.115393864,1977989.694428429,1858406.6752698985,1795818.3191769589
2024-02-28,1153649.555413414,2189551.34871898,1976305.7372560462,1856744.717629791,1793980.4510957017
2024-02-29,1173246.0794961948,2193104.582093865,1981669.1801891888,1860396.4600323045,1797772.5830641035
2024-03-01,1182866.2035808682,2201785.7155185244,1987555.4232278662,1864908.9024774428,1802289.8150821687
2024-03-04,1181797.3276674345,2211809.948992961,1996987.6663720857,1871390.4449652086,1808447.8471499006
2024-03-05,1192130.0517558935,2213703.3825171795,2004368.1096218566,1873796.4874956063,1810371.5792673037
2024-03-06,1187141.8758462453,2210442.5160911838,2004920.4529771863,1876118.2300686387,1812435.3114343816
2024-03-07,1180372.1999384903,2208292.3497149767,2008296.1964380837,1877732.972684309,1813523.5436511384
2024-03-08,1183935.2240326288,2221158.5833885632,2014974.240004557,1884323.8153426207,1820469.375917578
2024-03-11,1201037.6481286606,2215316.917111947,2013853.083676614,1884466.1580435773,1820500.0082337041
2024-03-12,1202819.1722265861,2206731.150885132,2004902.827454264,1881484.400787182,1817763.440599521
2024-03-13,1195336.8963264052,2203380.0847081216,2000795.2713375143,1879384.4435734383,1815617.3730150321
2024-03-14,1190705.0204281183,2201320.5185809205,1999973.9153263737,1878066.7864023491,1814235.9054802414
2024-03-15,1193911.7445317253,2198286.852503532,2000376.9594208503,1878407.2292739183,1814189.3379951532
2024-03-18,1204957.0686372262,2201296.586475961,2000179.1036209525,1879668.872188149,1815745.9705597712
2024-03-19,1196762.1927446222,2196331.32049821,1997743.2479266888,1877137.5151450445,1812877.6031740992
2024-03-20,1197831.1168539121,2201495.9545702836,2001077.092338067,1880498.5581446083,1816309.035838141
2024-03-21,1197118.5409650968,2214647.159332186,2013369.387695096,1892269.2346668437,1827556.4190119007
2024-03-22,1186073.265078176,2214811.759655079,2010508.3612148939,1888585.894853807,1823468.0418933618
2024-03-25,1179303.5891931504,2210421.860025148,2008608.6347797622,1885698.4550926515,1820511.0648237723
2024-03-26,1183222.91331002,2212463.9604423973,2009672.4083897038,1888003.8153833803,1822931.2878031356
2024-03-27,1169683.5374287846,2211428.660906831,2009022.7820447225,1886976.9757259982,1821835.7108314554
2024-03-28,1175740.6615494445,2215860.161418451,2013684.155744822,1892767.236120509,1828114.3339087362
2024-03-29,1181441.4856720003,2218039.961977263,2022841.0294900057,1900321.796566917,1836228.1570349813
2024-04-01,1202106.9097964517,2223347.3625832694,2029268.403280277,1905366.257065226,1841707.580210195
2024-04-02,1197831.3339227985,2222642.5632364745,2029938.4771156397,1905844.0176154405,1842034.6034343806
2024-04-03,1192843.1580510417,2215756.0639368817,2032984.8509960973,1906288.178217564,1842668.2267075423
2024-04-08,1182510.4821811805,2215849.064684496,2040213.5249216529,1912958.2388716012,1849874.6500296842
2024-04-09,1180372.706313216,2215928.365479319,2040436.1988923107,1915442.6995775558,1852494.2734008096
2024-04-10,1171108.930447148,2215405.966321355,2040813.7729080736,1916901.3603354315,1853853.6968209224
2024-04-11,1170040.054582976,2212880.667210609,2039370.846968946,1913839.0211452332,1850360.3202900267
2024-04-12,1160063.6787207013,2218019.768147084,2050047.2210749309,1923712.9820069645,1861041.9438081265
2024-04-15,1186073.6028603232,2226428.9691307824,2055496.2952260314,1921469.3429206295,1858141.1673752253
2024-04-16,1174672.0270018422,2207554.57016171,2048110.769422252,1912474.3038862324,1849258.990991327
2024-04-17,1191061.8511452584,2214712.5712398696,2055936.5436635956,1916901.7649037773,1853810.8146564357
2024-04-18,1193199.6752905715,2215577.8723652647,2056444.9179500658,1917669.3259732681,1854379.638370555
2024-04-19,1183223.2994377825,2205807.7735378994,2053758.9922816665,1914455.7870947095,1851189.662133689
2024-04-22,1180729.2235868913,2195532.757477777,2038380.594578401,1907975.8398481046,1843941.276025841
2024-04-23,1171821.7477378973,2192107.869670741,2026389.391974168,1904385.1523009974,1839785.5936845616
2024-04-24,1176809.9718908016,2206342.981958965,2035767.0894011643,1912994.8648255952,1847198.5114075376
2024-04-25,1180372.9960456036,2199400.5943424567,2034239.1868593928,1910911.7774219038,1845840.2291947743
2024-04-26,1198188.0202023042,2206869.0068212235,2040105.984348855,1917605.5900899288,1851717.9470462766
2024-04-29,1213508.9443609028,2207368.319395273,2036818.581869554,1915217.1028296757,1848787.26496205
2024-04-30,1207095.5685214002,2210543.232064612,2038909.2794214922,1917722.7156411503,1851275.9829420992
2024-05-06,1224910.5926837958,2219774.244829249,2045166.877004672,1926393.728524358,1859319.600986429
2024-05-07,1225623.2168480908,2227902.6576891914,2050392.774619096,1930530.0414793042,1863026.3190950453
2024-05-08,1215290.5410142844,2229425.870644446,2050622.0722647666,1929085.5545059957,1861694.9372679524
2024-05-09,1227761.0651823771,2231596.9836950204,2052751.2699416857,1931458.9676044367,1863897.8555051554
2024-05-10,1228473.6893523694,2239341.896840922,2064109.0676498564,1940542.080774634,1872639.7738066597
2024-05-13,1227404.8135242607,2243262.8100821595,2064665.0653892811,1942449.9940165924,1874250.5921724702
2024-05-14,1225267.0376980517,2241739.923418739,2062808.463159962,1941878.8073303178,1873661.510602592
2024-05-15,1216003.261873742,2244998.1368506686,2065470.560961902,1943321.8207158162,1874911.9290970298
2024-05-16,1220278.8860513326,2257144.0503779557,2074529.358795103,1950843.6341730927,1881681.6476557893
2024-05-17,1234887.2102308231,2260949.4640006074,2078821.8566595677,1953602.8477021533,1884368.0662788749
2024-05-20,1237737.6344122137,2265719.177718632,2091439.4545552984,1961384.4613030038,1892473.184966292
2024-05-21,1233462.0585955048,2267847.6915320368,2088593.5524822979,1956735.774975649,1887868.4037180454
2024-05-22,1236312.4827806961,2272049.4054408283,2091731.0504405685,1959148.6887200954,1890065.4225341408
2024-05-23,1223129.4069677882,2268246.670045015,2079378.5979901126,1951028.4718163484,1881440.3425745824
2024-05-24,1208521.131156781,2252052.8015813665,2067252.7714922798,1940332.6721441904,1869744.5493833842
2024-05-27,1219210.1553476744,2268297.9331830633,2079830.845165252,1949503.2724720582,1879751.4561927211
2024-05-28,1211015.2795404692,2267732.764850112,2078088.5190090418,1948742.1727999514,1878995.4630025928
2024-05-29,1211371.6037351647,2265469.896582518,2079521.2930236633,1947839.1731278705,1877606.4698129997
2024-05-30,1206383.427931762,2253747.1283802846,2069582.5672091295,1940223.0734558157,1869207.476623942
2024-05-31,1201395.2521302607,2251696.8602434183,2069751.0415654539,1939940.3737837865,1868827.0834354195
2024-06-03,1203176.776330661,2256393.2921719234,2068337.2160926496,1941811.374111783,1870959.0902474322
2024-06-04,1212084.300532963,2260156.824165806,2074763.590790731,1946684.7744398054,1875892.0970599803
2024-06-05,1207452.424737167,2259221.656225071,2070726.6656597108,1944408.0747678536,1873648.103873064
2024-06-06,1207452.4489432732,2272589.2883497234,2081756.5406996023,1950905.7750959273,1880845.3106866826
2024-06-07,1199257.5731512816,2275648.6205397677,2083650.1159104193,1951466.6754240273,1881379.017500837
2024-06-11,1190350.0973611923,2268348.7527952096,2067228.9912921754,1944638.9757521527,1874529.6243155268
2024-06-12,1188924.9215730056,2276289.485116055,2074356.7668448833,1947534.7760803038,1877598.231130752
2024-06-13,1184293.0457867214,2282044.6175023075,2075144.742568557,1949762.1764084809,1880401.0379465127
2024-06-14,1191419.0700023402,2283368.3499539737,2077098.01846321,1951089.9767366836,1881724.9447628094
2024-06-17,1187856.094219862,2277568.6824710574,2072552.1945288554,1948604.377064912,1879062.7515796416
2024-06-18,1191775.4184392868,2286121.6150535652,2077705.3707655068,1952944.4773931664,1883830.8583970095
2024-06-19,1188212.442660615,2286179.9477015007,2078547.647173178,1955487.777721447,1886813.065214913
2024-06-20,1180017.5668838467,2291031.88041487,2082957.6237518813,1957319.0780497529,1888683.9720333524
2024-06-21,1177879.7911089817,2283736.8684736784,2080826.2952616315,1953663.5629580847,1884431.3990723277
2024-06-24,1171822.7153360206,2275455.0080196178,2069399.1145144925,1945288.5825071074,1876789.7562165793
2024-06-25,1164340.4395649633,2271021.7477022596,2067893.0338631684,1943596.1020576663,1875183.4133967555
2024-06-26,1171822.7637958103,2285842.8875216143,2074635.4533076668,1951997.4216097617,1883362.1706128593
2024-06-27,1165053.0880285613,2287281.127477693,2073199.7728479954,1948643.0411633933,1880583.527864893
2024-06-28,1167547.2122632165,2300204.767570506,2084066.092484161,1956091.7607185615,1887970.9851528604
2024-07-01,1172535.4364997766,2306955.2078000633,2090848.312216172,1959568.3802752665,1890877.5424767635
2024-07-02,1170753.960738241,2308453.248166377,2092185.3320440354,1960045.5998335087,1891522.8998366054
2024-07-03,1168616.1849786101,2318055.4886694574,2097690.6519677592,1966136.1193932877,1897988.4572323891
2024-07-04,1163271.7092208844,2312536.529309315,2094899.2719873502,1963181.8389546038,1895403.4146641167
2024-07-05,1157214.6334650633,2315417.8700859607,2095071.2921028167,1963502.4585174571,1896035.672131792
2024-07-08,1148663.4577111478,2316349.6109994054,2093104.6123141658,1959249.5780818476,1892584.3296354173
2024-07-09,1161846.581959138,2327601.652049659,2100661.3326214054,1966715.7976477758,1899448.0871749956
2024-07-10,1158996.206209033,2312887.193236734,2092285.353024542,1960980.8172152417,1893924.6447505292
2024-07-11,1175386.030460834,2322076.334560639,2099487.6735235844,1969075.636784245,1901349.0023620217
2024-07-12,1178949.054714541,2303128.376021386,2093082.2941185397,1964340.9563547862,1895963.1600094752
2024-07-15,1181443.178970154,2328619.5176189863,2106958.3148094155,1972719.5759268655,1904787.3176928933
2024-07-16,1190350.703227673,2329681.9593534493,2111483.035596219,1974017.5955004827,1905886.6754122782
2024-07-17,1192132.2274870982,2330074.401224787,2115313.756478958,1974858.9150756379,1906771.233167633
2024-07-18,1199614.55174843,2321412.643233009,2112270.9774576398,1971763.334652332,1903193.6909589604
2024-07-19,1207809.4760116679,2307642.779698127,2097777.7915322725,1961684.795390564,1892993.1422662637
2024-07-22,1197476.8002768129,2297024.9286267455,2090523.3652801912,1959137.4962467777,1890271.7509060705
2024-07-23,1172535.8245438647,2296267.3776142187,2084659.1391674997,1953526.4971030587,1885310.559546556
2024-07-24,1164697.2488128236,2284816.226660551,2082529.1131942088,1948130.9979594068,1880313.2681877206
2024-07-25,1157571.2730836899,2261733.8757657474,2062591.38736033,1934273.1988158224,1865776.1768295642
2024-07-26,1162915.797356463,2264806.8249298115,2065212.4616658739,1938542.2996723051,1869972.1854720868
2024-07-29,1155789.8216311438,2278359.074152749,2073099.7361108514,1944377.8005288555,1876237.8941152887
2024-07-30,1147594.9459077325,2268617.4234345644,2067228.8106952736,1939105.6013854728,1871069.7027591702
2024-07-31,1175030.0701862287,2280378.0727752615,2080455.3854191513,1952724.6022421573,1883778.4114037303
2024-08-01,1166122.5944666327,2291860.3221748457,2087842.8602824956,1956815.8030989098,1888293.5200489701
2024-08-02,1153295.8187489451,2262431.671633322,2074340.0352853178,1943328.503955729,1874778.6286948896
2024-08-05,1139400.1430331655,2206306.5211506938,2037049.310427628,1914266.5048126157,1844998.337341488
2024-08-06,1139400.1673192943,2217524.2707269667,2038760.5857094377,1917892.0056695698,1848589.545988766
2024-08-07,1136906.0916073315,2221211.6203621444,2042749.6611307582,1921710.206526591,1852340.7546367238
2024-08-08,1138331.3158972776,2215308.9700562325,2040305.0366915998,1919531.2073836797,1850022.263285361
2024-08-09,1134055.7401891325,2226194.219809236,2046194.6123919736,1923237.1082408363,1854369.371934678
2024-08-12,1132630.5644828964,2231695.669621158,2049997.388231891,1923160.2090980595,1854813.5805846744
2024-08-13,1134412.0887785691,2243086.219492004,2058801.7642113627,1931011.3099553504,1862703.1892353508
2024-08-14,1125860.9130761514,2254709.469421779,2061956.2403303997,1932511.4108127088,1864643.097886707
2024-08-15,1139400.3373756432,2267729.9194104862,2070085.1165890126,1938428.311670134,1870457.0065387432
2024-08-16,1140112.9616770444,2284119.617518132,2078433.7408272128,1946414.841167627,1878494.329991459
2024-08-19,1143319.6859803556,2276958.6396490284,2080911.3758236344,1948958.2305421326,1880785.697130177
2024-08-20,1137618.9102855762,2281252.061781664,2080001.6108306649,1945325.020057256,1877749.1643527562
2024-08-21,1132274.434592707,2275162.683916039,2075501.9458483048,1940855.0097130088,1873741.6316592032
2024-08-22,1129067.758901748,2277624.706052153,2076405.7808765552,1942479.699509401,1875512.7990495237
2024-08-23,1134055.9832126994,2275757.628190007,2075669.0159154166,1943559.6894464449,1876547.7665237256
2024-08-26,1134412.3075255612,2277116.5503296,2077342.6509648901,1945648.7795241503,1878411.0340818146
2024-08-27,1128355.2318403337,2271268.7724709334,2073742.2860249765,1942789.6697425293,1875854.101723798
2024-08-28,1121229.2561570168,2271199.2946140068,2071775.7210956765,1940627.360101592,1874196.0694496813
2024-08-29,1117666.280475611,2250808.61675882,2058949.2561769912,1935168.8506013502,1869080.4372594724
2024-08-30,1133699.8047961162,2259414.4389053737,2064734.991268921,1942161.0412418148,1874833.8051531771
2024-09-02,1112321.8291185328,2263465.361053668,2063720.7263714673,1938291.832022997,1872335.2731308022
2024-09-03,1116597.4534428604,2263123.0832037027,2063728.5614846305,1940434.1229449075,1874315.2411923541
2024-09-04,1109115.1777691,2229789.205355478,2045462.4966084117,1929695.2140075571,1864667.10933784
2024-09-05,1111609.3020972512,2234031.8275089934,2050318.7317428112,1932388.0052109575,1867271.5775672654
2024-09-06,1101632.9264273138,2229638.349664251,2046552.1668878305,1928197.9965551195,1863782.5458806378
2024-09-09,1087024.6507592886,2214998.6718212487,2032675.20204347,1919211.1880400542,1855950.6142779635
2024-09-10,1087024.6750931756,2215854.293979988,2035864.637209731,1922268.979665773,1858797.9827592494
2024-09-11,1084530.5994289748,2211810.316140468,2032274.172386614,1920363.671432286,1857394.9513245015
2024-09-12,1080611.3237666865,2226228.43830269,2037596.0075741191,1922744.563339605,1859362.519973727
2024-09-13,1075266.8481063105,2229871.2931066537,2043186.3485322485,1925259.2143077413,1862094.990246932
2024-09-18,1078829.8724478476,2232521.093978405,2046638.961738333,1929448.9532051054,1865780.4049651255
2024-09-19,1088449.9967912973,2241898.094850225,2050936.474945455,1934754.1921448186,1870432.5196844751
2024-09-20,1091656.7211366605,2245243.395722113,2056732.2881536148,1938064.7311268845,1873627.5344049819
2024-09-23,1094863.4454839365,2252540.79659407,2064868.9013628126,1943168.0701513062,1878159.2491266453
2024-09-24,1146170.6698331258,2280418.197466095,2090702.5145730483,1967289.6092180868,1898540.2638494652
2024-09-25,1162916.7941842284,2288504.1983381887,2102591.8277843227,1977462.8483272304,1907684.3785734428
2024-09-26,1222062.618537245,2323587.4992103507,2132756.4409966343,2004125.7874787396,1930458.7932985767
2024-09-27,1303655.3428921753,2331286.0000825813,2143127.654209985,2022449.4266726181,1945207.0080248683
2024-09-30,1433348.5672490196,2393813.600954881,2200225.767424374,2069818.9659088692,1984574.922752317
2024-10-08,1497126.2916077776,2409843.201827249,2217107.280639801,2088037.9051874958,2000103.6374809232
2024-10-09,1358169.3159684504,2346804.6026996854,2151911.293856267,2036758.2445085018,1957048.9522106869
2024-10-10,1380972.5403310372,2380900.6035721903,2180137.9070737716,2057018.2838718903,1975308.7669416077
2024-10-11,1342135.8646955388,2366042.7044447637,2169181.920292314,2041383.7232776647,1962007.7816736866
2024-10-14,1364582.7890619547,2387809.305317406,2190039.7335118963,2060018.5627258283,1978295.796406923
2024-10-15,1325746.1134302858,2382821.5061901165,2178062.146732517,2044577.4022163844,1965194.4111413176
2024-10-16,1316838.6378005317,2378409.5070628966,2182023.259954177,2047659.041749336,1967932.0258768694
2024-10-17,1301517.762172693,2374456.507935744,2177252.1731768753,2043016.381324687,1964373.1406135794
2024-10-18,1356031.686546769,2387799.0088086603,2193916.4864006136,2061297.8209424408,1979985.8553514476
2024-10-21,1356031.710922761,2384016.2096816455,2195186.7996253907,2061535.3606025998,1980164.4700904745
2024-10-22,1364582.9353006682,2383510.030474699,2195809.831291207,2059750.4964651687,1979156.044910659
2024-10-23,1369927.4596804914,2384330.5889042597,2198516.020496679,2061997.3329833131,1981785.8896820457
2024-10-24,1354250.2840622303,2372969.6474405723,2187138.7097877455,2055190.9695043277,1974544.9344805263
2024-10-25,1364583.0084458853,2376843.7060836456,2190195.0991644147,2057365.5060282124,1977001.679306103
2024-10-28,1366720.8328314566,2388165.5648334874,2198005.588626692,2063084.642554967,1982905.7241587776
2024-10-29,1354962.9572189443,2378615.0236901063,2192883.178174585,2062735.7790845921,1982165.8690385525
2024-10-30,1339998.381608348,2376717.6826535114,2192345.9678081004,2064557.7156170881,1983660.2139454298
2024-10-31,1339998.4059996689,2364092.4417237104,2183368.357527244,2060077.0521524549,1979371.0588794115
2024-11-01,1342848.8303929062,2361350.2009007116,2181828.647332023,2058139.0886906928,1977275.6038404999
2024-11-04,1361732.754788061,2367323.960184524,2185366.7372224443,2059229.725231802,1978656.6488286972
2024-11-05,1399144.2791851324,2379094.8195751556,2196913.827198515,2066005.561775783,1986416.193844005
2024-11-06,1389880.5035841211,2397790.879072615,2202482.217260241,2071173.8983226358,1991089.338886426
2024-11-07,1438693.627985027,2428296.93867691,2219395.10740763,2078280.5348723605,1998884.3839559623
2024-11-08,1419453.452387851,2425854.29838805,2216375.9976406875,2079155.8714249574,1999365.8290526157
2024-11-11,1426935.7767925921,2430783.5582060423,2218278.787959421,2081246.3079804268,2001468.7741763883
2024-11-12,1410546.0011992515,2429988.7181308954,2210101.878363837,2076027.9445387688,1995427.2193272829
2024-11-13,1419809.8256078286,2429557.178162619,2211502.1688539432,2074304.081099984,1993755.8645053008
2024-11-14,1394512.550018324,2424906.83830122,2198568.8594297445,2065503.9176640722,1984024.3097104444
2024-11-15,1369927.8744307377,2408945.098546708,2188798.4500912493,2060016.7542310338,1978010.6549427162
2024-11-18,1363870.79884507,2412372.05889909,2196205.540838463,2063317.9908008687,1981403.200202118
2024-11-19,1370996.8232613206,2414861.6193583766,2203172.279631394,2069031.1910535784,1986963.334808652
2024-11-20,1374559.84767949,2422384.079924574,2207641.3686861405,2072880.9272175108,1990847.3530954584
2024-11-21,1376341.3720995784,2420281.7405976914,2211648.757795036,2074879.0635728887,1992353.7714151356
2024-11-22,1333585.396521586,2406240.001377737,2200175.546958085,2071310.400119728,1989062.7897676863
2024-11-25,1325746.8209455125,2417804.4622647194,2199860.0361752915,2073087.2368580431,1991703.9081531132
2024-11-26,1322896.4453713584,2418887.123258647,2196451.6254466604,2070094.073787849,1989163.7265714188
2024-11-27,1345699.6697991237,2428953.484359529,2208464.114772196,2076433.6109091607,1994830.845022606
2024-11-28,1335366.994228809,2424000.145567372,2203371.604151902,2073596.548221994,1992271.8635066776
2024-11-29,1350687.918660414,2431349.4068821864,2212758.093585783,2078554.685726363,1996852.982023635
2024-12-02,1361376.9430939388,2442172.168303979,2217547.9830738427,2084451.7234222833,2002913.100573482
2024-12-03,1362802.1675293837,2456184.929832759,2229193.772616086,2091260.7613097695,2009371.2191562206
2024-12-04,1355319.891966749,2459794.1914685345,2231606.2622125167,2093103.599388837,2011135.7377718533
2024-12-05,1352825.8164060349,2464675.3532113144,2233125.6518631396,2094486.6376595013,2012806.2564203832
2024-12-06,1370640.840847241,2472223.1150611066,2239670.8415679587,2096742.0761217764,2014814.1751018122
2024-12-09,1369571.9652903678,2479169.9770179195,2245092.331326978,2099717.714775678,2017672.9938161436
2024-12-10,1380617.2897354157,2478036.139081762,2248515.821140202,2105708.6536212214,2022979.7125633797
2024-12-11,1377054.3141823844,2481210.001252642,2253111.4110076353,2108406.992658421,2025555.8313435223
2024-12-12,1392018.9386312745,2493888.1635305686,2263997.5009292816,2117128.1318872925,2033818.8501565757
2024-12-13,1357457.8630820857,2488698.7259155493,2253999.790905145,2115805.8713078503,2033350.1690025409
2024-12-16,1348906.6875348184,2500770.588407593,2257381.18093523,2117064.61092011,2035188.187881421
2024-12-17,1352826.011989473,2504901.7922867085,2258745.1578995413,2113846.0174040864,2032183.3270932192
2024-12-18,1358883.1364460492,2507772.0380866514,2261419.20361952,2114943.5228532194,2032897.2368791734
2024-12-19,1361020.960904547,2482641.3839687784,2245728.3494059597,2104140.8284678096,2022183.046665897
2024-12-20,1356745.3853649674,2471585.629933097,2240550.7952588657,2103307.934247869,2021578.1564533894
2024-12-23,1358170.6098273096,2493366.275979612,2254342.5411782423,2112839.9401934114,2030799.066241651
2024-12-24,1374916.7342915745,2499353.0221083304,2258898.7871640963,2113957.146304449,2031631.376030682
2024-12-25,1375985.6587577616,2505674.268319259,2262680.0332164313,2114716.8525809953,2032299.085820482
2024-12-26,1376341.9832258716,2506581.514612404,2262815.0793352537,2115910.4590230635,2033363.1956110515
2024-12-27,1374204.2076959042,2503867.360987772,2262528.025520568,2116848.865630666,2034353.4054023903
2024-12-30,1380973.93216786,2500426.8074453687,2262234.871772379,2111206.8724038163,2028856.815194499
2024-12-31,1358170.7566417388,2491400.8539852016,2255694.418090694,2108002.979342527,2026192.2249873767
2025-01-02,1317908.8811175406,2478733.200607277,2244390.9644755158,2106924.3864468117,2025582.5347810239
2025-01-03,1303656.9055952663,2469267.747311601,2240845.4109268514,2107838.193716683,2026590.1445754408
2025-01-06,1297956.1300749155,2482130.49409818,2243675.6574447053,2112919.401152154,2031594.3543706276
2025-01-07,1307576.2545564882,2476376.140967021,2241346.6040290827,2108185.008753238,2026867.6641665844
2025-01-08,1305438.479039985,2471012.38791813,2240195.750679989,2106670.6165199466,2025541.6739633104
2025-01-09,1302588.103525406,2460449.3349515134,2233654.497397429,2102862.5244522947,2021711.4837608065
2025-01-10,1287267.2280127509,2447945.482067178,2226273.644181408,2098091.6325502945,2017191.7935590725
2025-01-13,1281922.7525020202,2427936.429265131,2215439.791031932,2089571.0408139592,2008933.003358109
2025-01-14,1316840.176993214,2452501.5765453763,2230900.737949006,2098774.1492433017,2017504.713157915
2025-01-15,1308645.3014863324,2449544.151067923,2231521.409212634,2099060.875558335,2018043.6738784914
2025-01-16,1309357.9259813756,2467115.5621838467,2242196.115908795,2107845.780208642,2025908.8784893744
2025-01-17,1313989.8504783437,2463895.1733006444,2241095.922605482,2107571.4848593157,2025675.88310062
2025-01-20,1320759.574977237,2469737.184418316,2243251.6293026954,2111850.7895103544,2029654.4877122284
2025-01-21,1322541.0994780555,2468510.4955368605,2242091.6360004353,2112445.794161759,2030294.4923241988
2025-01-22,1309714.3239807994,2467650.006656279,2241987.8426987017,2111524.998813528,2029590.6969365317
2025-01-23,1313633.648485469,2468492.9177765716,2245567.8493974945,2110600.903465664,2028526.2015492271
2025-01-24,1325035.272992064,2474235.1288977377,2251722.6560968133,2116072.6081181644,2033448.906162285
2025-01-27,1317196.697500585,2470937.9400197784,2252266.2627966586,2117881.5127710314,2035555.5107757053
2025-02-05,1310070.722011032,2459506.851142692,2255932.3694970305,2122925.7174242632,2041275.3153894881
2025-02-06,1326104.2465234052,2469150.262266481,2260498.376197929,2130292.9220778616,2047854.9200036337
2025-02-07,1346057.0710377046,2473971.373391143,2266707.782899354,2135532.0267318245,2052586.1246181417
2025-02-10,1347482.2955539306,2467145.98451668,2268225.689601306,2138413.531386154,2055520.5292330123
2025-02-11,1341781.520072083,2466523.8956430904,2271631.696303784,2138699.2360408492,2055900.4338482458
2025-02-12,1355320.944592162,2469810.306770376,2272356.103006789,2142268.34069591,2059063.7384638418
2025-02-13,1351757.9691141685,2470585.817898536,2274174.409710321,2144419.1453513363,2061262.2430798006
2025-02-14,1362446.9936381015,2474458.72902757,2278417.2164143794,2147073.4500071295,2063563.7476961222
2025-02-17,1364941.1181639621,2472589.6401574793,2270534.723118965,2143625.454663288,2060161.9523128066
2025-02-18,1354608.44269175,2473331.051288263,2272207.8298240774,2144302.959319812,2061066.9569298534
2025-02-19,1362090.7672214652,2471468.562419921,2274327.936529717,2148396.363976702,2065077.2615472635
2025-02-20,1357815.1917531083,2463380.727792454,2269701.026035883,2142680.509873958,2059495.2983650363
2025-02-21,1377055.416286679,2459061.0303407903,2265848.384161259,2144056.417961125,2061707.3100819227
2025-02-24,1372423.540822178,2444892.832889327,2257928.0423619286,2137439.726048927,2055573.9217997298
2025-02-25,1357815.2653596047,2428815.7354380633,2248132.300637899,2128072.0341373645,2045521.6335184576
2025-02-26,1369573.1898989598,2433981.137987001,2250294.1589891748,2135164.1422264376,2053294.3452381066
2025-02-27,1374205.1144402435,2439346.9405361377,2253276.017415763,2135474.5503161466,2053391.2569586765
2025-02-28,1348195.2389834556,2408056.1430854755,2232258.475917669,2113697.158406491,2030314.8686801675
2025-03-03,1343563.3635285965,2421029.8456350137,2238366.3344948986,2120890.9664974716,2037289.4804025795
2025-03-04,1342138.1880756663,2407866.348184752,2234524.2931474587,2117621.6745890877,2034129.3921259127
2025-03-05,1348195.312624665,2413118.150734691,2240430.551875354,2123997.78268134,2041145.9038501673
2025-03-06,1367791.8371755932,2417153.05328483,2243416.41067859,2130249.2907742276,2048339.4155753432
2025-03-07,1364228.8617284503,2402294.6558351694,2234741.9695571745,2122064.8988677515,2040282.8273014405
2025-03-10,1358528.086283237,2398310.0583857093,2232592.128511112,2117714.006961912,2035829.0390284595
2025-03-11,1362803.7108399535,2375994.8609364494,2221099.087540409,2106143.015056708,2024247.0507564
2025-03-12,1359240.7353985999,2377201.3634873903,2223614.8466450716,2109068.72315214,2026669.4624852617
2025-03-13,1352114.759959176,2376108.9660385316,2226397.405825105,2108367.9312482085,2025692.2742150456
2025-03-14,1388101.0845216822,2391368.168589873,2244216.4650805155,2123551.5393449133,2042049.585945751
2025-03-17,1383825.5090861188,2390217.171141416,2242914.6244113096,2122190.247442254,2040971.5976773787
2025-03-18,1387032.2336524855,2396192.0736931586,2248302.283817492,2129850.2555402317,2049234.2094099277
2025-03-19,1389170.0582207832,2391042.3762451014,2249749.2432990693,2129069.063638845,2048686.4211433993
2025-03-20,1377412.1827910112,2404315.0745972455,2255238.5927760475,2131911.7029580954,2050728.6883377926
2025-03-21,1353896.4073631703,2393959.8899664637,2245330.3463533707,2122125.6320111807,2040714.6950696215
2025-03-24,1359953.5319372602,2409886.9053368904,2255024.5999506214,2128639.8610665496,2046738.5018255555
2025-03-25,1360666.1565132814,2420919.120708524,2261869.5535678007,2131664.390124201,2049039.1086055948
2025-03-26,1354965.381091234,2418414.936081366,2261589.7072049105,2132114.9191841367,2049571.2154097436
2025-03-27,1359953.6056711178,2408517.2514554164,2258324.3608619524,2130212.448246356,2048319.6222380018
2025-03-28,1353183.9302529334,2399181.1668306743,2258228.7145389277,2127430.077310859,2046088.8290903724
2025-03-31,1344632.7548366806,2370199.182207141,2246464.568235839,2116164.9063776457,2036067.4359668568
2025-04-01,1343920.1794223597,2384397.9975848156,2256679.721952686,2124614.4354467173,2044165.8428674573
2025-04-02,1342851.304009971,2388215.812963699,2258175.775689472,2125483.0645180726,2044745.4497921756
2025-04-03,1335725.3285995147,2376495.328343791,2256803.929446198,2123286.493591713,2042959.2567410134
2025-04-07,1241662.1531909902,2264555.943725092,2172548.083222865,2049353.622667638,1970176.5637139727
2025-04-08,1254132.6777843987,2298827.759107601,2196109.137019475,2064765.7517458478,1984451.5707110555
2025-04-09,1266959.5023797397,2289109.774491319,2197675.49083603,2066560.8808263426,1987346.7777322636
2025-04-10,1289406.4269770135,2360250.889876246,2244250.244672531,2104885.9099091226,2023465.5847775992
2025-04-11,1293325.7515762204,2347896.705262382,2243450.19852898,2105325.5389941884,2025081.4918470636
2025-04-14,1296176.1761773604,2361404.9206497273,2254123.4524053778,2114241.8680815403,2033847.9989406592
2025-04-15,1297245.1007804335,2358431.3360382817,2253576.006301726,2113269.497171177,2033059.7060583879
2025-04-16,1300451.8253854401,2351447.1514280452,2260694.8602180276,2113816.2262631007,2034266.0132002512
2025-04-17,1301520.7499923806,2349238.1668190183,2262153.714154283,2114866.15535731,2035725.2203662512
2025-04-18,1305083.7746012544,2346741.499331201,2262183.609370494,2113520.379973806,2034424.5500363898
2025-04-21,1305796.3992120624,2337601.2048320947,2263198.1148328837,2115947.5866670073,2036756.57267014
2025-04-22,1306865.323824804,2339398.41033342,2276496.9202957028,2123446.3933685943,2044329.7953371026
2025-04-23,1308290.5484394804,2357802.7158351783,2262691.125758951,2116726.000078566,2036354.1180372809
2025-04-24,1308290.5730560909,2352558.2213373687,2264183.031222629,2115483.4067969234,2035604.0407706767
2025-04-25,1308290.5976746357,2373853.426839991,2272423.336686736,2120971.9135236666,2040265.0635372929
2025-04-28,1306152.8222951153,2375503.5323430463,2270083.342151272,2118962.220258798,2038261.1863371325
2025-04-29,1303658.7469175295,2373411.437846534,2270993.2476162384,2119721.027002317,2039314.5091701976
2025-04-30,1302589.871541879,2371529.243350454,2266867.253081634,2118972.3337542242,2038440.7320364912
2025-05-06,1315772.9961681636,2379751.048854807,2278185.9585474585,2128289.74051452,2046775.1549360151
2025-05-07,1324324.2207963832,2386101.854359592,2285972.564013713,2132132.3472832064,2050434.6778687732
2025-05-08,1332519.1454265383,2399921.15986481,2289763.2694803975,2135748.5540602827,2053526.3008347675
2025-05-09,1330737.6700586288,2401833.36537046,2290132.3749475107,2134649.16084575,2052554.7238340003
2025-05-12,1346771.1946926552,2418813.0708765434,2294020.1804150534,2137812.9676396092,2054716.9468664743
2025-05-13,1348196.4193286174,2425317.876383059,2296339.985883027,2137404.974441861,2054275.4699321922
2025-05-14,1366367.7439665156,2450671.0818900075,2309733.49135143,2145129.2812525057,2060774.8930311573
2025-05-15,1354253.56860635,2441258.8873973885,2293131.296820262,2134084.5880715437,2050253.4161633712
2025-05-16,1346414.9932481209,2439241.992905203,2294969.802289524,2133797.694898977,2050248.739328837
2025-05-19,1344277.217891828,2435788.19841345,2295890.407759215,2135151.8017348046,2051687.3625275572
2025-05-20,1351403.242537472,2446368.9039221294,2301744.513229337,2140042.208579028,2055882.7857595345
2025-05-21,1357104.0671850524,2444964.3304712423,2313890.762679889,2146377.991111648,2062142.0973847716
2025-05-22,1356391.4918345702,2438649.0670076213,2311420.6755189807,2143615.6536979033,2059131.8910597234
2025-05-23,1346058.8164860248,2431489.5037354757,2305577.7884376664,2140378.216359804,2055743.184812763
2025-05-26,1338576.5411394164,2430560.84065482,2301831.0014359527,2137681.1790973553,2053098.2786438973
2025-05-27,1331094.2657947459,2429491.17776567,2296678.8145138454,2135183.2419105642,2050842.2725531312
2025-05-28,1329669.0904520126,2436761.9150680397,2300633.92767135,2136557.604799434,2052365.566540471
2025-05-29,1338220.315111217,2447584.852561945,2303268.6409084746,2139437.2677639737,2055817.9606059243
2025-05-30,1335726.2397723596,2436580.8902474004,2302287.254225224,2137994.9308041874,2053698.4547494955
2025-06-03,1335013.6644354397,2440305.8281244216,2309730.367621604,2141665.1939200815,2057278.1489711914
2025-06-04,1341070.7891004581,2450102.2661930225,2315709.2810976226,2146587.6571116624,2062381.3432710185
2025-06-05,1344633.813767415,2447685.604453219,2314643.5946532846,2147815.420378935,2063568.937648982
2025-06-06,1345346.43843631,2447550.2429050263,2314966.6082885973,2148943.1837219065,2064600.7321050891
2025-06-09,1348553.163107144,2452216.681548459,2314176.0220035664,2151040.147140582,2066976.2266393453
2025-06-10,1340358.2877799165,2450899.1203835327,2313042.2357981983,2149840.0106349676,2065754.1212517568
2025-06-11,1351759.9124546282,2458281.9594102623,2319608.149672499,2154524.3742050696,2070583.31594233
2025-06-12,1352472.5371312785,2455509.598628662,2321423.0636264747,2154072.3378508934,2069879.610711071
2025-06-13,1343208.761809868,2444261.238038748,2318397.7776601324,2150251.401572446,2065565.0055579857
2025-06-16,1346771.7864903973,2451993.9776405348,2321778.4917734773,2153284.8653697316,2068845.0004830807
2025-06-17,1346415.5111728658,2454731.717434037,2320711.805966517,2153573.129242758,2069160.2954863615
2025-06-18,1347484.4358572743,2453885.557419271,2320934.1202392564,2152772.59319153,2068224.690567835
2025-06-19,1336439.1605436224,2445291.497596251,2312844.6345917024,2146206.9012160534,2062083.2266275065
2025-06-20,1338220.6852319106,2448947.937964992,2314462.2490238613,2147267.203919471,2062989.6513131289
2025-06-23,1342852.6099221385,2450492.6785255093,2317786.3635357395,2150562.7066231007,2065860.776000692
2025-06-24,1358886.1346143072,2470068.6192778177,2324841.678127343,2157404.7093269434,2072344.3006901948
2025-06-25,1382045.6593084163,2478754.6602219325,2333767.992798678,2164347.0120309982,2078573.2253816377
2025-06-26,1376701.1840044656,2481404.801357869,2335443.6075497507,2163900.914735266,2078398.450075021
2025-06-27,1368506.3087024558,2484178.942685642,2330723.422380568,2162841.8174397456,2077732.5747703451
2025-06-30,1375276.033402387,2489716.0842052666,2333325.7372911354,2164093.6201444385,2079021.2994676095
2025-07-01,1377413.8581042592,2490654.125916757,2339466.05228146,2167346.2228493434,2082014.524166815
2025-07-02,1378839.0828080727,2497310.2678201306,2344302.767351547,2169670.5255544614,2084259.1488679615
2025-07-03,1387034.0075138272,2500979.1099154,2349511.5825014035,2171393.4282597913,2085999.7735710489
2025-07-04,1393091.1322215234,2510120.552202582,2354344.097731035,2173290.930965334,2087887.498276078
2025-07-07,1386677.7569311615,2508830.8946816907,2351139.113040449,2171859.3336710893,2086494.722983048
2025-07-08,1398791.9816427412,2510864.837352741,2355009.0284296507,2175296.9363770573,2089518.64769196
2025-07-09,1397723.106356263,2509598.4802157492,2351270.5438986467,2172803.1390832383,2087094.7724028137
2025-07-10,1404849.1310717266,2517616.6232707296,2359874.459447443,2177342.2417896315,2091306.3971156091
2025-07-11,1409837.3557891326,2515327.866517697,2358333.1750760465,2177837.5444962378,2091671.7218303464
2025-07-14,1409481.080508481,2511886.6099566673,2360735.490784463,2177928.9472030564,2091592.9465470265
2025-07-15,1409481.105229772,2518478.053587654,2361809.3065726985,2179885.149910088,2093756.0712656486
2025-07-16,1406274.4299530059,2510919.5974106747,2355575.8224407607,2178476.652617332,2092153.9959862137
2025-07-17,1418032.3546781824,2518666.635145742,2359853.571048654,2182683.5842047893,2096771.7251487207
2025-07-18,1428721.3794053022,2528104.507294694,2366645.6692264373,2189137.188879352,2103389.2325376817
2025-07-21,1437628.9041343648,2531882.0794807496,2372480.767459087,2194676.593554282,2109184.439927223
2025-07-22,1453306.128865371,2541491.551703912,2383113.8657466075,2203219.3982295794,2117856.047317345
2025-07-23,1452593.5535983203,2541266.223964184,2386036.7640890027,2205531.9029052444,2120181.2547080484
2025-07-24,1461857.378333214,2545356.196261569,2382960.362486277,2208576.507581277,2124029.8620993323
2025-07-25,1454018.803070051,2544432.568596069,2380123.4609384346,2205619.6122576767,2120921.8694911967
2025-07-28,1457938.1278088319,2550435.340967687,2380913.75944548,2208637.9169344436,2124184.976883642
2025-07-29,1465420.452549557,2549712.413376427,2379212.6580074183,2207584.5216115788,2123465.5842766687
2025-07-30,1464351.5772922263,2550333.2858222905,2381157.5566242523,2206769.1262890813,2122238.7916702763
2025-07-31,1436916.5020368402,2547107.658305282,2372280.5552959875,2197301.130966951,2112230.599064464
2025-08-01,1429077.9267833983,2531610.930825403,2364062.854022627,2190951.5356451888,2105850.006459234
2025-08-04,1435847.6515319012,2525265.1033826564,2367122.952804177,2192122.3403237937,2107077.1138545847
2025-08-05,1446892.976282349,2546622.475977047,2380893.25164064,2204167.3450027667,2119138.8212505165
2025-08-06,1450812.3010347418,2544926.948608575,2382030.7505320213,2205814.849682107,2120918.6286470294
2025-08-07,1450456.0257890802,2550280.421277246,2386261.049478325,2208700.954361816,2123632.736044124
2025-08-08,1446893.0505453632,2551249.8939830605,2387516.948479555,2207654.5590418917,2122334.943441799
2025-08-11,1453662.7753035922,2556900.866726023,2385634.3475357164,2209642.763722336,2124931.550840056
2025-08-12,1462926.600063767,2559310.0395061374,2387486.3466468127,2212818.068403147,2128342.4582388946
2025-08-13,1475397.124825887,2568227.912323403,2393088.745812849,2222049.573084327,2138183.265638314
2025-08-14,1472903.0495899532,2563535.3372578262,2389612.340313829,2217477.687645874,2133492.4825983155
2025-08-15,1486798.7743559652,2569956.9188430114,2392841.183158784,2223229.4290748844,2140076.187987875
2025-08-18,1498200.3991239239,2564591.300489618,2390774.626132843,2223107.9705071505,2140461.8933778577
2025-08-19,1490361.8238938288,2559267.78219765,2385967.669236015,2219082.3119426733,2136304.898768265
2025-08-20,1511383.54866568,2560676.6639671116,2389471.3124683094,2222447.6533814515,2140018.204159095
2025-08-21,1516371.7734394784,2565355.0457980097,2394368.555829738,2223435.6948234867,2140834.209550349
2025-08-22,1552358.0982152233,2568675.2276903475,2399189.9993203096,2229835.936268778,2147943.3149420265
2025-08-25,1582999.9229929151,2590231.8096441305,2416925.3429400343,2248273.9777173265,2167054.6203341275
2025-08-26,1574448.7477725544,2583206.191659363,2412925.8866889235,2244434.0191691327,2163067.3257266525
2025-08-27,1550932.9725541407,2576771.8737360495,2404160.930566986,2235770.7606241954,2154165.4311196012
2025-08-28,1580862.1973376747,2579130.4558741967,2409298.3745742333,2239968.102082517,2159103.236512974
2025-08-29,1595826.822123156,2581306.7380738077,2412135.7187106744,2243520.2435440957,2162883.9419067698
2025-09-01,1601171.3469105854,2575322.3203348876,2416792.56297632,2248515.585008933,2167466.04730099
2025-09-02,1591907.5716999623,2575720.3026574412,2417822.5073711798,2245460.926477029,2163703.1526956344
2025-09-03,1577299.2964912876,2567231.085041474,2415217.051895265,2239506.7679483835,2156908.758090703
2025-09-04,1544163.4212845613,2564972.667486991,2410730.196548584,2232286.5094229975,2148822.8634861945
2025-09-05,1579080.846079783,2578273.349993995,2421121.641331149,2246410.0509008695,2164429.8688821103
2025-09-08,1579437.1708769535,2576161.9325624933,2423799.8862429685,2249665.3923820024,2167638.3742784513
2025-09-09,1569817.0956760724,2575395.9151924895,2427924.0312840533,2251382.9338663947,2168743.979675215
2025-09-10,1573380.1204771404,2579486.3978839885,2429095.2764544133,2254139.575354047,2171725.5850724033
2025-09-11,1616848.745280157,2591396.8483169954,2439244.9538740595,2262444.327844959,2180364.2365100156
2025-09-12,1602953.0700851234,2589862.547050284,2437620.0297873793,2263818.073496479,2181808.3484021253
2025-09-15,1605803.4948920386,2593211.6458463417,2437753.6057538157,2264854.719159445,2182742.9603030276
2025-09-16,1602596.8197009033,2595772.8447051723,2443207.781773373,2270658.5648338576,2188766.572212724
2025-09-17,1614354.7445117177,2598634.443626781,2444100.957846055,2274732.610519718,2192814.284131215
2025-09-18,1593333.069324482,2591313.0426111734,2429946.933971866,2264791.956217027,2182784.8960585007
2025-09-19,1596896.094139196,2596742.141658353,2435110.8101508105,2267275.6019257857,2185111.0079945824
2025-09-22,1602240.6189558601,2603072.640768327,2444598.986382893,2274511.247645995,2192723.3199394606
2025-09-23,1603309.5437744742,2614591.6399410977,2455311.362668116,2279627.793377656,2197490.331893136
2025-09-24,1617917.868595039,2613304.639176672,2458538.939006486,2284553.939120769,2203090.243855609
2025-09-25,1629319.4934175543,2610822.438475054,2455602.6153980047,2282217.2848753347,2200978.355826881
2025-09-26,1613642.31824202,2607189.3378362493,2453145.7918426786,2278628.030641355,2197064.667806952
2025-09-29,1641077.443068437,2620388.037260262,2466806.468340511,2290036.376418831,2208880.879795823
2025-09-30,1645709.3678968046,2625106.236747097,2473388.144891505,2297082.622207762,2216095.991793494
2025-10-09,1672431.8927271233,2650358.53629676,2508327.9214956667,2321123.56800815,2240577.003799967
2025-10-10,1637870.8175593936,2649090.335909256,2499658.398152999,2312892.1138199954,2231222.1158152423
2025-10-13,1628250.742393615,2634363.1355845886,2503990.174863506,2308983.6596433,2228035.82783932
2025-10-14,1611504.6672297884,2628992.3353227642,2508989.7516271924,2305895.005478064,2224379.5398722007
2025-10-15,1633238.9920679133,2642417.135123787,2527795.2284440626,2321356.1513242885,2240363.8519138857
2025-10-16,1638583.51690799,2650075.9349876624,2536671.00531412,2325286.097181974,2243889.8639643756
2025-10-17,1604022.4417500189,2630272.8725943947,2537666.9088773695,2317949.8429511213,2237530.982503671
2025-10-20,1609723.2665940002,2655806.175817453,2539675.165797063,2328510.540414881,2248177.685572983
2025-10-21,1634664.2914399332,2665019.079095774,2555524.722815532,2339667.037894157,2259540.0886661126
2025-10-22,1629319.8162878195,2670616.482429362,2542307.6799327834,2333975.5353889526,2253566.29178306
2025-10-23,1635733.241137658,2675804.7858182215,2542538.4371488253,2336308.732899269,2255570.894923828
2025-10-24,1656042.3659894494,2683871.4892623564,2545843.594463665,2340910.730425106,2260167.098088418
2025-10-27,1675995.190843194,2712316.0927617718,2561331.0518773114,2357237.8279664656,2276989.101276833
2025-10-28,1667444.0156988916,2713813.2963164714,2549042.509389771,2352425.725523349,2271653.3044890733
2025-10-29,1688822.0405565423,2734483.39992646,2564631.367001053,2367296.823095757,2287076.9077251414
2025-10-30,1674926.3654161466,2729402.703591742,2561394.0247111632,2362641.8206836917,2282562.6109850397
2025-10-31,1651054.2902777044,2718585.107312321,2556722.782520111,2357194.118287154,2277376.6142687695
2025-11-03,1653548.415141216,2727367.1110882023,2563586.040427904,2362433.615906145,2282706.917576333
2025-11-04,1641434.2400066815,2708967.9149193894,2552710.1984345494,2349899.6135406652,2269437.3209077315
2025-11-05,1643572.0648741012,2699801.3188058874,2547817.156540055,2344835.911190717,2263883.024262968
2025-11-06,1668513.089743475,2714192.6227477,2559653.4147444293,2355883.208856301,2274972.827642043
2025-11-07,1664950.1146148029,2707847.826744832,2558065.2730476786,2352616.6065374184,2271628.4310449595
2025-11-10,1669225.7394880857,2725042.1307972874,2574041.031449812,2365630.004234071,2285204.8344717184
2025-11-11,1653548.564363323,2722957.334905071,2575877.989950837,2366189.701946259,2286207.637922323
2025-11-12,1654261.1892405152,2734352.039068186,2581066.448550761,2372693.3996739844,2292813.241396773
2025-11-13,1671007.3141196622,2742849.2432866385,2592744.807249592,2380950.197417248,2301416.544895072
2025-11-14,1645710.0390007645,2716375.887160432,2573129.465567338,2362733.9241760517,2282559.847337222
2025-11-17,1634664.763883822,2709381.9503462687,2558446.1132708276,2355608.485722372,2275679.5943752746
2025-11-18,1625044.6887688346,2678003.8135763626,2535539.5611038017,2337471.6473128204,2256572.041495609
2025-11-19,1630032.9136558033,2672537.176850718,2541878.709066272,2336431.808947402,2254769.8886982314
2025-11-20,1622550.6385447276,2695707.3401693385,2549878.357158246,2344117.9706261195,2263593.735983148
2025-11-21,1582645.0634356078,2657306.9035322275,2521235.705379735,2321209.1323489766,2239831.583350366
2025-11-24,1580150.988328444,2660821.166939388,2522204.35373075,2324621.894115976,2243710.530799891
2025-11-25,1594403.0132232367,2677657.0303908237,2539176.2022113004,2335393.8559271223,2254703.9783317293
2025-11-26,1604735.7381199854,2690566.693886539,2544866.450821397,2339941.217782419,2260041.8259458877
2025-11-27,1603310.5630186906,2687892.4574265354,2543610.1995610488,2338266.579681868,2258202.0736423736
2025-11-28,1607942.4879193523,2698382.421010819,2551685.248430267,2344343.941625475,2264582.6214211923
2025-12-01,1626470.112821971,2703209.8846393907,2561199.2974290615,2349389.103613242,2269302.3692823504
2025-12-02,1618987.8377265471,2702475.8483122555,2558005.7465574425,2347613.6656451724,2267680.5172258546
2025-12-03,1611505.56263308,2706638.5120294164,2557924.89581542,2346356.62772127,2266677.465251712
2025-12-04,1615781.1875415698,2703610.775790877,2554332.845203005,2344886.389841539,2265329.313359928
2025-12-05,1630389.5124520175,2705409.2395966407,2560083.094720206,2349833.9520059815,2270028.76155051
2025-12-08,1642503.7373644225,2702677.7034467114,2558105.344367035,2347275.314214601,2267270.409823463
2025-12-09,1633952.5622787855,2688613.1673410917,2546533.094143501,2337767.0764674027,2257310.658178795
2025-12-10,1631814.7871951063,2693906.031279786,2550127.844049615,2340725.2387643894,2260563.206616512
2025-12-11,1619700.6121133852,2682107.595262797,2543241.4940853864,2335317.201105563,2254773.2551366207
2025-12-12,1628964.437033622,2686591.341210129,2550385.8925708258,2341710.550950929,2260936.1935391263
2025-12-15,1619344.3619558176,2682274.4508530945,2553917.0800352823,2339358.8376399213,2258794.089160699
2025-12-16,1602598.2868799714,2663627.060528252,2536526.5675066123,2325690.6244536033,2246469.7848840877
2025-12-17,1630746.0118060838,2679625.770235603,2550889.2549848165,2336670.4113919847,2256587.6807093006
2025-12-18,1619700.7367341553,2675942.9799751523,2550527.842469895,2335640.9984550755,2255474.176636346
2025-12-19,1626826.761664186,2690250.4897469,2558162.1299618483,2343256.785642886,2262554.7726652315
2025-12-22,1641791.3865961754,2698272.8995508496,2570919.7174606775,2349315.7729554255,2268443.4687959654
2025-12-23,1645354.411530124,2697519.109387004,2577333.004966382,2352274.3603927037,2271506.965028556
2025-12-24,1651411.5364660323,2700154.9192553647,2579512.5924789635,2355033.147954731,2273835.261363011
2025-12-25,1654618.2614038999,2701663.9291559355,2577765.0799984224,2355562.235641516,2274039.8577993377
2025-12-26,1661031.6863437272,2705987.739088718,2585285.4675247595,2360768.02345307,2278813.1543375454
2025-12-29,1653549.411285515,2697519.4490537154,2575954.1550579737,2353837.6113894014,2272234.3509776415
2025-12-30,1657112.4362292625,2696869.6590509294,2567662.542598068,2353066.3994505215,2271049.6477196338
2025-12-31,1649986.46117497,2691207.669080363,2561204.830145041,2348494.2876364384,2266886.64456353
2026-01-05,1682409.786122638,2709239.979142019,2581095.0176988933,2363956.9759471635,2280904.541509339
2026-01-06,1709132.3110722667,2718901.0892358995,2594270.505259627,2373932.8643827057,2289433.9385570684
2026-01-07,1702718.9360238556,2717013.5993620073,2590730.3928272408,2371198.5529430746,2286727.4357067263
2026-01-08,1689179.5609774056,2707785.609520345,2584219.180401737,2367050.641628281,2283132.4329583207
2026-01-09,1697018.1859329166,2712545.419710915,2591612.2679831143,2373967.2304383344,2289256.4303118596
2026-01-12,1706994.610890389,2712713.6299337195,2600757.7555713747,2382342.8193732435,2296900.2277673506
2026-01-13,1700937.5358498222,2716261.9813887617,2602408.4615665176,2382835.149873019,2296637.5557248024
2026-01-14,1690248.5608112172,2707810.8226108984,2600695.1486695376,2382557.7542135045,2296356.7561771157
2026-01-15,1693455.2857745735,2704686.8639541515,2596898.735936573,2379461.5585700483,2293347.7566294647
2026-01-16,1687754.5107398916,2702972.2054185313,2593750.0233676354,2377174.062942651,2291103.857081849
2026-01-19,1688467.1357071719,2699327.347004047,2599021.710962738,2378383.1673313146,2292818.0575342686
2026-01-20,1683478.960676414,2700112.8887107084,2604560.7987218946,2380637.37173604,2295210.8579867245
2026-01-21,1685616.7856476184,2697280.5305385245,2614153.786645118,2384140.1761568286,2299179.6584392153
2026-01-22,1684547.9106207849,2710380.6724875052,2620047.3747324203,2389404.780593681,2304242.558891742
2026-01-23,1676353.0355959139,2701456.2145576593,2625507.062983815,2394380.7850466,2309793.3593443045
2026-01-26,1679203.4605730057,2701329.256748997,2640282.5513993152,2396744.589515585,2312315.4597969023
2026-01-27,1678490.8855520606,2702424.399061528,2639587.139978933,2398494.6940006386,2313853.260249535
2026-01-28,1683835.410533078,2714498.641495262,2663086.1287226817,2413766.6985017615,2329045.160702204
2026-01-29,1699156.3355160588,2719105.0840502074,2694459.217630574,2424684.403018955,2340358.361154909
2026-01-30,1678847.2605010031,2711462.7267263746,2651242.4067026237,2404114.9075522213,2319151.761607649
2026-02-02,1639297.9854879105,2666389.069523773,2574967.1959388424,2359518.6121015605,2273728.162060424
2026-02-03,1662101.2104767817,2682855.112442412,2606539.885339244,2377690.6166669736,2292611.9625132354
2026-02-04,1677422.1354676166,2695678.855482301,2638421.374903841,2392993.821248463,2308559.562966082
2026-02-05,1667445.7604604156,2688190.6986434497,2619360.9646326452,2382906.925846029,2297936.6634189645
2026-02-06,1656756.7854551782,2671929.141925868,2603226.2545256717,2374440.730459674,2289561.2638718826
2026-02-09,1684548.2104519054,2698246.885329565,2634953.044582932,2394899.4350893977,2310147.6643248363
2026-02-10,1686686.0354505966,2701409.68493455,2635534.0706844395,2395821.193375203,2310985.998977825
2026-02-11,1683123.0604512526,2704046.037356642,2641671.4367838213,2398870.5544626485,2314177.865953707
2026-02-12,1684548.2854538732,2702351.3898850144,2639621.002935548,2398098.215602045,2313650.9329584274
2026-02-13,1664595.5104584587,2689990.242519675,2623344.0691396245,2387903.6767933974,2303661.5999919893
2026-02-24,1680629.035465009,2699737.095260632,2647298.235396054,2395595.4380367096,2311768.967054394
2026-02-25,1692743.2604735247,2702183.8481078944,2650050.101704842,2397994.9993319856,2314156.0341456444
2026-02-26,1687398.7854840055,2701866.00106147,2647133.7680659913,2393824.660679229,2310215.3012657426
2026-02-27,1683835.8104964516,2704123.1541213677,2651266.734479507,2397821.022078445,2314446.9684146913
2026-03-02,1688824.0355108636,2706835.8072875952,2676044.0009453925,2401238.183529637,2318965.335592492
2026-03-03,1667089.7605272413,2707826.9605601616,2672231.3674636525,2394629.445032809,2312771.402799147
2026-03-04,1642861.3855455848,2684774.3139390745,2644223.13403429,2380208.9065879644,2298926.67003466
2026-03-05,1658538.6105658945,2698532.867424343,2651140.5006573107,2385727.868195109,2303655.137299031
2026-03-06,1663170.5355881702,2697523.4210159746,2647554.467332718,2388395.929854246,2306061.504592264
2026-03-09,1649631.1606124125,2676897.3747139783,2636565.9340605154,2377148.2915653787,2296160.771914361
2026-03-10,1668871.3856386212,2686355.228518362,2644222.800840708,2385060.0533285122,2303164.639265324
2026-03-11,1678847.8106667968,2695408.2824291345,2653186.267673299,2388776.7151436503,2306918.0066451547
2026-03-12,1672790.735696939,2701847.7364463042,2658673.7345582936,2391109.0770107973,2309522.8740538564
2026-03-13,1666733.660729048,2689406.690569879,2645859.8014956946,2383653.8389299572,2302454.7414914304
2026-03-16,1667802.5857631247,2685562.7447998677,2636782.1684855074,2382075.3009011336,2300458.4089578795
2026-03-17,1655688.4107991685,2678697.2991362787,2629372.6355277356,2376074.1629243316,2294460.3764532064
2026-03-18,1661389.2358371795,2684225.11917912,2631322.041282383,2379980.373579554,2297935.7784574125
2026-03-19,1638942.3608771586,2670531.0148302508,2605074.2413307168,2366156.1806186885,2285561.7389731673
2026-03-20,1630747.4859191047,2661150.6105360487,2590328.7414969318,2356129.487658377,2276571.59969014
2026-03-23,1578727.7109630194,2608554.706296519,2519295.2417810373,2317751.894698617,2241552.9606083464
2026-03-24,1596186.4360089018,2632244.402111666,2548131.242183042,2335103.7017394113,2257219.4217278026
2026-03-25,1619345.9610567526,2644398.997981493,2568814.542702956,2346795.408780759,2267794.5830485243
2026-03-26,1599393.186106572,2638517.293906005,2557475.843340789,2339625.41582266,2261484.3445705273
2026-03-27,1606519.2111583594,2637188.6898852065,2559533.6440965487,2342669.822865114,2264257.5062938267
2026-03-30,1603668.8362121158,2628775.085919101,2563310.7449702458,2339130.6299081217,2261676.76821844
2026-03-31,1590485.7612678413,2616837.382007694,2554810.345961889,2331908.9369516824,2254913.0303443815
2026-04-01,1615783.0863255353,2651315.078150988,2585627.347071487,2352342.843995797,2272946.692671667
2026-04-02,1599749.6113851988,2637148.674348989,2567354.34829905,2340807.6510404656,2262749.655200314
2026-04-03,1587279.1364468315,2631825.4706017016,2564374.049644586,2338503.2580856876,2260375.017930336
2026-04-07,1584428.7615104334,2632878.766909128,2565548.151108106,2339425.0651314626,2261242.1808617506
2026-04-08,1640011.5865760054,2682797.9632712738,2606335.952689619,2371554.072177792,2289901.7439945727
2026-04-09,1629322.6116435472,2669607.5596881434,2590216.6543891323,2363129.779224675,2282227.307328819
2026-04-10,1654263.6367130587,2680535.8561597406,2601191.8562066574,2369806.086272112,2288401.870864504
2026-04-13,1657826.6617845402,2677508.4526860705,2598776.458142203,2367427.093320102,2286455.734601645
2026-04-14,1679204.6868579919,2694511.0492671365,2612901.3601957774,2378536.3003686466,2296446.9985402566
2026-04-15,1672791.311933414,2709087.1459029433,2622780.562367391,2386179.507417745,2303306.9626803556
2026-04-16,1691318.937010807,2729240.2725934954,2636531.1156570525,2399950.581367397,2315844.773501957
2026-04-17,1688824.8620901704,2721953.308717423,2628806.094580401,2396957.8788014185,2313055.68850174
2026-04-20,1698088.6871715048,2724325.0449306336,2631665.173612113,2400207.3762666723,2316027.503502702
2026-04-21,1702008.01225481,2732459.3812331334,2637345.6527521955,2403320.77376316,2318960.3185048425
2026-04-22,1714478.5373400867,2738116.717624929,2641927.532000658,2405974.971290886,2321776.8335081623
2026-04-23,1710915.5624273345,2741531.7541060275,2640511.2113575083,2404259.4688498517,2320297.548512661
2026-04-24,1704145.887516554,2738658.2906764373,2634923.1908227555,2403178.266440059,2319260.2635183386
2026-04-27,1704145.9126077448,2747830.3273361633,2641064.570396408,2404776.3640615116,2321136.9785251957
2026-04-28,1699870.3377009074,2761950.964085215,2644292.850078474,2406951.2617142107,2323595.393533232
2026-04-29,1718041.662796042,2770156.400923597,2648261.829868962,2414277.159398159,2330529.008542448
2026-04-30,1719110.587893149,2770214.337851318,2649556.3097678814,2413352.65711336,2329751.223552843
2026-05-06,1741913.812992228,2792277.5748683843,2667023.78977524,2425280.354859815,2341592.738564418
2026-05-07,1750465.0380932793,2800043.3119748025,2672355.669891046,2431395.5526375268,2347857.9535771725
2026-05-08,1741201.2631963035,2799603.249170581,2669586.350115308,2430830.3504464985,2347459.868591107
2026-05-11,1769705.2883013003,2817554.7864557253,2677619.1304480354,2438187.848286731,2355086.483606221
2026-05-12,1768636.41340827,2808507.5238302434,2674234.410889236,2434981.546158229,2351771.698622515
2026-05-13,1787876.6385172126,2816238.9612941416,2679513.191438919,2439584.944060993,2356479.013639989
2026-05-14,1760797.8636281285,2809982.198847427,2671783.772097091,2433356.041995026,2350590.4286586437
2026-05-15,1738350.9887410176,2802464.836490108,2656370.3528637635,2424793.3399603306,2342640.343678478
2026-05-18,1729087.2138558803,2785570.5742221903,2645416.9337389427,2417696.4379569106,2335567.858699493
2026-05-19,1735144.3389727166,2784617.233643681,2646508.354922638,2420653.429004765,2338293.765121688
2026-05-20,1735856.9640915268,2784971.8115120213,2640352.9159010104,2419863.6366376425,2337387.006398956
2026-05-21,1713410.0892123107,2786167.8896222357,2638607.776884175,2413062.3442711197,2331245.647687326
2026-05-22,1732650.3143350692,2803354.367974343,2648561.4378721323,2421854.8519051964,2340470.388986799
2026-05-25,1759372.8394598016,2841130.146568362,2673523.9988648817,2435760.959539873,2355091.8302973765
2026-05-26,1771843.3645865084,2832328.2254043133,2668710.859862425,2434113.5671751504,2352927.4716190584
2026-05-27,1757591.38971519,2837286.3044822137,2664154.2208647607,2430480.374811027,2349442.2129518464
2026-05-28,1757591.4148458461,2833363.583802084,2653973.6818718906,2427768.682447504,2346336.354295741
2026-05-29,1754384.7399784771,2855546.6633639415,2677616.6428838153,2435671.890084581,2354652.6956507424
2026-06-01,1734788.2651130834,2894282.643167807,2697918.7039005347,2449049.197722258,2368041.837016853
2026-06-02,1759016.6902496647,2893078.2232136982,2702913.7649220484,2453578.3053605356,2372333.278394073
2026-06-03,1769349.4153882214,2886933.003501635,2696870.3259483576,2450178.612999413,2368552.9197824025
2026-06-04,1755453.7405287537,2866019.1840316365,2685983.4869794627,2442380.8206388913,2360398.761181843
2026-06-05,1725880.8656712614,2851436.6648037205,2673573.348015364,2435029.6282789693,2352789.0025923955
2026-06-08,1688825.6908157452,2811991.645817907,2636693.2090560617,2413564.6359196478,2330300.044014061
2026-06-09,1719823.8159622047,2841192.927074215,2655336.0701015564,2425525.143560927,2343134.38544684
2026-06-10,1704859.2411106408,2815262.808572663,2628016.1311518485,2412517.851202807,2329445.926890733
2026-06-11,1693101.366261053,2805636.9903132706,2611983.192206938,2404491.458845287,2321119.268345742
2026-06-12,1716973.4914134413,2826429.772296056,2633810.2532668253,2417097.366488368,2333910.009811867
2026-06-15,1752959.8165678065,2858234.2545210402,2660965.5143315108,2432545.6741320486,2350882.6512891096
2026-06-16,1749753.1417241485,2857737.93390824,2658395.8256009957,2429888.2592363306,2348617.4287974695
2026-06-17,1766855.5668824674,2855844.937893761,2657877.2407522006,2429094.917189522,2347861.200348522
2026-06-18,1776119.392042763,2845726.941989614,2648598.855928171,2422247.8751472677,2341308.3721252354
2026-06-22,1814243.5172050362,2855780.8461958086,2651128.17112891,2428256.5331095676,2347359.844127627
2026-06-23,1761154.8423692868,2815240.650512352,2616190.986354419,2406817.191076423,2326255.316355715
2026-06-24,1770062.3675355145,2815899.354939254,2613378.2016046997,2408370.9490478337,2327738.3888095166
2026-06-25,1798922.6927037204,2820503.0594765223,2606334.816879755,2404308.3070237995,2324476.56148905
2026-06-26,1748684.417873904,2786879.0641241665,2586288.8321795855,2389109.0650043217,2309126.5343943327
2026-06-29,1767212.0430460656,2797808.0688821943,2597828.1475041937,2398830.6229894003,2318328.107525382
2026-06-30,1788590.0682202051,2800817.7737506153,2595013.3628535825,2397918.0809790357,2317754.680882217
2026-07-01,1781107.7933963235,2806280.6787294378,2594190.7782277525,2399139.838973228,2319165.1544648544
2026-07-02,1728375.4185744196,2787164.5838186704,2590048.693626706,2393505.996971978,2313016.028273312
2026-07-03,1737639.243754495,2798507.2890183222,2607149.009050445,2402148.1549752858,2321233.6023076074
2026-07-06,1737995.5689365484,2809756.994328401,2614818.5244989726,2407777.312983151,2326817.3765677586
2026-07-07,1719824.2941205814,2801876.3997489163,2604637.5399722885,2401494.0709955757,2320785.9510537838
2026-07-08,1709847.9193065932,2795219.105279877,2602375.7554703965,2406746.0290125594,2325078.4257657
2026-07-09,1751891.3444945845,2806447.81092129,2608135.2709932975,2410499.887034102,2329094.5007035253
2026-07-10,1720893.2696845548,2803324.416673166,2603131.0865409942,2409030.345060204,2327581.0758672776
2026-07-13,1690607.794876505,2796865.0225355127,2592270.7021134878,2400068.7030908666,2319179.2512569744
2026-07-14,1723743.7200704347,2817851.8285083394,2608532.317710781,2411976.761126089,2330951.026872633
2026-07-15,1724100.0452663444,2831749.2124316543,2617809.0601328756,2415968.101045872,2334538.3079542727
2026-07-16,1693814.570464234,2817086.631565419,2604625.311052785,2410113.5263974564,2329523.7781698816
2026-07-17,1635381.395664104,2777798.1507321224,2576503.8619766957,2387317.3517510337,2308846.1483988683
2026-07-20,1657115.7208659542,2794411.6699317647,2593717.412904609,2397104.1771066026,2318169.918641231
2026-07-21,1705928.8460697846,2812670.2891643504,2612486.163836524,2409097.7024641642,2329132.4888969734
2026-07-22,1698090.271275596,2817209.8084298815,2621048.5147724412,2409973.927823719,2329958.1591660944
2026-07-23,1705928.8964833878,2822806.52772836,2626122.165712361,2413722.253185266,2333499.529448596
2026-07-24,1675287.1216931609,2799683.7470597895,2600381.916656285,2399081.8785488065,2319896.1997444797
2026-07-27,1693814.7469049154,2810138.2664241726,2613132.267604212,2408671.40391434,2328890.770053746
2026-07-28,1648920.9721186506,2783582.5858215103,2590845.6185561423,2396155.9292818666,2317628.0403763955
2026-07-29,1659609.9973343676,2797220.3052518074,2600602.369512077,2406006.6546513876,2326801.9107124307
2026-07-30,1641082.4225520662,2786473.0247150646,2594469.220472016,2400407.0800229013,2321887.481061851
2026-07-31,1658184.8477717459,2809002.4442112856,2610204.7714359597,2409611.405396409,2330029.6514246585
2026-08-03,1638944.6729934083,2808488.2637404725,2605755.922403908,2408851.930771911,2329341.221800854
2026-08-04,1657472.298217052,2827420.183302629,2613523.573375862,2415457.056149407,2334954.9921904383
2026-08-05,1679919.2234426786,2860486.302897756,2641487.5243518217,2432665.381528897,2350756.3625934124
2026-08-06,1678137.748670287,2867246.422525857,2655149.8753317874,2436313.5069103814,2354228.0330097782
2026-08-07,1693102.3738998782,2875702.5421869345,2665113.226315759,2442986.2322938615,2360429.5034395363
2026-08-10,1695952.799131452,2880641.961880991,2675167.977303738,2448191.957679335,2365433.073882687
2026-08-11,1684907.5243650083,2870961.7816080283,2668807.528295723,2444091.383066804,2361807.6443392322
2026-08-12,1692033.5496005483,2871231.6822480513,2673655.693991715,2444079.159896268,2361806.994049173
2026-08-13,1685263.8748380707,2867980.9684425113,2666958.0461827326,2441378.801958975,2359289.0229758224
2026-08-14,1684195.0000775768,2889005.054690895,2673907.7984328605,2446166.244032846,2364521.151904745
2026-08-17,1710917.5253190664,2894307.1409932086,2685530.650742104,2453722.686117881,2371321.6808359413
2026-08-18,1705929.3505625392,2882163.727349454,2682219.4031104674,2450507.528214082,2367880.709769411
2026-08-19,1658541.4758079962,2857904.813759638,2662038.3555379556,2437510.57032145,2355681.238705154
2026-08-20,1658185.2010554369,2867973.0002237633,2679615.4080245737,2446680.712439985,2364854.6676431717
2026-08-21,1667805.3263048618,2867553.486741834,2687826.0605703257,2449599.0545696886,2367555.396583463
2026-08-24,1648921.4515562707,2864541.6733138543,2695592.7131752167,2448734.9967105617,2366985.2255260283
2026-08-25,1645002.176809664,2868687.7599398294,2693820.565839251,2448836.2388626044,2367195.5544708683
2026-08-26,1657829.0020650423,2878886.846619763,2700865.218562433,2453403.781025819,2371781.783417983
2026-08-27,1671724.7273224047,2888613.833353659,2704363.1713447683,2455611.423200205,2373731.3123673727
2026-08-28,1667449.1525817525,2891635.3201415227,2706939.3241862603,2456340.8653857633,2374640.841319037
2026-08-31,1669586.9778430844,2892040.8069833564,2693802.077086915,2452072.4075824963,2370585.470272977
2026-09-01,1669230.7031064024,2894146.093879167,2693818.5300467354,2451730.8497904027,2370313.8992291917
2026-09-02,1646427.5283717052,2862360.4808289553,2663302.983065728,2435788.292009485,2354402.1281876825
2026-09-03,1646783.8536389938,2866763.1678327285,2675260.9361438965,2440295.2342397436,2358780.8571484485
2026-09-04,1645002.3789082677,2877470.2548904903,2682790.589281245,2445982.5764811793,2364803.3861114914
2026-09-07,1651415.8041795278,2874459.042002244,2672865.8424777794,2441798.218733793,2360377.8150768094
2026-09-08,1647852.8294527733,2878550.4291679943,2678803.0957335033,2442911.5609975858,2361545.7440444035
2026-09-09,1652484.7547280053,2886600.567587746,2685818.249528422,2444752.906832558,2363556.1986942748
2026-09-10,1645358.7800052236,2877643.0497292224,2681104.367457462,2440723.8199882144,2359717.7585280854
2026-09-11,1631819.405284428,2861307.9320736164,2662235.9854822126,2431034.3331449046,2350479.1183744567
